-- Предложения по существующей структуре
-- Можно вынести в отдельную таблицу столбцы "city" и "country" из таблицы profiles:

-- CREATE TABLE profiles (
	-- user_id INT UNSIGNED PRIMARY KEY,
	-- birtday DATE, 
	-- gender CHAR(1) NOT NULL, 
	-- city_id INT UNSIGNED NOT NULL COMMENT "Ссылка на город проживания",
	-- country_id INT UNSIGNED NOT NULL COMMENT "Ссылка на страну проживания",
	-- create_at DATETIME DEFAULT CURRENT_TIMESTAMP,
	-- update_at DATETIME DEFAULT CURRENT_TIMESTAMP ON UPDATE CURRENT_TIMESTAMP
	-- );

-- CREATE TABLE residence (
  -- id INT UNSIGNED NOT NULL AUTO_INCREMENT PRIMARY KEY COMMENT "Идентификатор строки",
  -- city VARCHAR(150) NOT NULL UNIQUE COMMENT "Город проживания",
  -- country VARCHAR(150) NOT NULL UNIQUE COMMENT "Страна проживания",
  -- created_at DATETIME DEFAULT CURRENT_TIMESTAMP COMMENT "Время создания строки",  
  -- updated_at DATETIME DEFAULT CURRENT_TIMESTAMP ON UPDATE CURRENT_TIMESTAMP COMMENT "Время обновления строки"  
-- ) COMMENT "Таблица городов и стран";


-- Так же можно вынести в отдельную таблицу столбец "body" таблицы "messages", 
-- в последствие с ним, наверное, будет удобнее работать.

-- CREATE TABLE messages (
  -- id INT UNSIGNED NOT NULL AUTO_INCREMENT PRIMARY KEY COMMENT "Идентификатор строки", 
  -- from_user_id INT UNSIGNED NOT NULL COMMENT "Ссылка на отправителя сообщения",
  -- to_user_id INT UNSIGNED NOT NULL COMMENT "Ссылка на получателя сообщения",
  -- body_id INT UNSIGNED NOT NULL COMMENT "Ссылка на сообщение",
  -- is_important BOOLEAN COMMENT "Признак важности",
  -- is_delivered BOOLEAN COMMENT "Признак доставки",
  -- created_at DATETIME DEFAULT NOW() COMMENT "Время создания строки",
  -- updated_at DATETIME DEFAULT CURRENT_TIMESTAMP ON UPDATE CURRENT_TIMESTAMP COMMENT "Время обновления строки"
-- ) COMMENT "Сообщения";

-- CREATE TABLE message (
  -- id INT UNSIGNED NOT NULL AUTO_INCREMENT PRIMARY KEY COMMENT "Идентификатор строки",
  -- body TEXT NOT NULL COMMENT "Текст сообщения",
  -- created_at DATETIME DEFAULT CURRENT_TIMESTAMP COMMENT "Время создания строки",  
  -- updated_at DATETIME DEFAULT CURRENT_TIMESTAMP ON UPDATE CURRENT_TIMESTAMP COMMENT "Время обновления строки"  
-- ) COMMENT "Сообщения";
-- Получилось 2 файла дампа. Когда загрузил в FillDB все таблицы не заполнялась таблица media, хотя выдавала сообщение, 
-- что все ОК. Решилось отдельной загрузкой отдельной таблицы.

#
# TABLE STRUCTURE FOR: communities
#

DROP TABLE IF EXISTS `communities`;

CREATE TABLE `communities` (
  `id` int(10) unsigned NOT NULL AUTO_INCREMENT,
  `name` varchar(150) COLLATE utf8mb4_unicode_ci NOT NULL,
  `created_at` datetime DEFAULT current_timestamp(),
  `updated_at` datetime DEFAULT current_timestamp() ON UPDATE current_timestamp(),
  PRIMARY KEY (`id`),
  UNIQUE KEY `name` (`name`)
) ENGINE=InnoDB AUTO_INCREMENT=201 DEFAULT CHARSET=utf8mb4 COLLATE=utf8mb4_unicode_ci;

INSERT INTO `communities` (`id`, `name`, `created_at`, `updated_at`) VALUES (1, 'Est ut iusto.', '2014-02-10 19:00:59', '2016-08-06 10:55:06');
INSERT INTO `communities` (`id`, `name`, `created_at`, `updated_at`) VALUES (2, 'Non rerum quasi.', '2020-02-09 17:07:35', '2017-08-17 11:00:07');
INSERT INTO `communities` (`id`, `name`, `created_at`, `updated_at`) VALUES (3, 'Vitae porro.', '2015-12-02 21:19:43', '2013-01-04 06:27:58');
INSERT INTO `communities` (`id`, `name`, `created_at`, `updated_at`) VALUES (4, 'Temporibus consequatur quis et sed.', '2012-06-26 03:54:57', '2015-03-04 22:18:59');
INSERT INTO `communities` (`id`, `name`, `created_at`, `updated_at`) VALUES (5, 'Vel consequuntur voluptatem.', '2014-12-29 06:29:53', '2015-05-19 07:32:36');
INSERT INTO `communities` (`id`, `name`, `created_at`, `updated_at`) VALUES (6, 'Velit omnis porro.', '2020-03-27 21:43:44', '2016-07-04 18:13:35');
INSERT INTO `communities` (`id`, `name`, `created_at`, `updated_at`) VALUES (7, 'Sit libero harum.', '2016-09-05 06:48:33', '2011-07-21 12:01:20');
INSERT INTO `communities` (`id`, `name`, `created_at`, `updated_at`) VALUES (8, 'Eveniet ratione laboriosam.', '2018-06-26 01:03:48', '2011-11-04 16:43:45');
INSERT INTO `communities` (`id`, `name`, `created_at`, `updated_at`) VALUES (9, 'Sint est laudantium sit.', '2014-10-07 07:04:10', '2017-09-04 23:04:59');
INSERT INTO `communities` (`id`, `name`, `created_at`, `updated_at`) VALUES (10, 'Omnis a possimus eveniet.', '2018-06-17 21:41:02', '2014-06-18 13:06:02');
INSERT INTO `communities` (`id`, `name`, `created_at`, `updated_at`) VALUES (11, 'Quos nisi possimus.', '2020-12-02 14:41:39', '2016-05-16 05:51:47');
INSERT INTO `communities` (`id`, `name`, `created_at`, `updated_at`) VALUES (12, 'Nihil sed deserunt omnis.', '2016-09-18 13:38:26', '2014-04-23 03:59:00');
INSERT INTO `communities` (`id`, `name`, `created_at`, `updated_at`) VALUES (13, 'Fugiat numquam quaerat.', '2020-03-21 01:15:42', '2012-10-05 10:39:34');
INSERT INTO `communities` (`id`, `name`, `created_at`, `updated_at`) VALUES (14, 'Dolores suscipit voluptatem totam.', '2016-03-07 05:58:51', '2012-01-10 22:23:47');
INSERT INTO `communities` (`id`, `name`, `created_at`, `updated_at`) VALUES (15, 'Nam deserunt.', '2018-01-09 11:03:08', '2017-08-12 11:25:08');
INSERT INTO `communities` (`id`, `name`, `created_at`, `updated_at`) VALUES (16, 'Amet aut harum recusandae.', '2014-05-11 01:45:48', '2020-05-26 13:27:53');
INSERT INTO `communities` (`id`, `name`, `created_at`, `updated_at`) VALUES (17, 'Facilis voluptatem suscipit non.', '2018-07-12 08:21:31', '2013-06-04 14:21:51');
INSERT INTO `communities` (`id`, `name`, `created_at`, `updated_at`) VALUES (18, 'At excepturi nemo.', '2020-03-03 15:31:46', '2014-01-30 17:37:40');
INSERT INTO `communities` (`id`, `name`, `created_at`, `updated_at`) VALUES (19, 'Reiciendis eos consequuntur tempore.', '2017-03-30 05:20:17', '2019-07-31 19:01:27');
INSERT INTO `communities` (`id`, `name`, `created_at`, `updated_at`) VALUES (20, 'Eos laborum rem sint.', '2019-05-16 23:45:23', '2012-09-07 19:08:39');
INSERT INTO `communities` (`id`, `name`, `created_at`, `updated_at`) VALUES (21, 'Magni sunt laboriosam unde.', '2014-02-12 17:00:25', '2012-12-29 11:54:31');
INSERT INTO `communities` (`id`, `name`, `created_at`, `updated_at`) VALUES (22, 'Aut neque dolore.', '2011-12-05 02:07:02', '2018-07-16 21:11:53');
INSERT INTO `communities` (`id`, `name`, `created_at`, `updated_at`) VALUES (23, 'Ut minus quas omnis repellat.', '2016-07-04 05:31:42', '2020-05-10 17:30:07');
INSERT INTO `communities` (`id`, `name`, `created_at`, `updated_at`) VALUES (24, 'Eius in.', '2018-07-06 15:13:57', '2014-05-11 14:04:25');
INSERT INTO `communities` (`id`, `name`, `created_at`, `updated_at`) VALUES (25, 'Deserunt dolor modi.', '2012-04-13 13:44:36', '2016-12-25 00:40:37');
INSERT INTO `communities` (`id`, `name`, `created_at`, `updated_at`) VALUES (26, 'Quas ea nam quia.', '2013-08-10 14:10:32', '2013-02-12 05:49:00');
INSERT INTO `communities` (`id`, `name`, `created_at`, `updated_at`) VALUES (27, 'Rerum laboriosam eligendi.', '2020-09-03 23:35:49', '2016-09-29 15:06:26');
INSERT INTO `communities` (`id`, `name`, `created_at`, `updated_at`) VALUES (28, 'Iste quam exercitationem.', '2011-11-24 02:28:37', '2018-06-27 02:45:17');
INSERT INTO `communities` (`id`, `name`, `created_at`, `updated_at`) VALUES (29, 'Ab qui sapiente.', '2019-01-12 17:53:57', '2017-11-12 18:21:21');
INSERT INTO `communities` (`id`, `name`, `created_at`, `updated_at`) VALUES (30, 'Exercitationem et fugiat.', '2020-11-18 07:43:19', '2016-12-11 10:39:26');
INSERT INTO `communities` (`id`, `name`, `created_at`, `updated_at`) VALUES (31, 'Quidem harum voluptas.', '2017-12-06 14:59:50', '2020-08-04 05:16:08');
INSERT INTO `communities` (`id`, `name`, `created_at`, `updated_at`) VALUES (32, 'Maxime aliquid itaque sit.', '2020-11-20 10:01:42', '2018-06-19 23:44:19');
INSERT INTO `communities` (`id`, `name`, `created_at`, `updated_at`) VALUES (33, 'Debitis doloribus autem nam.', '2020-12-26 19:30:11', '2015-03-14 02:00:54');
INSERT INTO `communities` (`id`, `name`, `created_at`, `updated_at`) VALUES (34, 'Et excepturi veritatis ipsa sint.', '2015-12-17 21:56:20', '2011-07-18 22:11:39');
INSERT INTO `communities` (`id`, `name`, `created_at`, `updated_at`) VALUES (35, 'Rerum aliquam magnam.', '2015-07-31 09:53:05', '2012-07-07 18:29:14');
INSERT INTO `communities` (`id`, `name`, `created_at`, `updated_at`) VALUES (36, 'Non non.', '2011-03-31 13:33:35', '2019-07-11 00:06:11');
INSERT INTO `communities` (`id`, `name`, `created_at`, `updated_at`) VALUES (37, 'Maiores mollitia natus officiis.', '2016-02-23 11:34:46', '2020-01-01 04:12:38');
INSERT INTO `communities` (`id`, `name`, `created_at`, `updated_at`) VALUES (38, 'Beatae sunt.', '2015-08-30 16:32:31', '2011-04-27 22:30:05');
INSERT INTO `communities` (`id`, `name`, `created_at`, `updated_at`) VALUES (39, 'Sed corrupti minus ab.', '2016-12-09 23:24:48', '2014-07-16 20:59:05');
INSERT INTO `communities` (`id`, `name`, `created_at`, `updated_at`) VALUES (40, 'Quis omnis error placeat.', '2017-01-09 08:34:39', '2017-06-16 20:46:35');
INSERT INTO `communities` (`id`, `name`, `created_at`, `updated_at`) VALUES (41, 'At nisi dolorem sit.', '2018-09-20 05:57:56', '2012-06-05 07:37:01');
INSERT INTO `communities` (`id`, `name`, `created_at`, `updated_at`) VALUES (42, 'Iure assumenda.', '2016-10-19 02:54:00', '2012-04-04 15:28:51');
INSERT INTO `communities` (`id`, `name`, `created_at`, `updated_at`) VALUES (43, 'Qui unde in voluptates.', '2011-06-01 08:00:09', '2016-10-18 20:27:26');
INSERT INTO `communities` (`id`, `name`, `created_at`, `updated_at`) VALUES (44, 'Excepturi doloribus cumque.', '2019-05-03 00:19:37', '2020-09-18 19:35:43');
INSERT INTO `communities` (`id`, `name`, `created_at`, `updated_at`) VALUES (45, 'Veniam quo quo quae.', '2015-12-08 10:34:13', '2019-08-01 17:32:52');
INSERT INTO `communities` (`id`, `name`, `created_at`, `updated_at`) VALUES (46, 'Officia modi non earum.', '2018-05-19 14:31:09', '2016-09-04 19:54:57');
INSERT INTO `communities` (`id`, `name`, `created_at`, `updated_at`) VALUES (47, 'Accusamus adipisci magnam.', '2021-02-11 23:22:57', '2011-09-18 13:50:14');
INSERT INTO `communities` (`id`, `name`, `created_at`, `updated_at`) VALUES (48, 'Officia aperiam sunt necessitatibus.', '2014-05-10 01:53:44', '2015-03-15 22:26:30');
INSERT INTO `communities` (`id`, `name`, `created_at`, `updated_at`) VALUES (49, 'Magni quos blanditiis.', '2013-05-09 07:27:50', '2017-09-01 15:05:35');
INSERT INTO `communities` (`id`, `name`, `created_at`, `updated_at`) VALUES (50, 'Quisquam dolor.', '2011-09-19 19:40:53', '2016-02-25 01:39:35');
INSERT INTO `communities` (`id`, `name`, `created_at`, `updated_at`) VALUES (51, 'Rerum odio ut praesentium et.', '2018-04-21 19:14:00', '2015-12-20 13:58:02');
INSERT INTO `communities` (`id`, `name`, `created_at`, `updated_at`) VALUES (52, 'Commodi voluptas nemo quia.', '2019-07-16 11:21:04', '2015-04-16 17:54:14');
INSERT INTO `communities` (`id`, `name`, `created_at`, `updated_at`) VALUES (53, 'Porro ut cumque.', '2015-05-18 17:17:02', '2011-06-02 02:51:09');
INSERT INTO `communities` (`id`, `name`, `created_at`, `updated_at`) VALUES (54, 'Asperiores asperiores.', '2015-12-21 09:45:44', '2014-01-26 10:15:03');
INSERT INTO `communities` (`id`, `name`, `created_at`, `updated_at`) VALUES (55, 'Ducimus et.', '2017-10-05 03:37:52', '2020-06-29 14:52:49');
INSERT INTO `communities` (`id`, `name`, `created_at`, `updated_at`) VALUES (56, 'Ut numquam inventore.', '2018-06-28 17:11:15', '2021-01-07 18:58:15');
INSERT INTO `communities` (`id`, `name`, `created_at`, `updated_at`) VALUES (57, 'Aut modi error necessitatibus.', '2013-04-22 17:24:56', '2020-03-16 03:37:51');
INSERT INTO `communities` (`id`, `name`, `created_at`, `updated_at`) VALUES (58, 'Est esse quis.', '2016-06-23 20:38:49', '2015-11-28 04:55:23');
INSERT INTO `communities` (`id`, `name`, `created_at`, `updated_at`) VALUES (59, 'Sint aperiam et numquam.', '2015-07-27 19:01:58', '2018-12-21 01:55:50');
INSERT INTO `communities` (`id`, `name`, `created_at`, `updated_at`) VALUES (60, 'Harum dolor vel laudantium.', '2012-12-07 19:05:11', '2013-01-08 11:14:03');
INSERT INTO `communities` (`id`, `name`, `created_at`, `updated_at`) VALUES (61, 'Et vel.', '2015-03-24 01:07:58', '2012-04-08 14:32:56');
INSERT INTO `communities` (`id`, `name`, `created_at`, `updated_at`) VALUES (62, 'Quis voluptate.', '2011-10-01 22:36:55', '2016-10-07 07:51:16');
INSERT INTO `communities` (`id`, `name`, `created_at`, `updated_at`) VALUES (63, 'Voluptas similique et.', '2018-08-31 20:02:48', '2016-12-28 23:35:30');
INSERT INTO `communities` (`id`, `name`, `created_at`, `updated_at`) VALUES (64, 'Perferendis ea voluptatem voluptas.', '2019-09-04 12:48:17', '2018-02-12 02:32:05');
INSERT INTO `communities` (`id`, `name`, `created_at`, `updated_at`) VALUES (65, 'Veritatis et aut.', '2019-09-18 01:56:17', '2020-11-06 22:30:31');
INSERT INTO `communities` (`id`, `name`, `created_at`, `updated_at`) VALUES (66, 'Quos natus accusantium.', '2011-11-24 15:06:44', '2020-04-01 21:23:09');
INSERT INTO `communities` (`id`, `name`, `created_at`, `updated_at`) VALUES (67, 'Eum consequatur nam.', '2017-08-23 08:12:34', '2013-06-26 11:50:41');
INSERT INTO `communities` (`id`, `name`, `created_at`, `updated_at`) VALUES (68, 'Quia quibusdam quis.', '2017-09-25 11:11:47', '2012-02-22 18:09:16');
INSERT INTO `communities` (`id`, `name`, `created_at`, `updated_at`) VALUES (69, 'Vitae provident tempore.', '2012-08-04 23:19:16', '2020-11-30 03:31:00');
INSERT INTO `communities` (`id`, `name`, `created_at`, `updated_at`) VALUES (70, 'Sed inventore voluptas est.', '2019-07-09 03:40:35', '2013-03-08 01:39:58');
INSERT INTO `communities` (`id`, `name`, `created_at`, `updated_at`) VALUES (71, 'Voluptas modi et sed.', '2019-08-06 19:40:31', '2012-03-07 23:16:50');
INSERT INTO `communities` (`id`, `name`, `created_at`, `updated_at`) VALUES (72, 'Voluptatem sint ratione.', '2011-09-15 08:32:39', '2017-12-05 17:27:23');
INSERT INTO `communities` (`id`, `name`, `created_at`, `updated_at`) VALUES (73, 'Quis inventore iusto modi illum.', '2013-09-30 19:59:24', '2017-03-06 14:41:49');
INSERT INTO `communities` (`id`, `name`, `created_at`, `updated_at`) VALUES (74, 'Necessitatibus minima veniam.', '2014-09-30 13:19:03', '2014-12-07 08:45:37');
INSERT INTO `communities` (`id`, `name`, `created_at`, `updated_at`) VALUES (75, 'Enim et iure earum.', '2014-11-17 06:29:21', '2017-04-09 03:23:54');
INSERT INTO `communities` (`id`, `name`, `created_at`, `updated_at`) VALUES (76, 'Ipsa debitis voluptas.', '2012-04-11 13:35:57', '2020-04-07 15:08:35');
INSERT INTO `communities` (`id`, `name`, `created_at`, `updated_at`) VALUES (77, 'Consequuntur ipsum facilis qui.', '2018-02-19 05:32:28', '2019-07-04 18:06:28');
INSERT INTO `communities` (`id`, `name`, `created_at`, `updated_at`) VALUES (78, 'Debitis iure unde.', '2014-01-20 09:47:11', '2014-01-02 18:39:36');
INSERT INTO `communities` (`id`, `name`, `created_at`, `updated_at`) VALUES (79, 'Atque illo.', '2013-11-15 20:10:28', '2017-03-29 00:44:46');
INSERT INTO `communities` (`id`, `name`, `created_at`, `updated_at`) VALUES (80, 'Eum atque.', '2011-06-14 15:34:09', '2011-09-22 10:15:09');
INSERT INTO `communities` (`id`, `name`, `created_at`, `updated_at`) VALUES (81, 'Autem accusantium aut omnis.', '2017-06-20 23:25:00', '2018-03-24 04:23:14');
INSERT INTO `communities` (`id`, `name`, `created_at`, `updated_at`) VALUES (82, 'Est ut ab temporibus natus.', '2015-04-15 22:50:28', '2013-06-26 11:26:09');
INSERT INTO `communities` (`id`, `name`, `created_at`, `updated_at`) VALUES (83, 'Sint tenetur architecto.', '2016-08-07 03:02:49', '2012-02-05 00:02:27');
INSERT INTO `communities` (`id`, `name`, `created_at`, `updated_at`) VALUES (84, 'Facilis in quia voluptatem.', '2013-04-15 22:36:39', '2012-12-07 21:52:02');
INSERT INTO `communities` (`id`, `name`, `created_at`, `updated_at`) VALUES (85, 'Molestiae quo.', '2014-06-06 03:51:32', '2015-05-06 07:58:49');
INSERT INTO `communities` (`id`, `name`, `created_at`, `updated_at`) VALUES (86, 'Nemo illo voluptatem.', '2012-12-23 08:01:31', '2015-08-15 01:57:27');
INSERT INTO `communities` (`id`, `name`, `created_at`, `updated_at`) VALUES (87, 'Natus aut dolore aspernatur.', '2016-09-03 07:14:51', '2016-04-28 21:55:06');
INSERT INTO `communities` (`id`, `name`, `created_at`, `updated_at`) VALUES (88, 'Recusandae iure non.', '2015-04-23 07:38:19', '2018-11-18 00:22:44');
INSERT INTO `communities` (`id`, `name`, `created_at`, `updated_at`) VALUES (89, 'Ut fugiat est maxime.', '2011-06-09 18:21:55', '2017-08-10 14:26:54');
INSERT INTO `communities` (`id`, `name`, `created_at`, `updated_at`) VALUES (90, 'Odio voluptatibus explicabo.', '2019-01-20 21:15:38', '2018-02-20 18:35:58');
INSERT INTO `communities` (`id`, `name`, `created_at`, `updated_at`) VALUES (91, 'Fugiat et vitae similique eius.', '2013-01-06 23:25:34', '2015-03-25 16:07:16');
INSERT INTO `communities` (`id`, `name`, `created_at`, `updated_at`) VALUES (92, 'Voluptas quia.', '2020-12-03 03:03:14', '2017-01-27 09:58:21');
INSERT INTO `communities` (`id`, `name`, `created_at`, `updated_at`) VALUES (93, 'Velit impedit dolor qui illo.', '2015-01-16 22:54:46', '2018-09-07 08:55:31');
INSERT INTO `communities` (`id`, `name`, `created_at`, `updated_at`) VALUES (94, 'Eius omnis dicta.', '2018-07-20 06:57:17', '2017-07-26 13:13:39');
INSERT INTO `communities` (`id`, `name`, `created_at`, `updated_at`) VALUES (95, 'Voluptatem et saepe aliquid.', '2016-07-22 19:00:58', '2012-07-28 14:52:46');
INSERT INTO `communities` (`id`, `name`, `created_at`, `updated_at`) VALUES (96, 'Ad blanditiis inventore eos.', '2011-08-08 23:02:37', '2021-01-30 09:10:03');
INSERT INTO `communities` (`id`, `name`, `created_at`, `updated_at`) VALUES (97, 'Autem et id saepe.', '2017-09-16 00:36:51', '2011-11-25 16:03:40');
INSERT INTO `communities` (`id`, `name`, `created_at`, `updated_at`) VALUES (98, 'Omnis impedit molestiae.', '2020-04-21 18:33:30', '2020-08-23 21:12:57');
INSERT INTO `communities` (`id`, `name`, `created_at`, `updated_at`) VALUES (99, 'Voluptas distinctio aliquid.', '2014-11-08 02:47:00', '2011-09-12 06:21:37');
INSERT INTO `communities` (`id`, `name`, `created_at`, `updated_at`) VALUES (100, 'Fugiat eius rerum et.', '2020-09-20 19:21:39', '2014-06-15 02:54:27');
INSERT INTO `communities` (`id`, `name`, `created_at`, `updated_at`) VALUES (101, 'Vel voluptas quasi assumenda.', '2017-01-27 21:05:58', '2019-03-25 06:51:49');
INSERT INTO `communities` (`id`, `name`, `created_at`, `updated_at`) VALUES (102, 'Saepe amet facilis itaque.', '2017-12-25 06:11:08', '2018-09-28 14:19:53');
INSERT INTO `communities` (`id`, `name`, `created_at`, `updated_at`) VALUES (103, 'Libero dolor nesciunt architecto.', '2014-05-05 05:32:55', '2017-11-13 09:33:04');
INSERT INTO `communities` (`id`, `name`, `created_at`, `updated_at`) VALUES (104, 'Esse dolorem sit.', '2020-02-25 10:47:50', '2019-09-07 11:06:49');
INSERT INTO `communities` (`id`, `name`, `created_at`, `updated_at`) VALUES (105, 'Iusto saepe doloribus.', '2020-06-05 01:24:23', '2013-07-16 03:59:26');
INSERT INTO `communities` (`id`, `name`, `created_at`, `updated_at`) VALUES (106, 'Fugiat velit ut.', '2015-08-29 15:34:06', '2017-09-26 19:20:27');
INSERT INTO `communities` (`id`, `name`, `created_at`, `updated_at`) VALUES (107, 'Nam voluptatum vero.', '2016-09-05 00:08:09', '2011-12-25 09:35:23');
INSERT INTO `communities` (`id`, `name`, `created_at`, `updated_at`) VALUES (108, 'Non et animi error.', '2012-12-31 17:43:41', '2011-08-11 13:29:58');
INSERT INTO `communities` (`id`, `name`, `created_at`, `updated_at`) VALUES (109, 'Eligendi eum maiores ut dicta.', '2014-11-25 17:51:35', '2016-06-26 22:56:41');
INSERT INTO `communities` (`id`, `name`, `created_at`, `updated_at`) VALUES (110, 'Qui beatae perferendis doloremque.', '2015-07-01 06:05:47', '2014-04-19 02:25:50');
INSERT INTO `communities` (`id`, `name`, `created_at`, `updated_at`) VALUES (111, 'Odit omnis.', '2014-07-15 06:50:14', '2013-07-06 04:25:51');
INSERT INTO `communities` (`id`, `name`, `created_at`, `updated_at`) VALUES (112, 'Et laborum optio consequuntur.', '2014-02-06 21:41:50', '2018-12-22 03:39:26');
INSERT INTO `communities` (`id`, `name`, `created_at`, `updated_at`) VALUES (113, 'Iusto earum animi aut.', '2017-02-16 13:14:16', '2013-10-22 22:38:58');
INSERT INTO `communities` (`id`, `name`, `created_at`, `updated_at`) VALUES (114, 'Veritatis optio omnis exercitationem.', '2012-04-19 02:55:50', '2014-04-25 21:05:53');
INSERT INTO `communities` (`id`, `name`, `created_at`, `updated_at`) VALUES (115, 'Eaque et porro est.', '2014-02-20 18:40:15', '2020-03-02 05:19:21');
INSERT INTO `communities` (`id`, `name`, `created_at`, `updated_at`) VALUES (116, 'Laboriosam molestiae recusandae error provident.', '2019-01-04 05:50:28', '2019-06-30 01:32:17');
INSERT INTO `communities` (`id`, `name`, `created_at`, `updated_at`) VALUES (117, 'Eum repellat et fugit.', '2020-06-07 07:03:30', '2019-08-27 21:43:18');
INSERT INTO `communities` (`id`, `name`, `created_at`, `updated_at`) VALUES (118, 'Voluptatem fugit ex.', '2013-07-19 01:16:51', '2019-11-21 02:24:13');
INSERT INTO `communities` (`id`, `name`, `created_at`, `updated_at`) VALUES (119, 'Magni quis voluptatem recusandae.', '2017-03-12 08:04:16', '2020-02-22 13:15:25');
INSERT INTO `communities` (`id`, `name`, `created_at`, `updated_at`) VALUES (120, 'Aliquam odio.', '2014-06-06 23:00:22', '2015-08-10 19:26:41');
INSERT INTO `communities` (`id`, `name`, `created_at`, `updated_at`) VALUES (121, 'Totam ipsa molestiae.', '2011-04-22 00:14:17', '2016-06-17 07:25:22');
INSERT INTO `communities` (`id`, `name`, `created_at`, `updated_at`) VALUES (122, 'Perferendis a.', '2020-05-23 13:25:18', '2012-06-22 00:28:16');
INSERT INTO `communities` (`id`, `name`, `created_at`, `updated_at`) VALUES (123, 'Qui suscipit sint dolorum.', '2011-06-30 21:19:16', '2020-11-26 19:18:00');
INSERT INTO `communities` (`id`, `name`, `created_at`, `updated_at`) VALUES (124, 'Aut est id id.', '2012-09-01 00:23:38', '2017-04-12 12:36:24');
INSERT INTO `communities` (`id`, `name`, `created_at`, `updated_at`) VALUES (125, 'Animi explicabo aliquam aut.', '2016-09-23 08:39:28', '2013-09-10 10:51:38');
INSERT INTO `communities` (`id`, `name`, `created_at`, `updated_at`) VALUES (126, 'Aspernatur dignissimos rerum suscipit.', '2016-12-11 05:23:24', '2011-11-06 03:59:29');
INSERT INTO `communities` (`id`, `name`, `created_at`, `updated_at`) VALUES (127, 'Non perferendis in odio id.', '2014-03-31 22:20:38', '2017-10-13 13:57:11');
INSERT INTO `communities` (`id`, `name`, `created_at`, `updated_at`) VALUES (128, 'Architecto officia soluta quia.', '2013-07-09 23:13:49', '2018-09-01 16:13:31');
INSERT INTO `communities` (`id`, `name`, `created_at`, `updated_at`) VALUES (129, 'Ut et sint quod.', '2017-02-25 01:21:22', '2018-06-13 01:57:20');
INSERT INTO `communities` (`id`, `name`, `created_at`, `updated_at`) VALUES (130, 'Quia enim omnis incidunt.', '2019-03-04 08:22:20', '2017-12-01 15:56:40');
INSERT INTO `communities` (`id`, `name`, `created_at`, `updated_at`) VALUES (131, 'Quo ipsum consequatur.', '2020-08-14 18:23:42', '2012-10-12 21:39:18');
INSERT INTO `communities` (`id`, `name`, `created_at`, `updated_at`) VALUES (132, 'Nemo neque eligendi eaque cumque.', '2012-11-23 19:52:11', '2016-04-21 07:20:58');
INSERT INTO `communities` (`id`, `name`, `created_at`, `updated_at`) VALUES (133, 'Ut odit voluptas voluptas.', '2018-12-26 19:51:27', '2021-01-02 01:33:45');
INSERT INTO `communities` (`id`, `name`, `created_at`, `updated_at`) VALUES (134, 'Voluptatem ad incidunt commodi.', '2016-06-18 11:40:37', '2020-12-22 15:11:59');
INSERT INTO `communities` (`id`, `name`, `created_at`, `updated_at`) VALUES (135, 'Voluptatum sint voluptate.', '2016-01-07 07:45:30', '2014-08-16 05:52:11');
INSERT INTO `communities` (`id`, `name`, `created_at`, `updated_at`) VALUES (136, 'Magnam ut quia.', '2012-06-13 04:14:24', '2015-01-28 09:39:58');
INSERT INTO `communities` (`id`, `name`, `created_at`, `updated_at`) VALUES (137, 'Asperiores repudiandae autem.', '2011-11-23 18:47:40', '2017-09-26 02:02:48');
INSERT INTO `communities` (`id`, `name`, `created_at`, `updated_at`) VALUES (138, 'Nemo harum inventore.', '2017-07-19 23:18:05', '2013-07-03 06:44:37');
INSERT INTO `communities` (`id`, `name`, `created_at`, `updated_at`) VALUES (139, 'Illo nihil.', '2014-08-31 03:23:59', '2020-05-19 20:11:03');
INSERT INTO `communities` (`id`, `name`, `created_at`, `updated_at`) VALUES (140, 'Aliquid ea magnam aut.', '2017-07-09 05:03:26', '2017-01-22 02:05:49');
INSERT INTO `communities` (`id`, `name`, `created_at`, `updated_at`) VALUES (141, 'In sed tempora eveniet.', '2014-02-25 03:27:17', '2020-08-11 18:01:30');
INSERT INTO `communities` (`id`, `name`, `created_at`, `updated_at`) VALUES (142, 'Dolorum neque labore sint.', '2011-02-23 04:55:05', '2015-08-31 06:44:47');
INSERT INTO `communities` (`id`, `name`, `created_at`, `updated_at`) VALUES (143, 'Debitis dolores rem maiores.', '2013-09-01 14:27:03', '2016-09-28 10:22:07');
INSERT INTO `communities` (`id`, `name`, `created_at`, `updated_at`) VALUES (144, 'Repellendus occaecati eos.', '2017-11-07 10:57:22', '2019-12-27 12:21:48');
INSERT INTO `communities` (`id`, `name`, `created_at`, `updated_at`) VALUES (145, 'Occaecati nesciunt sint recusandae.', '2018-11-29 16:28:54', '2014-01-17 21:46:25');
INSERT INTO `communities` (`id`, `name`, `created_at`, `updated_at`) VALUES (146, 'Quidem molestias.', '2017-05-07 18:47:02', '2012-12-16 19:54:25');
INSERT INTO `communities` (`id`, `name`, `created_at`, `updated_at`) VALUES (147, 'Libero amet culpa.', '2019-07-12 04:10:02', '2011-10-18 10:16:52');
INSERT INTO `communities` (`id`, `name`, `created_at`, `updated_at`) VALUES (148, 'Qui sed.', '2017-01-29 15:02:06', '2018-04-11 16:54:13');
INSERT INTO `communities` (`id`, `name`, `created_at`, `updated_at`) VALUES (149, 'Et fugiat harum.', '2011-04-25 07:11:09', '2016-06-13 07:57:48');
INSERT INTO `communities` (`id`, `name`, `created_at`, `updated_at`) VALUES (150, 'Nostrum sequi et.', '2014-11-08 03:51:54', '2017-04-06 04:58:42');
INSERT INTO `communities` (`id`, `name`, `created_at`, `updated_at`) VALUES (151, 'Esse nobis voluptate.', '2013-06-11 13:47:29', '2015-07-25 09:39:34');
INSERT INTO `communities` (`id`, `name`, `created_at`, `updated_at`) VALUES (152, 'Voluptatem rerum sed minus.', '2020-01-31 10:20:15', '2014-12-26 04:40:12');
INSERT INTO `communities` (`id`, `name`, `created_at`, `updated_at`) VALUES (153, 'Ratione totam qui et est.', '2011-06-21 02:59:33', '2014-08-06 06:21:36');
INSERT INTO `communities` (`id`, `name`, `created_at`, `updated_at`) VALUES (154, 'Voluptas id voluptatem.', '2011-03-01 23:04:59', '2013-06-04 21:17:37');
INSERT INTO `communities` (`id`, `name`, `created_at`, `updated_at`) VALUES (155, 'Consequatur quibusdam omnis.', '2020-12-07 19:39:46', '2017-03-21 09:02:15');
INSERT INTO `communities` (`id`, `name`, `created_at`, `updated_at`) VALUES (156, 'Accusantium totam sed.', '2018-07-27 06:05:02', '2012-11-19 11:35:07');
INSERT INTO `communities` (`id`, `name`, `created_at`, `updated_at`) VALUES (157, 'Qui et quia dolores.', '2018-09-12 12:04:37', '2013-03-05 22:03:00');
INSERT INTO `communities` (`id`, `name`, `created_at`, `updated_at`) VALUES (158, 'Earum esse voluptatem.', '2014-02-06 08:16:09', '2018-11-29 13:36:17');
INSERT INTO `communities` (`id`, `name`, `created_at`, `updated_at`) VALUES (159, 'Ipsam id enim.', '2013-06-29 05:13:44', '2013-08-12 12:10:39');
INSERT INTO `communities` (`id`, `name`, `created_at`, `updated_at`) VALUES (160, 'Eos voluptas asperiores.', '2018-10-06 21:01:37', '2012-03-18 01:17:49');
INSERT INTO `communities` (`id`, `name`, `created_at`, `updated_at`) VALUES (161, 'Non voluptatum est officiis.', '2015-11-23 00:17:26', '2017-05-03 04:11:15');
INSERT INTO `communities` (`id`, `name`, `created_at`, `updated_at`) VALUES (162, 'Laborum facere qui.', '2011-03-19 05:25:15', '2020-11-12 18:53:09');
INSERT INTO `communities` (`id`, `name`, `created_at`, `updated_at`) VALUES (163, 'Laudantium inventore quod.', '2018-09-25 12:36:05', '2018-04-24 05:02:26');
INSERT INTO `communities` (`id`, `name`, `created_at`, `updated_at`) VALUES (164, 'Expedita id culpa enim et.', '2013-08-08 23:46:26', '2014-10-05 00:36:09');
INSERT INTO `communities` (`id`, `name`, `created_at`, `updated_at`) VALUES (165, 'Quasi dolorum quo veritatis.', '2013-10-17 06:33:48', '2019-01-06 16:47:02');
INSERT INTO `communities` (`id`, `name`, `created_at`, `updated_at`) VALUES (166, 'Itaque reiciendis delectus rem.', '2019-04-27 16:11:12', '2014-05-14 21:08:32');
INSERT INTO `communities` (`id`, `name`, `created_at`, `updated_at`) VALUES (167, 'Modi laudantium officiis ad.', '2017-02-07 18:16:40', '2015-04-07 20:31:29');
INSERT INTO `communities` (`id`, `name`, `created_at`, `updated_at`) VALUES (168, 'Debitis amet voluptatem.', '2019-01-23 07:16:31', '2013-04-05 20:47:04');
INSERT INTO `communities` (`id`, `name`, `created_at`, `updated_at`) VALUES (169, 'Voluptas placeat vel.', '2016-06-27 02:59:38', '2013-06-08 14:44:57');
INSERT INTO `communities` (`id`, `name`, `created_at`, `updated_at`) VALUES (170, 'Iure quas.', '2011-11-12 05:03:01', '2016-08-08 14:32:49');
INSERT INTO `communities` (`id`, `name`, `created_at`, `updated_at`) VALUES (171, 'Ut et asperiores quis iste.', '2019-02-11 02:47:19', '2014-09-04 06:35:03');
INSERT INTO `communities` (`id`, `name`, `created_at`, `updated_at`) VALUES (172, 'Ut perferendis quasi.', '2020-06-03 03:05:51', '2011-05-20 09:08:17');
INSERT INTO `communities` (`id`, `name`, `created_at`, `updated_at`) VALUES (173, 'Cupiditate rem necessitatibus.', '2014-02-25 05:01:07', '2020-07-16 15:10:55');
INSERT INTO `communities` (`id`, `name`, `created_at`, `updated_at`) VALUES (174, 'Nihil et vel nihil.', '2018-02-28 00:52:04', '2012-06-18 18:20:50');
INSERT INTO `communities` (`id`, `name`, `created_at`, `updated_at`) VALUES (175, 'Quia eos ut.', '2014-06-08 14:17:48', '2011-07-01 02:20:58');
INSERT INTO `communities` (`id`, `name`, `created_at`, `updated_at`) VALUES (176, 'Omnis nulla.', '2018-06-28 20:47:05', '2013-05-03 15:01:18');
INSERT INTO `communities` (`id`, `name`, `created_at`, `updated_at`) VALUES (177, 'Laboriosam illo vitae rerum.', '2018-05-08 10:19:11', '2018-06-26 20:41:44');
INSERT INTO `communities` (`id`, `name`, `created_at`, `updated_at`) VALUES (178, 'Delectus ut illum.', '2018-10-29 03:53:34', '2012-05-15 18:13:13');
INSERT INTO `communities` (`id`, `name`, `created_at`, `updated_at`) VALUES (179, 'Veniam fugit voluptatem impedit ut.', '2015-05-24 09:31:25', '2015-03-30 15:57:13');
INSERT INTO `communities` (`id`, `name`, `created_at`, `updated_at`) VALUES (180, 'Rerum aperiam provident placeat neque.', '2013-03-16 07:18:10', '2019-12-20 20:26:32');
INSERT INTO `communities` (`id`, `name`, `created_at`, `updated_at`) VALUES (181, 'Qui consectetur corporis.', '2014-06-05 21:24:23', '2015-01-16 12:14:03');
INSERT INTO `communities` (`id`, `name`, `created_at`, `updated_at`) VALUES (182, 'Et eveniet temporibus.', '2011-09-16 12:10:47', '2016-11-21 22:33:27');
INSERT INTO `communities` (`id`, `name`, `created_at`, `updated_at`) VALUES (183, 'Dolorem delectus velit quidem.', '2017-08-10 22:11:05', '2014-05-30 20:30:55');
INSERT INTO `communities` (`id`, `name`, `created_at`, `updated_at`) VALUES (184, 'Repudiandae iste sequi doloremque.', '2014-09-29 11:24:35', '2019-02-16 13:47:17');
INSERT INTO `communities` (`id`, `name`, `created_at`, `updated_at`) VALUES (185, 'Aliquid iusto saepe dolor.', '2016-07-16 22:39:57', '2020-10-31 04:50:14');
INSERT INTO `communities` (`id`, `name`, `created_at`, `updated_at`) VALUES (186, 'Voluptas labore quasi ipsam.', '2016-01-20 16:52:00', '2014-02-07 22:11:32');
INSERT INTO `communities` (`id`, `name`, `created_at`, `updated_at`) VALUES (187, 'Placeat itaque culpa.', '2019-05-14 12:39:37', '2018-11-04 08:14:54');
INSERT INTO `communities` (`id`, `name`, `created_at`, `updated_at`) VALUES (188, 'Error quos asperiores.', '2014-04-04 00:03:44', '2016-06-27 04:23:41');
INSERT INTO `communities` (`id`, `name`, `created_at`, `updated_at`) VALUES (189, 'Expedita natus consequatur.', '2014-09-17 05:18:42', '2011-05-01 04:20:35');
INSERT INTO `communities` (`id`, `name`, `created_at`, `updated_at`) VALUES (190, 'Quis et natus.', '2017-05-19 22:02:25', '2017-07-31 14:16:40');
INSERT INTO `communities` (`id`, `name`, `created_at`, `updated_at`) VALUES (191, 'Ipsam in sit.', '2020-04-10 00:53:53', '2020-07-10 10:50:32');
INSERT INTO `communities` (`id`, `name`, `created_at`, `updated_at`) VALUES (192, 'Accusamus autem repellendus similique.', '2016-11-24 01:35:33', '2020-09-21 20:09:34');
INSERT INTO `communities` (`id`, `name`, `created_at`, `updated_at`) VALUES (193, 'Eligendi similique soluta eius quia.', '2011-05-17 21:00:09', '2020-01-22 19:58:12');
INSERT INTO `communities` (`id`, `name`, `created_at`, `updated_at`) VALUES (194, 'Optio accusantium alias.', '2017-02-27 00:39:29', '2015-05-05 05:10:54');
INSERT INTO `communities` (`id`, `name`, `created_at`, `updated_at`) VALUES (195, 'Officia eum mollitia dolorum.', '2015-09-02 03:52:00', '2016-04-10 17:47:50');
INSERT INTO `communities` (`id`, `name`, `created_at`, `updated_at`) VALUES (196, 'Officia quaerat.', '2016-06-07 13:43:25', '2019-02-22 03:24:13');
INSERT INTO `communities` (`id`, `name`, `created_at`, `updated_at`) VALUES (197, 'Ea ab excepturi voluptas.', '2016-12-05 08:53:00', '2020-05-02 10:18:00');
INSERT INTO `communities` (`id`, `name`, `created_at`, `updated_at`) VALUES (198, 'Ipsa voluptatem aut.', '2017-01-13 09:15:11', '2015-11-17 12:28:32');
INSERT INTO `communities` (`id`, `name`, `created_at`, `updated_at`) VALUES (199, 'Eveniet rerum est.', '2012-11-24 03:47:06', '2013-02-13 23:35:35');
INSERT INTO `communities` (`id`, `name`, `created_at`, `updated_at`) VALUES (200, 'Ex aliquam.', '2015-07-25 11:08:19', '2019-11-17 15:59:51');


#
# TABLE STRUCTURE FOR: communities_users
#

DROP TABLE IF EXISTS `communities_users`;

CREATE TABLE `communities_users` (
  `community_id` int(10) unsigned NOT NULL,
  `user_id` int(10) unsigned NOT NULL,
  `created_at` datetime DEFAULT current_timestamp(),
  PRIMARY KEY (`community_id`,`user_id`)
) ENGINE=InnoDB DEFAULT CHARSET=utf8mb4 COLLATE=utf8mb4_unicode_ci;

INSERT INTO `communities_users` (`community_id`, `user_id`, `created_at`) VALUES (1, 113, '2012-06-03 06:32:48');
INSERT INTO `communities_users` (`community_id`, `user_id`, `created_at`) VALUES (2, 42, '2015-10-10 17:03:40');
INSERT INTO `communities_users` (`community_id`, `user_id`, `created_at`) VALUES (3, 47, '2019-02-18 10:05:17');
INSERT INTO `communities_users` (`community_id`, `user_id`, `created_at`) VALUES (4, 46, '2014-01-01 00:55:27');
INSERT INTO `communities_users` (`community_id`, `user_id`, `created_at`) VALUES (5, 29, '2014-11-25 09:18:29');
INSERT INTO `communities_users` (`community_id`, `user_id`, `created_at`) VALUES (6, 80, '2019-06-09 07:49:56');
INSERT INTO `communities_users` (`community_id`, `user_id`, `created_at`) VALUES (7, 165, '2019-11-18 20:10:25');
INSERT INTO `communities_users` (`community_id`, `user_id`, `created_at`) VALUES (8, 151, '2014-10-28 21:42:27');
INSERT INTO `communities_users` (`community_id`, `user_id`, `created_at`) VALUES (9, 172, '2013-12-15 13:47:43');
INSERT INTO `communities_users` (`community_id`, `user_id`, `created_at`) VALUES (10, 100, '2019-01-08 05:56:03');
INSERT INTO `communities_users` (`community_id`, `user_id`, `created_at`) VALUES (11, 7, '2017-11-13 20:22:49');
INSERT INTO `communities_users` (`community_id`, `user_id`, `created_at`) VALUES (12, 75, '2013-01-27 19:58:06');
INSERT INTO `communities_users` (`community_id`, `user_id`, `created_at`) VALUES (13, 131, '2017-11-26 19:18:39');
INSERT INTO `communities_users` (`community_id`, `user_id`, `created_at`) VALUES (14, 161, '2018-02-07 01:17:42');
INSERT INTO `communities_users` (`community_id`, `user_id`, `created_at`) VALUES (15, 82, '2013-06-23 06:36:09');
INSERT INTO `communities_users` (`community_id`, `user_id`, `created_at`) VALUES (16, 67, '2020-11-09 19:00:14');
INSERT INTO `communities_users` (`community_id`, `user_id`, `created_at`) VALUES (17, 69, '2019-07-04 05:14:01');
INSERT INTO `communities_users` (`community_id`, `user_id`, `created_at`) VALUES (18, 186, '2012-12-13 16:10:11');
INSERT INTO `communities_users` (`community_id`, `user_id`, `created_at`) VALUES (19, 33, '2011-04-27 19:29:28');
INSERT INTO `communities_users` (`community_id`, `user_id`, `created_at`) VALUES (20, 53, '2014-06-28 00:33:12');
INSERT INTO `communities_users` (`community_id`, `user_id`, `created_at`) VALUES (21, 107, '2012-10-10 18:31:21');
INSERT INTO `communities_users` (`community_id`, `user_id`, `created_at`) VALUES (22, 96, '2017-07-06 17:49:37');
INSERT INTO `communities_users` (`community_id`, `user_id`, `created_at`) VALUES (23, 15, '2015-01-27 15:44:02');
INSERT INTO `communities_users` (`community_id`, `user_id`, `created_at`) VALUES (24, 189, '2016-03-01 16:40:34');
INSERT INTO `communities_users` (`community_id`, `user_id`, `created_at`) VALUES (25, 64, '2018-07-10 19:04:53');
INSERT INTO `communities_users` (`community_id`, `user_id`, `created_at`) VALUES (26, 190, '2020-04-19 12:42:03');
INSERT INTO `communities_users` (`community_id`, `user_id`, `created_at`) VALUES (27, 152, '2011-10-26 16:55:58');
INSERT INTO `communities_users` (`community_id`, `user_id`, `created_at`) VALUES (28, 174, '2014-06-19 19:32:28');
INSERT INTO `communities_users` (`community_id`, `user_id`, `created_at`) VALUES (29, 19, '2015-08-02 01:28:07');
INSERT INTO `communities_users` (`community_id`, `user_id`, `created_at`) VALUES (30, 196, '2018-05-15 12:53:37');
INSERT INTO `communities_users` (`community_id`, `user_id`, `created_at`) VALUES (31, 153, '2015-02-15 09:19:20');
INSERT INTO `communities_users` (`community_id`, `user_id`, `created_at`) VALUES (32, 87, '2011-05-25 11:50:15');
INSERT INTO `communities_users` (`community_id`, `user_id`, `created_at`) VALUES (33, 121, '2018-01-26 01:14:44');
INSERT INTO `communities_users` (`community_id`, `user_id`, `created_at`) VALUES (34, 76, '2016-08-25 11:08:27');
INSERT INTO `communities_users` (`community_id`, `user_id`, `created_at`) VALUES (35, 70, '2012-07-17 03:26:06');
INSERT INTO `communities_users` (`community_id`, `user_id`, `created_at`) VALUES (36, 66, '2011-03-15 09:43:07');
INSERT INTO `communities_users` (`community_id`, `user_id`, `created_at`) VALUES (37, 151, '2014-02-20 06:48:04');
INSERT INTO `communities_users` (`community_id`, `user_id`, `created_at`) VALUES (38, 99, '2020-02-03 01:55:05');
INSERT INTO `communities_users` (`community_id`, `user_id`, `created_at`) VALUES (39, 143, '2014-01-03 18:50:07');
INSERT INTO `communities_users` (`community_id`, `user_id`, `created_at`) VALUES (40, 117, '2015-10-01 09:14:11');
INSERT INTO `communities_users` (`community_id`, `user_id`, `created_at`) VALUES (41, 3, '2017-08-25 13:55:59');
INSERT INTO `communities_users` (`community_id`, `user_id`, `created_at`) VALUES (42, 77, '2017-07-02 00:19:48');
INSERT INTO `communities_users` (`community_id`, `user_id`, `created_at`) VALUES (43, 77, '2015-08-09 14:47:23');
INSERT INTO `communities_users` (`community_id`, `user_id`, `created_at`) VALUES (44, 68, '2014-01-25 03:17:36');
INSERT INTO `communities_users` (`community_id`, `user_id`, `created_at`) VALUES (45, 115, '2012-08-15 12:12:10');
INSERT INTO `communities_users` (`community_id`, `user_id`, `created_at`) VALUES (46, 14, '2018-01-27 19:16:11');
INSERT INTO `communities_users` (`community_id`, `user_id`, `created_at`) VALUES (47, 35, '2016-09-10 07:32:40');
INSERT INTO `communities_users` (`community_id`, `user_id`, `created_at`) VALUES (48, 24, '2020-07-05 15:50:04');
INSERT INTO `communities_users` (`community_id`, `user_id`, `created_at`) VALUES (49, 184, '2011-07-11 14:34:39');
INSERT INTO `communities_users` (`community_id`, `user_id`, `created_at`) VALUES (50, 93, '2013-06-26 20:58:02');
INSERT INTO `communities_users` (`community_id`, `user_id`, `created_at`) VALUES (51, 95, '2017-10-16 05:50:50');
INSERT INTO `communities_users` (`community_id`, `user_id`, `created_at`) VALUES (52, 188, '2019-09-23 16:48:20');
INSERT INTO `communities_users` (`community_id`, `user_id`, `created_at`) VALUES (53, 150, '2017-11-23 14:12:54');
INSERT INTO `communities_users` (`community_id`, `user_id`, `created_at`) VALUES (54, 187, '2013-08-17 04:18:12');
INSERT INTO `communities_users` (`community_id`, `user_id`, `created_at`) VALUES (55, 71, '2017-12-14 08:20:52');
INSERT INTO `communities_users` (`community_id`, `user_id`, `created_at`) VALUES (56, 78, '2011-06-18 20:26:42');
INSERT INTO `communities_users` (`community_id`, `user_id`, `created_at`) VALUES (57, 60, '2020-09-05 04:29:58');
INSERT INTO `communities_users` (`community_id`, `user_id`, `created_at`) VALUES (58, 143, '2021-01-21 00:34:32');
INSERT INTO `communities_users` (`community_id`, `user_id`, `created_at`) VALUES (59, 39, '2020-05-07 22:48:56');
INSERT INTO `communities_users` (`community_id`, `user_id`, `created_at`) VALUES (60, 29, '2019-10-25 12:20:15');
INSERT INTO `communities_users` (`community_id`, `user_id`, `created_at`) VALUES (61, 19, '2016-02-11 00:18:18');
INSERT INTO `communities_users` (`community_id`, `user_id`, `created_at`) VALUES (62, 177, '2014-11-28 09:48:09');
INSERT INTO `communities_users` (`community_id`, `user_id`, `created_at`) VALUES (63, 139, '2020-04-08 20:33:10');
INSERT INTO `communities_users` (`community_id`, `user_id`, `created_at`) VALUES (64, 40, '2012-01-12 04:37:15');
INSERT INTO `communities_users` (`community_id`, `user_id`, `created_at`) VALUES (65, 180, '2015-01-03 20:35:39');
INSERT INTO `communities_users` (`community_id`, `user_id`, `created_at`) VALUES (66, 101, '2015-08-27 05:21:01');
INSERT INTO `communities_users` (`community_id`, `user_id`, `created_at`) VALUES (67, 51, '2020-09-26 23:41:57');
INSERT INTO `communities_users` (`community_id`, `user_id`, `created_at`) VALUES (68, 157, '2014-04-22 14:02:15');
INSERT INTO `communities_users` (`community_id`, `user_id`, `created_at`) VALUES (69, 190, '2015-10-15 10:51:18');
INSERT INTO `communities_users` (`community_id`, `user_id`, `created_at`) VALUES (70, 134, '2018-11-20 02:54:54');
INSERT INTO `communities_users` (`community_id`, `user_id`, `created_at`) VALUES (71, 87, '2019-10-16 18:21:38');
INSERT INTO `communities_users` (`community_id`, `user_id`, `created_at`) VALUES (72, 78, '2016-11-27 06:49:56');
INSERT INTO `communities_users` (`community_id`, `user_id`, `created_at`) VALUES (73, 77, '2014-06-21 00:06:59');
INSERT INTO `communities_users` (`community_id`, `user_id`, `created_at`) VALUES (74, 62, '2018-05-11 04:40:41');
INSERT INTO `communities_users` (`community_id`, `user_id`, `created_at`) VALUES (75, 169, '2020-02-11 08:46:34');
INSERT INTO `communities_users` (`community_id`, `user_id`, `created_at`) VALUES (76, 169, '2020-07-13 12:40:28');
INSERT INTO `communities_users` (`community_id`, `user_id`, `created_at`) VALUES (77, 156, '2015-05-19 08:28:47');
INSERT INTO `communities_users` (`community_id`, `user_id`, `created_at`) VALUES (78, 123, '2012-12-22 09:51:11');
INSERT INTO `communities_users` (`community_id`, `user_id`, `created_at`) VALUES (79, 102, '2014-08-17 09:32:53');
INSERT INTO `communities_users` (`community_id`, `user_id`, `created_at`) VALUES (80, 123, '2013-02-26 18:15:05');
INSERT INTO `communities_users` (`community_id`, `user_id`, `created_at`) VALUES (81, 90, '2014-04-24 08:42:19');
INSERT INTO `communities_users` (`community_id`, `user_id`, `created_at`) VALUES (82, 158, '2017-03-17 19:20:50');
INSERT INTO `communities_users` (`community_id`, `user_id`, `created_at`) VALUES (83, 23, '2016-08-27 06:12:54');
INSERT INTO `communities_users` (`community_id`, `user_id`, `created_at`) VALUES (84, 80, '2020-02-19 03:43:30');
INSERT INTO `communities_users` (`community_id`, `user_id`, `created_at`) VALUES (85, 47, '2015-05-31 20:13:54');
INSERT INTO `communities_users` (`community_id`, `user_id`, `created_at`) VALUES (86, 42, '2015-12-12 14:04:32');
INSERT INTO `communities_users` (`community_id`, `user_id`, `created_at`) VALUES (87, 134, '2018-06-24 11:58:28');
INSERT INTO `communities_users` (`community_id`, `user_id`, `created_at`) VALUES (88, 46, '2018-09-08 03:59:17');
INSERT INTO `communities_users` (`community_id`, `user_id`, `created_at`) VALUES (89, 102, '2012-09-06 01:11:48');
INSERT INTO `communities_users` (`community_id`, `user_id`, `created_at`) VALUES (90, 109, '2019-09-26 01:12:45');
INSERT INTO `communities_users` (`community_id`, `user_id`, `created_at`) VALUES (91, 151, '2017-11-19 22:03:14');
INSERT INTO `communities_users` (`community_id`, `user_id`, `created_at`) VALUES (92, 86, '2012-07-12 11:29:06');
INSERT INTO `communities_users` (`community_id`, `user_id`, `created_at`) VALUES (93, 82, '2016-09-06 19:41:38');
INSERT INTO `communities_users` (`community_id`, `user_id`, `created_at`) VALUES (94, 119, '2018-04-09 02:01:55');
INSERT INTO `communities_users` (`community_id`, `user_id`, `created_at`) VALUES (95, 68, '2013-10-03 19:13:02');
INSERT INTO `communities_users` (`community_id`, `user_id`, `created_at`) VALUES (96, 73, '2013-02-18 16:44:05');
INSERT INTO `communities_users` (`community_id`, `user_id`, `created_at`) VALUES (97, 133, '2014-10-23 15:50:31');
INSERT INTO `communities_users` (`community_id`, `user_id`, `created_at`) VALUES (98, 36, '2013-02-06 23:53:07');
INSERT INTO `communities_users` (`community_id`, `user_id`, `created_at`) VALUES (99, 87, '2017-01-20 06:09:58');
INSERT INTO `communities_users` (`community_id`, `user_id`, `created_at`) VALUES (100, 47, '2012-05-18 04:48:39');
INSERT INTO `communities_users` (`community_id`, `user_id`, `created_at`) VALUES (101, 5, '2011-10-11 13:45:43');
INSERT INTO `communities_users` (`community_id`, `user_id`, `created_at`) VALUES (102, 96, '2015-04-24 15:01:08');
INSERT INTO `communities_users` (`community_id`, `user_id`, `created_at`) VALUES (103, 187, '2018-05-15 02:41:24');
INSERT INTO `communities_users` (`community_id`, `user_id`, `created_at`) VALUES (104, 137, '2012-01-13 09:34:23');
INSERT INTO `communities_users` (`community_id`, `user_id`, `created_at`) VALUES (105, 48, '2018-01-01 12:53:13');
INSERT INTO `communities_users` (`community_id`, `user_id`, `created_at`) VALUES (106, 153, '2017-11-20 16:08:37');
INSERT INTO `communities_users` (`community_id`, `user_id`, `created_at`) VALUES (107, 198, '2011-09-08 18:13:42');
INSERT INTO `communities_users` (`community_id`, `user_id`, `created_at`) VALUES (108, 44, '2011-10-23 03:55:25');
INSERT INTO `communities_users` (`community_id`, `user_id`, `created_at`) VALUES (109, 180, '2017-11-06 14:10:47');
INSERT INTO `communities_users` (`community_id`, `user_id`, `created_at`) VALUES (110, 161, '2011-06-28 02:03:19');
INSERT INTO `communities_users` (`community_id`, `user_id`, `created_at`) VALUES (111, 172, '2017-05-03 12:33:51');
INSERT INTO `communities_users` (`community_id`, `user_id`, `created_at`) VALUES (112, 17, '2012-02-21 16:40:14');
INSERT INTO `communities_users` (`community_id`, `user_id`, `created_at`) VALUES (113, 150, '2015-02-01 09:11:37');
INSERT INTO `communities_users` (`community_id`, `user_id`, `created_at`) VALUES (114, 89, '2016-08-30 23:50:45');
INSERT INTO `communities_users` (`community_id`, `user_id`, `created_at`) VALUES (115, 5, '2017-02-12 13:22:57');
INSERT INTO `communities_users` (`community_id`, `user_id`, `created_at`) VALUES (116, 188, '2018-06-14 04:39:17');
INSERT INTO `communities_users` (`community_id`, `user_id`, `created_at`) VALUES (117, 14, '2021-01-23 17:40:36');
INSERT INTO `communities_users` (`community_id`, `user_id`, `created_at`) VALUES (118, 168, '2011-12-28 19:19:42');
INSERT INTO `communities_users` (`community_id`, `user_id`, `created_at`) VALUES (119, 155, '2012-05-19 08:27:15');
INSERT INTO `communities_users` (`community_id`, `user_id`, `created_at`) VALUES (120, 20, '2020-03-24 10:37:09');
INSERT INTO `communities_users` (`community_id`, `user_id`, `created_at`) VALUES (121, 53, '2015-02-16 23:29:02');
INSERT INTO `communities_users` (`community_id`, `user_id`, `created_at`) VALUES (122, 178, '2012-12-13 05:29:06');
INSERT INTO `communities_users` (`community_id`, `user_id`, `created_at`) VALUES (123, 119, '2012-03-01 08:39:34');
INSERT INTO `communities_users` (`community_id`, `user_id`, `created_at`) VALUES (124, 138, '2012-06-26 20:27:50');
INSERT INTO `communities_users` (`community_id`, `user_id`, `created_at`) VALUES (125, 170, '2014-08-17 11:46:41');
INSERT INTO `communities_users` (`community_id`, `user_id`, `created_at`) VALUES (126, 152, '2016-07-01 15:01:41');
INSERT INTO `communities_users` (`community_id`, `user_id`, `created_at`) VALUES (127, 9, '2020-06-17 09:31:21');
INSERT INTO `communities_users` (`community_id`, `user_id`, `created_at`) VALUES (128, 183, '2015-06-01 19:01:17');
INSERT INTO `communities_users` (`community_id`, `user_id`, `created_at`) VALUES (129, 95, '2017-03-22 19:10:55');
INSERT INTO `communities_users` (`community_id`, `user_id`, `created_at`) VALUES (130, 103, '2013-06-11 16:38:14');
INSERT INTO `communities_users` (`community_id`, `user_id`, `created_at`) VALUES (131, 122, '2019-11-28 17:42:05');
INSERT INTO `communities_users` (`community_id`, `user_id`, `created_at`) VALUES (132, 89, '2016-11-05 10:17:42');
INSERT INTO `communities_users` (`community_id`, `user_id`, `created_at`) VALUES (133, 136, '2015-01-18 09:00:05');
INSERT INTO `communities_users` (`community_id`, `user_id`, `created_at`) VALUES (134, 53, '2021-02-08 12:30:35');
INSERT INTO `communities_users` (`community_id`, `user_id`, `created_at`) VALUES (135, 35, '2014-05-18 07:52:51');
INSERT INTO `communities_users` (`community_id`, `user_id`, `created_at`) VALUES (136, 171, '2016-12-11 12:23:13');
INSERT INTO `communities_users` (`community_id`, `user_id`, `created_at`) VALUES (137, 195, '2017-10-20 11:18:48');
INSERT INTO `communities_users` (`community_id`, `user_id`, `created_at`) VALUES (138, 2, '2011-06-25 02:48:15');
INSERT INTO `communities_users` (`community_id`, `user_id`, `created_at`) VALUES (139, 55, '2014-08-03 10:48:24');
INSERT INTO `communities_users` (`community_id`, `user_id`, `created_at`) VALUES (140, 7, '2015-04-05 15:41:24');
INSERT INTO `communities_users` (`community_id`, `user_id`, `created_at`) VALUES (141, 184, '2019-07-22 10:59:15');
INSERT INTO `communities_users` (`community_id`, `user_id`, `created_at`) VALUES (142, 184, '2016-08-31 14:59:04');
INSERT INTO `communities_users` (`community_id`, `user_id`, `created_at`) VALUES (143, 64, '2018-07-25 18:16:39');
INSERT INTO `communities_users` (`community_id`, `user_id`, `created_at`) VALUES (144, 54, '2013-12-31 15:33:30');
INSERT INTO `communities_users` (`community_id`, `user_id`, `created_at`) VALUES (145, 119, '2014-02-09 01:52:27');
INSERT INTO `communities_users` (`community_id`, `user_id`, `created_at`) VALUES (146, 163, '2017-07-06 07:00:27');
INSERT INTO `communities_users` (`community_id`, `user_id`, `created_at`) VALUES (147, 76, '2019-05-15 10:19:14');
INSERT INTO `communities_users` (`community_id`, `user_id`, `created_at`) VALUES (148, 58, '2015-05-30 10:28:59');
INSERT INTO `communities_users` (`community_id`, `user_id`, `created_at`) VALUES (149, 79, '2016-02-23 09:11:06');
INSERT INTO `communities_users` (`community_id`, `user_id`, `created_at`) VALUES (150, 28, '2017-02-04 18:21:45');
INSERT INTO `communities_users` (`community_id`, `user_id`, `created_at`) VALUES (151, 155, '2019-12-29 05:32:32');
INSERT INTO `communities_users` (`community_id`, `user_id`, `created_at`) VALUES (152, 63, '2020-05-17 09:49:02');
INSERT INTO `communities_users` (`community_id`, `user_id`, `created_at`) VALUES (153, 20, '2017-07-15 04:40:56');
INSERT INTO `communities_users` (`community_id`, `user_id`, `created_at`) VALUES (154, 67, '2012-06-17 05:02:10');
INSERT INTO `communities_users` (`community_id`, `user_id`, `created_at`) VALUES (155, 111, '2020-03-06 17:02:14');
INSERT INTO `communities_users` (`community_id`, `user_id`, `created_at`) VALUES (156, 182, '2020-11-16 02:14:43');
INSERT INTO `communities_users` (`community_id`, `user_id`, `created_at`) VALUES (157, 145, '2011-07-04 12:49:54');
INSERT INTO `communities_users` (`community_id`, `user_id`, `created_at`) VALUES (158, 112, '2016-11-17 03:28:45');
INSERT INTO `communities_users` (`community_id`, `user_id`, `created_at`) VALUES (159, 92, '2012-12-24 17:08:39');
INSERT INTO `communities_users` (`community_id`, `user_id`, `created_at`) VALUES (160, 6, '2019-09-12 22:24:27');
INSERT INTO `communities_users` (`community_id`, `user_id`, `created_at`) VALUES (161, 68, '2015-05-31 19:57:45');
INSERT INTO `communities_users` (`community_id`, `user_id`, `created_at`) VALUES (162, 106, '2015-10-24 20:37:40');
INSERT INTO `communities_users` (`community_id`, `user_id`, `created_at`) VALUES (163, 159, '2018-10-15 05:27:11');
INSERT INTO `communities_users` (`community_id`, `user_id`, `created_at`) VALUES (164, 17, '2017-08-09 01:25:24');
INSERT INTO `communities_users` (`community_id`, `user_id`, `created_at`) VALUES (165, 158, '2012-12-13 13:20:24');
INSERT INTO `communities_users` (`community_id`, `user_id`, `created_at`) VALUES (166, 65, '2018-01-02 08:00:25');
INSERT INTO `communities_users` (`community_id`, `user_id`, `created_at`) VALUES (167, 112, '2012-05-27 11:20:38');
INSERT INTO `communities_users` (`community_id`, `user_id`, `created_at`) VALUES (168, 143, '2016-06-10 05:43:02');
INSERT INTO `communities_users` (`community_id`, `user_id`, `created_at`) VALUES (169, 33, '2015-04-18 10:47:36');
INSERT INTO `communities_users` (`community_id`, `user_id`, `created_at`) VALUES (170, 40, '2018-06-04 16:17:22');
INSERT INTO `communities_users` (`community_id`, `user_id`, `created_at`) VALUES (171, 40, '2015-11-11 09:38:15');
INSERT INTO `communities_users` (`community_id`, `user_id`, `created_at`) VALUES (172, 107, '2013-01-19 05:17:50');
INSERT INTO `communities_users` (`community_id`, `user_id`, `created_at`) VALUES (173, 16, '2011-08-18 16:35:45');
INSERT INTO `communities_users` (`community_id`, `user_id`, `created_at`) VALUES (174, 93, '2013-11-18 12:34:55');
INSERT INTO `communities_users` (`community_id`, `user_id`, `created_at`) VALUES (175, 75, '2015-12-29 10:59:39');
INSERT INTO `communities_users` (`community_id`, `user_id`, `created_at`) VALUES (176, 98, '2011-11-19 22:58:37');
INSERT INTO `communities_users` (`community_id`, `user_id`, `created_at`) VALUES (177, 92, '2011-04-27 08:23:55');
INSERT INTO `communities_users` (`community_id`, `user_id`, `created_at`) VALUES (178, 8, '2015-12-19 12:42:47');
INSERT INTO `communities_users` (`community_id`, `user_id`, `created_at`) VALUES (179, 58, '2020-11-13 06:06:07');
INSERT INTO `communities_users` (`community_id`, `user_id`, `created_at`) VALUES (180, 29, '2013-08-21 01:49:14');
INSERT INTO `communities_users` (`community_id`, `user_id`, `created_at`) VALUES (181, 141, '2019-07-15 05:55:36');
INSERT INTO `communities_users` (`community_id`, `user_id`, `created_at`) VALUES (182, 71, '2011-06-15 13:27:34');
INSERT INTO `communities_users` (`community_id`, `user_id`, `created_at`) VALUES (183, 31, '2020-01-26 17:04:58');
INSERT INTO `communities_users` (`community_id`, `user_id`, `created_at`) VALUES (184, 30, '2018-02-05 23:37:39');
INSERT INTO `communities_users` (`community_id`, `user_id`, `created_at`) VALUES (185, 43, '2012-11-01 09:39:47');
INSERT INTO `communities_users` (`community_id`, `user_id`, `created_at`) VALUES (186, 64, '2015-11-10 22:48:57');
INSERT INTO `communities_users` (`community_id`, `user_id`, `created_at`) VALUES (187, 83, '2011-11-18 02:34:34');
INSERT INTO `communities_users` (`community_id`, `user_id`, `created_at`) VALUES (188, 31, '2014-08-15 22:20:19');
INSERT INTO `communities_users` (`community_id`, `user_id`, `created_at`) VALUES (189, 54, '2017-11-07 13:24:05');
INSERT INTO `communities_users` (`community_id`, `user_id`, `created_at`) VALUES (190, 18, '2020-11-13 00:25:47');
INSERT INTO `communities_users` (`community_id`, `user_id`, `created_at`) VALUES (191, 11, '2017-11-16 21:07:05');
INSERT INTO `communities_users` (`community_id`, `user_id`, `created_at`) VALUES (192, 11, '2014-07-25 18:29:21');
INSERT INTO `communities_users` (`community_id`, `user_id`, `created_at`) VALUES (193, 163, '2019-11-12 20:24:10');
INSERT INTO `communities_users` (`community_id`, `user_id`, `created_at`) VALUES (194, 26, '2016-07-12 01:26:25');
INSERT INTO `communities_users` (`community_id`, `user_id`, `created_at`) VALUES (195, 44, '2016-04-14 21:31:13');
INSERT INTO `communities_users` (`community_id`, `user_id`, `created_at`) VALUES (196, 22, '2016-05-18 18:11:01');
INSERT INTO `communities_users` (`community_id`, `user_id`, `created_at`) VALUES (197, 45, '2018-05-11 00:27:47');
INSERT INTO `communities_users` (`community_id`, `user_id`, `created_at`) VALUES (198, 65, '2012-10-22 10:31:02');
INSERT INTO `communities_users` (`community_id`, `user_id`, `created_at`) VALUES (199, 163, '2019-03-11 08:17:41');
INSERT INTO `communities_users` (`community_id`, `user_id`, `created_at`) VALUES (200, 172, '2016-12-04 08:24:21');


#
# TABLE STRUCTURE FOR: friendship
#

DROP TABLE IF EXISTS `friendship`;

CREATE TABLE `friendship` (
  `user_id` int(10) unsigned NOT NULL,
  `friend_id` int(10) unsigned NOT NULL,
  `status_id` int(10) unsigned NOT NULL,
  `requested_at` datetime DEFAULT current_timestamp(),
  `confirmed_at` datetime DEFAULT NULL,
  `created_at` datetime DEFAULT current_timestamp(),
  `updated_at` datetime DEFAULT current_timestamp() ON UPDATE current_timestamp(),
  PRIMARY KEY (`user_id`,`friend_id`)
) ENGINE=InnoDB DEFAULT CHARSET=utf8mb4 COLLATE=utf8mb4_unicode_ci;

INSERT INTO `friendship` (`user_id`, `friend_id`, `status_id`, `requested_at`, `confirmed_at`, `created_at`, `updated_at`) VALUES (1, 120, 1, '2011-05-27 01:10:52', '2018-03-20 21:04:16', '2017-04-11 06:53:43', '2014-06-30 00:22:12');
INSERT INTO `friendship` (`user_id`, `friend_id`, `status_id`, `requested_at`, `confirmed_at`, `created_at`, `updated_at`) VALUES (2, 4, 2, '2017-04-30 07:47:38', '2013-12-08 02:33:29', '2019-12-06 09:03:01', '2011-03-26 16:58:49');
INSERT INTO `friendship` (`user_id`, `friend_id`, `status_id`, `requested_at`, `confirmed_at`, `created_at`, `updated_at`) VALUES (3, 151, 2, '2012-06-25 00:20:39', '2015-07-02 04:04:06', '2016-06-16 10:56:50', '2014-04-28 03:32:54');
INSERT INTO `friendship` (`user_id`, `friend_id`, `status_id`, `requested_at`, `confirmed_at`, `created_at`, `updated_at`) VALUES (5, 63, 1, '2013-06-18 10:44:53', '2013-07-10 15:17:10', '2018-01-06 03:23:44', '2017-09-16 12:57:24');
INSERT INTO `friendship` (`user_id`, `friend_id`, `status_id`, `requested_at`, `confirmed_at`, `created_at`, `updated_at`) VALUES (6, 124, 2, '2011-09-16 16:48:43', '2019-01-05 07:05:00', '2013-07-18 04:46:59', '2011-07-17 11:24:14');
INSERT INTO `friendship` (`user_id`, `friend_id`, `status_id`, `requested_at`, `confirmed_at`, `created_at`, `updated_at`) VALUES (6, 145, 1, '2011-12-10 10:05:55', '2018-02-04 20:29:40', '2013-04-08 21:12:08', '2017-01-06 07:16:52');
INSERT INTO `friendship` (`user_id`, `friend_id`, `status_id`, `requested_at`, `confirmed_at`, `created_at`, `updated_at`) VALUES (7, 79, 1, '2016-08-03 11:29:18', '2013-07-10 08:38:20', '2018-01-22 07:14:36', '2015-07-13 14:58:18');
INSERT INTO `friendship` (`user_id`, `friend_id`, `status_id`, `requested_at`, `confirmed_at`, `created_at`, `updated_at`) VALUES (7, 89, 2, '2012-09-16 21:27:30', '2011-07-03 07:41:59', '2014-05-06 17:12:21', '2014-10-31 13:46:37');
INSERT INTO `friendship` (`user_id`, `friend_id`, `status_id`, `requested_at`, `confirmed_at`, `created_at`, `updated_at`) VALUES (8, 45, 2, '2014-03-14 09:33:11', '2012-02-19 15:07:49', '2014-02-10 13:25:18', '2020-05-25 01:09:25');
INSERT INTO `friendship` (`user_id`, `friend_id`, `status_id`, `requested_at`, `confirmed_at`, `created_at`, `updated_at`) VALUES (9, 70, 2, '2014-12-31 14:21:19', '2013-11-07 13:24:47', '2014-10-31 06:46:09', '2016-07-11 20:45:59');
INSERT INTO `friendship` (`user_id`, `friend_id`, `status_id`, `requested_at`, `confirmed_at`, `created_at`, `updated_at`) VALUES (10, 41, 1, '2020-10-09 00:15:18', '2015-01-15 17:00:20', '2016-03-26 22:19:08', '2018-11-15 23:59:44');
INSERT INTO `friendship` (`user_id`, `friend_id`, `status_id`, `requested_at`, `confirmed_at`, `created_at`, `updated_at`) VALUES (10, 82, 1, '2014-11-15 12:48:20', '2019-02-10 13:40:05', '2018-01-08 10:01:29', '2014-09-07 03:54:16');
INSERT INTO `friendship` (`user_id`, `friend_id`, `status_id`, `requested_at`, `confirmed_at`, `created_at`, `updated_at`) VALUES (10, 98, 2, '2015-04-18 03:00:16', '2015-08-02 20:17:48', '2020-01-12 15:03:57', '2021-02-01 05:49:37');
INSERT INTO `friendship` (`user_id`, `friend_id`, `status_id`, `requested_at`, `confirmed_at`, `created_at`, `updated_at`) VALUES (10, 121, 2, '2015-10-26 19:22:08', '2015-10-12 05:42:13', '2015-01-28 00:40:38', '2011-04-11 11:06:25');
INSERT INTO `friendship` (`user_id`, `friend_id`, `status_id`, `requested_at`, `confirmed_at`, `created_at`, `updated_at`) VALUES (11, 61, 1, '2012-04-18 20:45:49', '2011-02-20 15:04:37', '2017-03-01 08:38:42', '2016-03-19 03:53:36');
INSERT INTO `friendship` (`user_id`, `friend_id`, `status_id`, `requested_at`, `confirmed_at`, `created_at`, `updated_at`) VALUES (11, 86, 1, '2012-03-18 20:40:43', '2016-10-27 00:30:32', '2020-08-29 22:05:55', '2021-02-04 20:32:30');
INSERT INTO `friendship` (`user_id`, `friend_id`, `status_id`, `requested_at`, `confirmed_at`, `created_at`, `updated_at`) VALUES (11, 93, 1, '2011-05-01 10:38:20', '2013-10-13 07:32:43', '2013-03-05 10:32:26', '2014-09-10 09:28:58');
INSERT INTO `friendship` (`user_id`, `friend_id`, `status_id`, `requested_at`, `confirmed_at`, `created_at`, `updated_at`) VALUES (13, 142, 1, '2017-10-06 08:19:21', '2012-07-23 20:16:56', '2012-08-04 14:31:16', '2016-10-02 05:05:01');
INSERT INTO `friendship` (`user_id`, `friend_id`, `status_id`, `requested_at`, `confirmed_at`, `created_at`, `updated_at`) VALUES (14, 90, 1, '2018-05-12 07:56:15', '2012-04-09 07:28:11', '2012-03-13 13:04:19', '2011-08-12 07:45:43');
INSERT INTO `friendship` (`user_id`, `friend_id`, `status_id`, `requested_at`, `confirmed_at`, `created_at`, `updated_at`) VALUES (15, 78, 1, '2020-06-29 12:26:14', '2012-05-15 19:06:35', '2015-11-01 19:00:22', '2015-04-12 17:05:34');
INSERT INTO `friendship` (`user_id`, `friend_id`, `status_id`, `requested_at`, `confirmed_at`, `created_at`, `updated_at`) VALUES (15, 96, 1, '2020-01-01 08:33:19', '2016-01-22 12:32:45', '2018-06-02 08:44:41', '2015-04-07 02:34:32');
INSERT INTO `friendship` (`user_id`, `friend_id`, `status_id`, `requested_at`, `confirmed_at`, `created_at`, `updated_at`) VALUES (16, 161, 1, '2017-07-01 19:49:01', '2016-12-06 06:06:47', '2015-11-30 14:46:06', '2014-11-03 08:44:27');
INSERT INTO `friendship` (`user_id`, `friend_id`, `status_id`, `requested_at`, `confirmed_at`, `created_at`, `updated_at`) VALUES (17, 70, 1, '2013-11-04 06:49:17', '2020-02-22 06:29:28', '2011-03-01 20:05:48', '2012-12-13 18:31:39');
INSERT INTO `friendship` (`user_id`, `friend_id`, `status_id`, `requested_at`, `confirmed_at`, `created_at`, `updated_at`) VALUES (17, 82, 2, '2018-11-16 00:21:09', '2018-05-15 11:24:53', '2017-05-10 01:25:38', '2020-04-03 08:47:45');
INSERT INTO `friendship` (`user_id`, `friend_id`, `status_id`, `requested_at`, `confirmed_at`, `created_at`, `updated_at`) VALUES (17, 97, 1, '2020-01-06 17:20:22', '2016-11-06 17:35:52', '2020-06-30 04:46:59', '2020-09-27 18:20:17');
INSERT INTO `friendship` (`user_id`, `friend_id`, `status_id`, `requested_at`, `confirmed_at`, `created_at`, `updated_at`) VALUES (17, 133, 1, '2018-09-30 07:54:32', '2013-05-23 12:35:23', '2021-02-02 19:24:13', '2011-03-29 21:50:13');
INSERT INTO `friendship` (`user_id`, `friend_id`, `status_id`, `requested_at`, `confirmed_at`, `created_at`, `updated_at`) VALUES (18, 119, 1, '2013-05-17 16:59:03', '2014-07-12 13:26:15', '2020-01-13 15:28:34', '2011-04-21 09:09:11');
INSERT INTO `friendship` (`user_id`, `friend_id`, `status_id`, `requested_at`, `confirmed_at`, `created_at`, `updated_at`) VALUES (18, 159, 2, '2011-12-26 06:12:30', '2015-03-05 16:20:58', '2014-11-15 00:56:19', '2016-11-14 10:21:00');
INSERT INTO `friendship` (`user_id`, `friend_id`, `status_id`, `requested_at`, `confirmed_at`, `created_at`, `updated_at`) VALUES (21, 31, 1, '2013-04-05 13:03:07', '2019-08-28 15:48:51', '2012-02-05 01:55:06', '2013-05-10 17:57:14');
INSERT INTO `friendship` (`user_id`, `friend_id`, `status_id`, `requested_at`, `confirmed_at`, `created_at`, `updated_at`) VALUES (22, 36, 2, '2016-12-25 03:51:01', '2017-09-16 15:59:42', '2015-12-23 11:40:53', '2017-09-07 17:59:03');
INSERT INTO `friendship` (`user_id`, `friend_id`, `status_id`, `requested_at`, `confirmed_at`, `created_at`, `updated_at`) VALUES (22, 65, 1, '2012-06-27 11:33:45', '2021-01-04 02:42:36', '2017-06-26 13:59:06', '2014-01-17 01:02:05');
INSERT INTO `friendship` (`user_id`, `friend_id`, `status_id`, `requested_at`, `confirmed_at`, `created_at`, `updated_at`) VALUES (22, 69, 2, '2019-12-19 11:32:44', '2019-10-31 00:13:58', '2018-11-03 10:12:09', '2020-03-09 03:29:17');
INSERT INTO `friendship` (`user_id`, `friend_id`, `status_id`, `requested_at`, `confirmed_at`, `created_at`, `updated_at`) VALUES (23, 78, 1, '2012-08-19 23:24:02', '2013-05-21 12:10:52', '2019-01-10 06:55:31', '2018-08-23 08:23:17');
INSERT INTO `friendship` (`user_id`, `friend_id`, `status_id`, `requested_at`, `confirmed_at`, `created_at`, `updated_at`) VALUES (25, 58, 2, '2014-01-29 02:12:57', '2011-07-29 10:59:11', '2012-07-13 11:54:08', '2016-03-10 16:44:21');
INSERT INTO `friendship` (`user_id`, `friend_id`, `status_id`, `requested_at`, `confirmed_at`, `created_at`, `updated_at`) VALUES (27, 74, 1, '2016-01-29 23:50:46', '2020-08-28 17:34:51', '2017-08-21 16:57:48', '2013-11-08 18:06:29');
INSERT INTO `friendship` (`user_id`, `friend_id`, `status_id`, `requested_at`, `confirmed_at`, `created_at`, `updated_at`) VALUES (28, 162, 2, '2014-08-17 16:11:46', '2015-07-19 05:48:43', '2012-05-13 11:30:36', '2018-08-16 13:26:06');
INSERT INTO `friendship` (`user_id`, `friend_id`, `status_id`, `requested_at`, `confirmed_at`, `created_at`, `updated_at`) VALUES (32, 190, 2, '2020-05-10 03:02:11', '2014-01-07 23:38:44', '2011-10-24 22:20:36', '2019-04-22 05:18:37');
INSERT INTO `friendship` (`user_id`, `friend_id`, `status_id`, `requested_at`, `confirmed_at`, `created_at`, `updated_at`) VALUES (35, 77, 1, '2015-12-08 18:46:10', '2015-06-05 04:53:02', '2020-10-30 21:36:33', '2020-01-03 01:30:53');
INSERT INTO `friendship` (`user_id`, `friend_id`, `status_id`, `requested_at`, `confirmed_at`, `created_at`, `updated_at`) VALUES (35, 86, 2, '2015-10-01 07:25:08', '2012-09-26 01:43:27', '2016-07-21 02:20:59', '2013-02-16 13:02:47');
INSERT INTO `friendship` (`user_id`, `friend_id`, `status_id`, `requested_at`, `confirmed_at`, `created_at`, `updated_at`) VALUES (35, 126, 2, '2011-04-13 00:11:23', '2013-02-02 07:28:49', '2011-05-01 10:20:44', '2012-05-05 11:47:32');
INSERT INTO `friendship` (`user_id`, `friend_id`, `status_id`, `requested_at`, `confirmed_at`, `created_at`, `updated_at`) VALUES (36, 62, 1, '2011-04-05 05:08:12', '2014-06-26 16:00:41', '2015-04-30 20:35:40', '2020-06-11 14:08:33');
INSERT INTO `friendship` (`user_id`, `friend_id`, `status_id`, `requested_at`, `confirmed_at`, `created_at`, `updated_at`) VALUES (36, 103, 2, '2014-11-15 08:13:56', '2011-08-20 15:28:48', '2017-09-17 20:38:31', '2014-10-01 19:30:51');
INSERT INTO `friendship` (`user_id`, `friend_id`, `status_id`, `requested_at`, `confirmed_at`, `created_at`, `updated_at`) VALUES (37, 119, 1, '2020-02-12 09:36:42', '2012-12-13 05:28:46', '2014-04-13 21:33:02', '2011-11-15 12:43:33');
INSERT INTO `friendship` (`user_id`, `friend_id`, `status_id`, `requested_at`, `confirmed_at`, `created_at`, `updated_at`) VALUES (38, 29, 1, '2019-06-09 04:52:07', '2012-06-05 16:52:37', '2019-03-11 02:20:02', '2016-10-29 23:15:11');
INSERT INTO `friendship` (`user_id`, `friend_id`, `status_id`, `requested_at`, `confirmed_at`, `created_at`, `updated_at`) VALUES (38, 86, 1, '2011-09-18 15:30:51', '2012-02-17 21:52:11', '2020-10-06 13:07:04', '2016-04-17 09:37:39');
INSERT INTO `friendship` (`user_id`, `friend_id`, `status_id`, `requested_at`, `confirmed_at`, `created_at`, `updated_at`) VALUES (40, 122, 1, '2017-03-18 20:32:30', '2016-01-08 12:41:46', '2020-11-26 16:27:31', '2018-10-25 09:52:30');
INSERT INTO `friendship` (`user_id`, `friend_id`, `status_id`, `requested_at`, `confirmed_at`, `created_at`, `updated_at`) VALUES (40, 140, 1, '2015-01-19 11:19:22', '2017-07-21 10:52:03', '2018-06-20 20:07:15', '2015-03-02 06:19:22');
INSERT INTO `friendship` (`user_id`, `friend_id`, `status_id`, `requested_at`, `confirmed_at`, `created_at`, `updated_at`) VALUES (42, 55, 1, '2016-04-13 03:05:50', '2015-01-19 17:26:37', '2015-08-17 18:42:54', '2018-03-02 00:02:45');
INSERT INTO `friendship` (`user_id`, `friend_id`, `status_id`, `requested_at`, `confirmed_at`, `created_at`, `updated_at`) VALUES (42, 150, 1, '2011-11-16 03:10:07', '2019-06-19 06:59:39', '2016-03-27 00:06:37', '2012-11-29 12:00:27');
INSERT INTO `friendship` (`user_id`, `friend_id`, `status_id`, `requested_at`, `confirmed_at`, `created_at`, `updated_at`) VALUES (43, 30, 1, '2013-06-21 02:50:33', '2019-01-25 18:18:58', '2018-06-05 05:07:09', '2015-07-02 03:37:42');
INSERT INTO `friendship` (`user_id`, `friend_id`, `status_id`, `requested_at`, `confirmed_at`, `created_at`, `updated_at`) VALUES (43, 123, 1, '2013-12-14 16:47:43', '2014-07-19 02:30:44', '2015-11-14 06:34:56', '2018-11-01 15:36:10');
INSERT INTO `friendship` (`user_id`, `friend_id`, `status_id`, `requested_at`, `confirmed_at`, `created_at`, `updated_at`) VALUES (43, 166, 2, '2016-01-31 07:12:44', '2017-12-07 17:24:56', '2019-08-04 06:48:53', '2013-12-24 15:26:24');
INSERT INTO `friendship` (`user_id`, `friend_id`, `status_id`, `requested_at`, `confirmed_at`, `created_at`, `updated_at`) VALUES (44, 41, 1, '2013-05-01 03:15:42', '2016-08-23 12:00:30', '2020-02-19 01:18:04', '2017-12-31 12:43:37');
INSERT INTO `friendship` (`user_id`, `friend_id`, `status_id`, `requested_at`, `confirmed_at`, `created_at`, `updated_at`) VALUES (44, 50, 1, '2019-05-22 01:17:26', '2020-10-24 00:27:39', '2020-05-28 06:04:50', '2018-04-19 18:20:53');
INSERT INTO `friendship` (`user_id`, `friend_id`, `status_id`, `requested_at`, `confirmed_at`, `created_at`, `updated_at`) VALUES (45, 99, 1, '2015-08-08 05:16:14', '2015-11-12 06:17:33', '2014-08-07 19:00:59', '2019-01-26 02:18:09');
INSERT INTO `friendship` (`user_id`, `friend_id`, `status_id`, `requested_at`, `confirmed_at`, `created_at`, `updated_at`) VALUES (48, 25, 1, '2013-05-27 04:56:14', '2011-04-17 10:04:25', '2020-03-10 22:12:58', '2015-09-25 07:05:15');
INSERT INTO `friendship` (`user_id`, `friend_id`, `status_id`, `requested_at`, `confirmed_at`, `created_at`, `updated_at`) VALUES (48, 115, 1, '2019-01-31 18:46:38', '2014-07-24 18:38:37', '2018-07-26 16:00:06', '2014-09-08 23:03:10');
INSERT INTO `friendship` (`user_id`, `friend_id`, `status_id`, `requested_at`, `confirmed_at`, `created_at`, `updated_at`) VALUES (50, 18, 2, '2012-05-09 05:06:28', '2020-09-19 02:48:43', '2017-01-11 16:04:22', '2012-12-24 01:15:52');
INSERT INTO `friendship` (`user_id`, `friend_id`, `status_id`, `requested_at`, `confirmed_at`, `created_at`, `updated_at`) VALUES (50, 145, 2, '2016-09-02 08:10:39', '2018-09-17 22:16:06', '2012-01-29 23:19:36', '2015-11-13 18:10:55');
INSERT INTO `friendship` (`user_id`, `friend_id`, `status_id`, `requested_at`, `confirmed_at`, `created_at`, `updated_at`) VALUES (54, 63, 2, '2017-03-31 07:36:36', '2015-03-19 19:39:59', '2020-02-27 11:03:49', '2019-06-12 10:29:50');
INSERT INTO `friendship` (`user_id`, `friend_id`, `status_id`, `requested_at`, `confirmed_at`, `created_at`, `updated_at`) VALUES (55, 154, 1, '2016-05-01 21:29:01', '2016-12-26 20:24:20', '2018-11-12 02:21:50', '2014-11-22 15:44:40');
INSERT INTO `friendship` (`user_id`, `friend_id`, `status_id`, `requested_at`, `confirmed_at`, `created_at`, `updated_at`) VALUES (55, 164, 1, '2016-06-18 07:08:53', '2018-01-07 21:58:15', '2015-11-21 00:03:12', '2018-08-16 04:31:47');
INSERT INTO `friendship` (`user_id`, `friend_id`, `status_id`, `requested_at`, `confirmed_at`, `created_at`, `updated_at`) VALUES (57, 14, 1, '2011-05-21 08:35:12', '2011-06-19 04:18:42', '2013-05-05 23:54:35', '2016-11-23 17:33:45');
INSERT INTO `friendship` (`user_id`, `friend_id`, `status_id`, `requested_at`, `confirmed_at`, `created_at`, `updated_at`) VALUES (58, 133, 1, '2016-12-18 17:50:22', '2011-08-07 12:18:26', '2019-08-21 09:36:41', '2013-05-13 13:02:45');
INSERT INTO `friendship` (`user_id`, `friend_id`, `status_id`, `requested_at`, `confirmed_at`, `created_at`, `updated_at`) VALUES (59, 106, 1, '2016-05-10 08:56:44', '2015-09-11 05:06:46', '2020-10-03 22:41:13', '2015-04-08 09:01:30');
INSERT INTO `friendship` (`user_id`, `friend_id`, `status_id`, `requested_at`, `confirmed_at`, `created_at`, `updated_at`) VALUES (61, 42, 1, '2018-04-08 22:00:38', '2019-02-20 14:09:47', '2020-10-26 02:59:09', '2015-02-26 21:19:23');
INSERT INTO `friendship` (`user_id`, `friend_id`, `status_id`, `requested_at`, `confirmed_at`, `created_at`, `updated_at`) VALUES (61, 116, 2, '2015-10-27 08:43:50', '2019-03-12 10:58:02', '2018-08-21 12:16:13', '2018-09-01 14:18:05');
INSERT INTO `friendship` (`user_id`, `friend_id`, `status_id`, `requested_at`, `confirmed_at`, `created_at`, `updated_at`) VALUES (61, 158, 2, '2018-09-28 07:31:16', '2011-05-16 23:44:40', '2017-08-17 19:19:20', '2020-03-05 04:29:39');
INSERT INTO `friendship` (`user_id`, `friend_id`, `status_id`, `requested_at`, `confirmed_at`, `created_at`, `updated_at`) VALUES (61, 193, 1, '2012-01-19 17:17:15', '2015-05-02 16:59:21', '2019-10-09 03:52:53', '2011-05-03 18:26:29');
INSERT INTO `friendship` (`user_id`, `friend_id`, `status_id`, `requested_at`, `confirmed_at`, `created_at`, `updated_at`) VALUES (62, 103, 2, '2019-05-30 13:16:07', '2020-11-25 12:22:01', '2011-08-22 19:06:00', '2018-01-17 12:10:49');
INSERT INTO `friendship` (`user_id`, `friend_id`, `status_id`, `requested_at`, `confirmed_at`, `created_at`, `updated_at`) VALUES (63, 116, 2, '2012-05-15 09:39:39', '2019-05-10 10:41:28', '2015-06-12 02:06:46', '2013-12-24 08:12:40');
INSERT INTO `friendship` (`user_id`, `friend_id`, `status_id`, `requested_at`, `confirmed_at`, `created_at`, `updated_at`) VALUES (66, 179, 2, '2011-08-10 17:08:44', '2014-03-30 08:36:37', '2017-07-11 09:55:54', '2017-01-16 03:22:05');
INSERT INTO `friendship` (`user_id`, `friend_id`, `status_id`, `requested_at`, `confirmed_at`, `created_at`, `updated_at`) VALUES (68, 175, 1, '2013-04-24 23:43:01', '2011-09-24 07:28:28', '2011-02-28 10:40:54', '2019-01-20 16:45:14');
INSERT INTO `friendship` (`user_id`, `friend_id`, `status_id`, `requested_at`, `confirmed_at`, `created_at`, `updated_at`) VALUES (69, 33, 1, '2020-05-31 12:22:55', '2019-12-04 22:57:38', '2019-09-22 18:37:18', '2014-09-30 15:13:37');
INSERT INTO `friendship` (`user_id`, `friend_id`, `status_id`, `requested_at`, `confirmed_at`, `created_at`, `updated_at`) VALUES (69, 65, 1, '2017-05-22 23:24:29', '2013-09-11 14:22:28', '2018-07-22 14:17:56', '2020-03-15 09:35:39');
INSERT INTO `friendship` (`user_id`, `friend_id`, `status_id`, `requested_at`, `confirmed_at`, `created_at`, `updated_at`) VALUES (70, 20, 1, '2019-10-01 18:57:59', '2017-11-19 19:06:33', '2018-05-06 09:01:06', '2019-02-12 19:28:50');
INSERT INTO `friendship` (`user_id`, `friend_id`, `status_id`, `requested_at`, `confirmed_at`, `created_at`, `updated_at`) VALUES (70, 81, 2, '2016-09-18 14:30:06', '2012-11-22 15:08:37', '2015-02-01 21:52:46', '2012-10-20 23:32:12');
INSERT INTO `friendship` (`user_id`, `friend_id`, `status_id`, `requested_at`, `confirmed_at`, `created_at`, `updated_at`) VALUES (71, 148, 2, '2012-12-12 00:47:19', '2017-11-09 21:55:44', '2011-10-12 21:39:52', '2013-08-25 16:35:49');
INSERT INTO `friendship` (`user_id`, `friend_id`, `status_id`, `requested_at`, `confirmed_at`, `created_at`, `updated_at`) VALUES (71, 178, 2, '2020-11-27 23:54:19', '2015-10-25 10:10:17', '2014-11-01 19:35:30', '2017-12-28 15:50:14');
INSERT INTO `friendship` (`user_id`, `friend_id`, `status_id`, `requested_at`, `confirmed_at`, `created_at`, `updated_at`) VALUES (71, 199, 2, '2013-05-15 02:50:26', '2015-01-20 10:22:57', '2013-11-09 13:06:08', '2012-05-13 04:02:33');
INSERT INTO `friendship` (`user_id`, `friend_id`, `status_id`, `requested_at`, `confirmed_at`, `created_at`, `updated_at`) VALUES (73, 54, 1, '2020-01-18 16:28:55', '2012-01-03 03:14:14', '2020-02-09 21:13:55', '2013-12-13 15:58:42');
INSERT INTO `friendship` (`user_id`, `friend_id`, `status_id`, `requested_at`, `confirmed_at`, `created_at`, `updated_at`) VALUES (75, 39, 1, '2017-03-03 12:02:57', '2013-06-05 07:10:27', '2013-07-29 00:39:14', '2020-06-09 05:28:01');
INSERT INTO `friendship` (`user_id`, `friend_id`, `status_id`, `requested_at`, `confirmed_at`, `created_at`, `updated_at`) VALUES (75, 183, 2, '2013-03-04 19:59:41', '2017-04-27 03:49:05', '2016-09-03 00:58:19', '2011-11-09 06:36:07');
INSERT INTO `friendship` (`user_id`, `friend_id`, `status_id`, `requested_at`, `confirmed_at`, `created_at`, `updated_at`) VALUES (76, 7, 1, '2017-03-10 15:35:00', '2012-06-23 13:32:44', '2014-11-02 05:13:51', '2014-09-17 05:00:37');
INSERT INTO `friendship` (`user_id`, `friend_id`, `status_id`, `requested_at`, `confirmed_at`, `created_at`, `updated_at`) VALUES (77, 86, 2, '2018-06-24 23:17:49', '2017-12-09 08:33:21', '2014-11-23 17:59:07', '2019-10-12 21:31:57');
INSERT INTO `friendship` (`user_id`, `friend_id`, `status_id`, `requested_at`, `confirmed_at`, `created_at`, `updated_at`) VALUES (78, 149, 2, '2020-12-11 06:49:47', '2012-12-01 18:13:39', '2011-07-26 08:20:31', '2011-06-06 10:06:02');
INSERT INTO `friendship` (`user_id`, `friend_id`, `status_id`, `requested_at`, `confirmed_at`, `created_at`, `updated_at`) VALUES (79, 29, 1, '2019-10-13 16:41:04', '2011-04-09 05:43:38', '2012-02-24 04:49:04', '2020-06-21 14:25:34');
INSERT INTO `friendship` (`user_id`, `friend_id`, `status_id`, `requested_at`, `confirmed_at`, `created_at`, `updated_at`) VALUES (79, 57, 2, '2012-10-09 19:12:19', '2015-09-13 21:38:16', '2014-10-21 10:01:38', '2012-08-06 20:00:18');
INSERT INTO `friendship` (`user_id`, `friend_id`, `status_id`, `requested_at`, `confirmed_at`, `created_at`, `updated_at`) VALUES (79, 171, 1, '2018-02-23 02:23:29', '2012-03-01 04:36:56', '2020-05-14 07:21:21', '2016-05-02 13:50:32');
INSERT INTO `friendship` (`user_id`, `friend_id`, `status_id`, `requested_at`, `confirmed_at`, `created_at`, `updated_at`) VALUES (82, 25, 1, '2015-03-13 00:16:56', '2020-06-17 01:19:49', '2016-02-08 20:48:49', '2014-02-22 16:08:30');
INSERT INTO `friendship` (`user_id`, `friend_id`, `status_id`, `requested_at`, `confirmed_at`, `created_at`, `updated_at`) VALUES (82, 67, 2, '2014-07-29 07:54:49', '2016-12-07 12:00:50', '2019-06-07 07:04:57', '2014-03-25 13:51:50');
INSERT INTO `friendship` (`user_id`, `friend_id`, `status_id`, `requested_at`, `confirmed_at`, `created_at`, `updated_at`) VALUES (82, 120, 2, '2013-08-08 13:50:15', '2018-06-10 07:07:58', '2011-05-28 09:37:37', '2016-01-26 08:01:23');
INSERT INTO `friendship` (`user_id`, `friend_id`, `status_id`, `requested_at`, `confirmed_at`, `created_at`, `updated_at`) VALUES (83, 17, 2, '2017-11-08 19:40:03', '2015-02-06 10:26:13', '2018-05-03 03:08:40', '2019-06-04 22:09:35');
INSERT INTO `friendship` (`user_id`, `friend_id`, `status_id`, `requested_at`, `confirmed_at`, `created_at`, `updated_at`) VALUES (83, 87, 1, '2013-12-26 04:52:30', '2014-11-13 04:49:51', '2017-04-14 04:46:26', '2019-12-29 21:42:20');
INSERT INTO `friendship` (`user_id`, `friend_id`, `status_id`, `requested_at`, `confirmed_at`, `created_at`, `updated_at`) VALUES (84, 106, 1, '2020-07-08 22:29:27', '2018-07-22 23:05:44', '2012-02-10 20:19:23', '2013-09-16 22:52:01');
INSERT INTO `friendship` (`user_id`, `friend_id`, `status_id`, `requested_at`, `confirmed_at`, `created_at`, `updated_at`) VALUES (85, 171, 2, '2015-07-21 09:09:05', '2013-08-20 13:32:39', '2014-12-26 17:45:37', '2014-03-10 02:54:29');
INSERT INTO `friendship` (`user_id`, `friend_id`, `status_id`, `requested_at`, `confirmed_at`, `created_at`, `updated_at`) VALUES (89, 1, 2, '2012-12-13 03:19:56', '2011-04-01 10:44:12', '2019-04-05 22:25:02', '2012-06-08 17:53:33');
INSERT INTO `friendship` (`user_id`, `friend_id`, `status_id`, `requested_at`, `confirmed_at`, `created_at`, `updated_at`) VALUES (89, 83, 1, '2014-01-22 11:18:04', '2019-09-01 20:17:48', '2016-01-25 23:45:22', '2016-01-26 10:11:13');
INSERT INTO `friendship` (`user_id`, `friend_id`, `status_id`, `requested_at`, `confirmed_at`, `created_at`, `updated_at`) VALUES (91, 81, 1, '2015-09-02 09:36:47', '2018-12-08 16:46:10', '2016-11-19 12:19:39', '2019-11-18 23:57:02');
INSERT INTO `friendship` (`user_id`, `friend_id`, `status_id`, `requested_at`, `confirmed_at`, `created_at`, `updated_at`) VALUES (92, 83, 1, '2017-11-14 06:17:44', '2015-08-27 05:00:32', '2016-10-11 13:23:11', '2019-06-13 18:51:45');
INSERT INTO `friendship` (`user_id`, `friend_id`, `status_id`, `requested_at`, `confirmed_at`, `created_at`, `updated_at`) VALUES (93, 143, 1, '2012-04-27 10:57:00', '2012-06-25 01:43:19', '2011-09-18 10:26:30', '2020-07-08 20:43:17');
INSERT INTO `friendship` (`user_id`, `friend_id`, `status_id`, `requested_at`, `confirmed_at`, `created_at`, `updated_at`) VALUES (94, 42, 2, '2011-03-18 00:03:25', '2016-08-12 20:35:36', '2017-10-05 22:28:18', '2012-12-28 16:59:31');
INSERT INTO `friendship` (`user_id`, `friend_id`, `status_id`, `requested_at`, `confirmed_at`, `created_at`, `updated_at`) VALUES (94, 145, 1, '2018-11-01 04:33:53', '2019-08-11 20:58:28', '2018-09-22 21:49:23', '2015-02-03 11:26:58');
INSERT INTO `friendship` (`user_id`, `friend_id`, `status_id`, `requested_at`, `confirmed_at`, `created_at`, `updated_at`) VALUES (95, 148, 2, '2018-04-27 11:04:40', '2015-06-12 22:18:42', '2017-03-11 03:11:00', '2018-03-02 12:31:00');
INSERT INTO `friendship` (`user_id`, `friend_id`, `status_id`, `requested_at`, `confirmed_at`, `created_at`, `updated_at`) VALUES (96, 103, 2, '2012-02-25 08:14:40', '2011-05-25 03:53:55', '2012-05-27 19:02:55', '2011-04-11 19:58:06');
INSERT INTO `friendship` (`user_id`, `friend_id`, `status_id`, `requested_at`, `confirmed_at`, `created_at`, `updated_at`) VALUES (97, 64, 2, '2014-08-22 07:08:07', '2016-12-27 02:48:49', '2015-01-01 06:31:48', '2013-05-22 22:49:31');
INSERT INTO `friendship` (`user_id`, `friend_id`, `status_id`, `requested_at`, `confirmed_at`, `created_at`, `updated_at`) VALUES (99, 24, 1, '2012-01-31 20:34:49', '2016-01-21 10:50:36', '2011-10-18 14:40:35', '2020-11-26 07:09:40');
INSERT INTO `friendship` (`user_id`, `friend_id`, `status_id`, `requested_at`, `confirmed_at`, `created_at`, `updated_at`) VALUES (100, 21, 1, '2020-06-05 21:25:04', '2015-06-07 16:58:00', '2011-12-29 15:50:16', '2014-09-11 07:08:37');
INSERT INTO `friendship` (`user_id`, `friend_id`, `status_id`, `requested_at`, `confirmed_at`, `created_at`, `updated_at`) VALUES (103, 62, 2, '2011-09-10 07:38:23', '2014-07-15 21:37:18', '2012-07-01 23:42:24', '2012-04-04 18:33:43');
INSERT INTO `friendship` (`user_id`, `friend_id`, `status_id`, `requested_at`, `confirmed_at`, `created_at`, `updated_at`) VALUES (106, 69, 1, '2016-12-10 15:21:16', '2014-01-02 12:25:08', '2019-06-15 05:19:09', '2016-05-04 13:42:04');
INSERT INTO `friendship` (`user_id`, `friend_id`, `status_id`, `requested_at`, `confirmed_at`, `created_at`, `updated_at`) VALUES (107, 43, 1, '2014-12-30 10:35:21', '2020-12-10 00:52:52', '2014-02-14 09:43:33', '2012-08-25 23:33:37');
INSERT INTO `friendship` (`user_id`, `friend_id`, `status_id`, `requested_at`, `confirmed_at`, `created_at`, `updated_at`) VALUES (108, 174, 2, '2017-06-25 16:24:40', '2018-07-17 15:33:42', '2015-03-08 03:16:40', '2012-10-18 15:46:26');
INSERT INTO `friendship` (`user_id`, `friend_id`, `status_id`, `requested_at`, `confirmed_at`, `created_at`, `updated_at`) VALUES (109, 53, 2, '2017-05-29 09:25:08', '2018-10-11 09:17:14', '2016-04-08 10:29:29', '2014-04-13 20:23:57');
INSERT INTO `friendship` (`user_id`, `friend_id`, `status_id`, `requested_at`, `confirmed_at`, `created_at`, `updated_at`) VALUES (110, 37, 2, '2016-09-14 06:03:28', '2018-02-10 09:28:20', '2015-01-28 18:59:36', '2018-04-03 04:27:38');
INSERT INTO `friendship` (`user_id`, `friend_id`, `status_id`, `requested_at`, `confirmed_at`, `created_at`, `updated_at`) VALUES (111, 142, 1, '2020-11-08 05:01:22', '2014-11-15 02:38:24', '2014-01-25 23:45:08', '2012-12-09 22:07:19');
INSERT INTO `friendship` (`user_id`, `friend_id`, `status_id`, `requested_at`, `confirmed_at`, `created_at`, `updated_at`) VALUES (113, 79, 2, '2018-11-01 21:05:30', '2013-08-05 14:25:52', '2018-12-31 22:25:49', '2017-06-13 22:15:06');
INSERT INTO `friendship` (`user_id`, `friend_id`, `status_id`, `requested_at`, `confirmed_at`, `created_at`, `updated_at`) VALUES (114, 103, 1, '2012-09-29 00:44:19', '2020-08-12 09:54:03', '2020-05-17 21:17:41', '2015-05-09 21:55:15');
INSERT INTO `friendship` (`user_id`, `friend_id`, `status_id`, `requested_at`, `confirmed_at`, `created_at`, `updated_at`) VALUES (117, 114, 1, '2011-03-17 11:09:34', '2013-07-18 07:21:01', '2014-03-29 07:07:30', '2020-04-18 13:45:20');
INSERT INTO `friendship` (`user_id`, `friend_id`, `status_id`, `requested_at`, `confirmed_at`, `created_at`, `updated_at`) VALUES (117, 136, 1, '2013-02-09 10:57:20', '2015-12-19 12:11:30', '2011-09-27 14:10:48', '2015-11-06 01:12:12');
INSERT INTO `friendship` (`user_id`, `friend_id`, `status_id`, `requested_at`, `confirmed_at`, `created_at`, `updated_at`) VALUES (118, 37, 2, '2017-01-27 06:27:56', '2012-02-28 16:31:39', '2015-08-23 11:45:22', '2011-04-18 20:58:40');
INSERT INTO `friendship` (`user_id`, `friend_id`, `status_id`, `requested_at`, `confirmed_at`, `created_at`, `updated_at`) VALUES (118, 185, 2, '2014-03-01 09:12:07', '2012-07-30 13:59:52', '2018-05-14 12:54:35', '2019-01-28 11:29:01');
INSERT INTO `friendship` (`user_id`, `friend_id`, `status_id`, `requested_at`, `confirmed_at`, `created_at`, `updated_at`) VALUES (119, 6, 2, '2020-01-25 05:27:23', '2020-05-27 16:47:54', '2014-07-27 15:25:48', '2020-06-22 12:47:07');
INSERT INTO `friendship` (`user_id`, `friend_id`, `status_id`, `requested_at`, `confirmed_at`, `created_at`, `updated_at`) VALUES (119, 164, 2, '2012-08-24 05:43:32', '2017-09-09 19:35:06', '2013-04-08 00:54:14', '2020-07-04 04:48:55');
INSERT INTO `friendship` (`user_id`, `friend_id`, `status_id`, `requested_at`, `confirmed_at`, `created_at`, `updated_at`) VALUES (119, 198, 2, '2012-05-04 07:21:47', '2020-07-03 06:09:00', '2018-05-06 07:56:41', '2013-12-31 04:06:31');
INSERT INTO `friendship` (`user_id`, `friend_id`, `status_id`, `requested_at`, `confirmed_at`, `created_at`, `updated_at`) VALUES (123, 126, 2, '2011-11-26 22:43:15', '2012-05-22 05:56:05', '2019-10-26 14:50:27', '2016-07-07 19:30:25');
INSERT INTO `friendship` (`user_id`, `friend_id`, `status_id`, `requested_at`, `confirmed_at`, `created_at`, `updated_at`) VALUES (124, 94, 2, '2011-10-04 16:11:29', '2012-06-22 01:54:26', '2017-11-03 05:41:13', '2012-04-09 21:14:12');
INSERT INTO `friendship` (`user_id`, `friend_id`, `status_id`, `requested_at`, `confirmed_at`, `created_at`, `updated_at`) VALUES (125, 99, 1, '2016-10-07 21:28:16', '2018-01-20 02:49:41', '2014-12-29 01:16:28', '2016-05-03 18:40:34');
INSERT INTO `friendship` (`user_id`, `friend_id`, `status_id`, `requested_at`, `confirmed_at`, `created_at`, `updated_at`) VALUES (125, 125, 2, '2013-07-12 00:07:21', '2014-04-08 00:58:03', '2011-05-05 04:51:07', '2011-08-14 02:45:51');
INSERT INTO `friendship` (`user_id`, `friend_id`, `status_id`, `requested_at`, `confirmed_at`, `created_at`, `updated_at`) VALUES (127, 56, 2, '2020-02-20 02:15:22', '2011-02-24 22:16:28', '2016-11-24 10:24:46', '2014-07-14 16:08:04');
INSERT INTO `friendship` (`user_id`, `friend_id`, `status_id`, `requested_at`, `confirmed_at`, `created_at`, `updated_at`) VALUES (129, 103, 2, '2012-07-29 09:38:57', '2016-12-13 14:36:46', '2017-05-27 09:18:30', '2019-01-31 18:42:58');
INSERT INTO `friendship` (`user_id`, `friend_id`, `status_id`, `requested_at`, `confirmed_at`, `created_at`, `updated_at`) VALUES (132, 148, 1, '2019-05-04 15:10:18', '2018-04-13 18:36:30', '2012-02-23 08:30:22', '2019-09-24 08:02:39');
INSERT INTO `friendship` (`user_id`, `friend_id`, `status_id`, `requested_at`, `confirmed_at`, `created_at`, `updated_at`) VALUES (133, 67, 2, '2019-08-28 06:07:36', '2017-02-23 17:11:52', '2018-11-25 08:38:13', '2020-08-31 00:32:55');
INSERT INTO `friendship` (`user_id`, `friend_id`, `status_id`, `requested_at`, `confirmed_at`, `created_at`, `updated_at`) VALUES (136, 92, 1, '2019-03-22 14:27:53', '2015-08-25 06:40:01', '2014-03-27 18:32:31', '2018-06-02 23:21:36');
INSERT INTO `friendship` (`user_id`, `friend_id`, `status_id`, `requested_at`, `confirmed_at`, `created_at`, `updated_at`) VALUES (136, 169, 2, '2020-05-23 11:22:46', '2014-01-07 06:11:32', '2020-11-07 00:14:45', '2011-12-15 05:39:21');
INSERT INTO `friendship` (`user_id`, `friend_id`, `status_id`, `requested_at`, `confirmed_at`, `created_at`, `updated_at`) VALUES (137, 48, 1, '2020-05-09 00:54:57', '2012-08-15 17:14:43', '2015-01-15 02:27:36', '2015-06-27 00:45:54');
INSERT INTO `friendship` (`user_id`, `friend_id`, `status_id`, `requested_at`, `confirmed_at`, `created_at`, `updated_at`) VALUES (137, 160, 2, '2013-09-03 23:25:43', '2020-04-15 17:00:38', '2013-06-03 04:49:40', '2014-05-12 01:30:44');
INSERT INTO `friendship` (`user_id`, `friend_id`, `status_id`, `requested_at`, `confirmed_at`, `created_at`, `updated_at`) VALUES (137, 181, 1, '2012-08-01 16:24:50', '2020-05-09 13:22:55', '2016-09-03 13:06:45', '2018-03-27 14:17:29');
INSERT INTO `friendship` (`user_id`, `friend_id`, `status_id`, `requested_at`, `confirmed_at`, `created_at`, `updated_at`) VALUES (139, 63, 2, '2018-02-14 17:38:17', '2015-06-15 19:16:56', '2014-01-01 05:38:37', '2020-04-06 04:12:36');
INSERT INTO `friendship` (`user_id`, `friend_id`, `status_id`, `requested_at`, `confirmed_at`, `created_at`, `updated_at`) VALUES (139, 117, 2, '2017-02-28 03:04:42', '2014-01-12 15:03:57', '2018-06-08 08:02:54', '2012-12-07 06:18:26');
INSERT INTO `friendship` (`user_id`, `friend_id`, `status_id`, `requested_at`, `confirmed_at`, `created_at`, `updated_at`) VALUES (140, 79, 1, '2011-06-15 13:08:04', '2011-11-14 13:36:31', '2011-09-30 04:02:28', '2015-05-14 04:26:22');
INSERT INTO `friendship` (`user_id`, `friend_id`, `status_id`, `requested_at`, `confirmed_at`, `created_at`, `updated_at`) VALUES (140, 155, 1, '2015-01-20 11:01:10', '2021-01-08 16:09:11', '2012-09-26 04:29:23', '2019-01-13 13:22:18');
INSERT INTO `friendship` (`user_id`, `friend_id`, `status_id`, `requested_at`, `confirmed_at`, `created_at`, `updated_at`) VALUES (142, 18, 1, '2020-07-03 02:15:53', '2017-10-26 03:51:09', '2013-12-04 05:06:33', '2013-07-11 02:44:15');
INSERT INTO `friendship` (`user_id`, `friend_id`, `status_id`, `requested_at`, `confirmed_at`, `created_at`, `updated_at`) VALUES (142, 70, 2, '2011-03-10 11:27:22', '2018-01-31 15:46:13', '2019-01-23 16:53:29', '2015-08-10 18:32:05');
INSERT INTO `friendship` (`user_id`, `friend_id`, `status_id`, `requested_at`, `confirmed_at`, `created_at`, `updated_at`) VALUES (142, 100, 1, '2013-12-28 08:23:28', '2019-05-26 16:35:29', '2021-02-10 15:06:13', '2011-08-04 06:48:47');
INSERT INTO `friendship` (`user_id`, `friend_id`, `status_id`, `requested_at`, `confirmed_at`, `created_at`, `updated_at`) VALUES (143, 70, 2, '2013-07-16 08:23:23', '2016-08-23 09:15:29', '2019-05-09 06:57:35', '2015-05-02 02:31:54');
INSERT INTO `friendship` (`user_id`, `friend_id`, `status_id`, `requested_at`, `confirmed_at`, `created_at`, `updated_at`) VALUES (143, 177, 2, '2020-05-23 18:23:37', '2011-10-29 03:29:09', '2014-11-12 03:08:32', '2013-04-26 07:26:51');
INSERT INTO `friendship` (`user_id`, `friend_id`, `status_id`, `requested_at`, `confirmed_at`, `created_at`, `updated_at`) VALUES (144, 186, 2, '2015-10-28 08:14:30', '2020-07-31 09:20:35', '2016-11-27 11:14:59', '2012-10-08 17:00:41');
INSERT INTO `friendship` (`user_id`, `friend_id`, `status_id`, `requested_at`, `confirmed_at`, `created_at`, `updated_at`) VALUES (145, 86, 2, '2018-02-16 19:17:52', '2017-08-22 07:03:47', '2019-08-15 02:44:01', '2013-10-31 04:04:06');
INSERT INTO `friendship` (`user_id`, `friend_id`, `status_id`, `requested_at`, `confirmed_at`, `created_at`, `updated_at`) VALUES (146, 152, 2, '2021-01-22 02:41:34', '2018-05-22 08:03:17', '2012-10-13 12:51:02', '2019-04-14 20:26:29');
INSERT INTO `friendship` (`user_id`, `friend_id`, `status_id`, `requested_at`, `confirmed_at`, `created_at`, `updated_at`) VALUES (147, 31, 1, '2017-07-25 02:26:59', '2016-05-20 08:15:07', '2020-08-21 20:24:52', '2016-08-23 09:44:43');
INSERT INTO `friendship` (`user_id`, `friend_id`, `status_id`, `requested_at`, `confirmed_at`, `created_at`, `updated_at`) VALUES (148, 10, 1, '2021-02-12 15:34:44', '2019-02-14 18:53:40', '2018-10-06 11:53:05', '2017-12-05 13:59:50');
INSERT INTO `friendship` (`user_id`, `friend_id`, `status_id`, `requested_at`, `confirmed_at`, `created_at`, `updated_at`) VALUES (148, 180, 1, '2012-08-22 09:47:08', '2020-05-18 09:31:23', '2011-07-26 15:14:58', '2020-07-25 04:38:28');
INSERT INTO `friendship` (`user_id`, `friend_id`, `status_id`, `requested_at`, `confirmed_at`, `created_at`, `updated_at`) VALUES (149, 6, 1, '2015-02-10 23:59:37', '2019-08-04 09:28:19', '2020-12-14 06:03:42', '2019-12-06 04:50:05');
INSERT INTO `friendship` (`user_id`, `friend_id`, `status_id`, `requested_at`, `confirmed_at`, `created_at`, `updated_at`) VALUES (149, 83, 2, '2016-08-10 08:44:23', '2018-10-14 23:22:02', '2015-10-09 03:57:00', '2011-11-15 20:56:34');
INSERT INTO `friendship` (`user_id`, `friend_id`, `status_id`, `requested_at`, `confirmed_at`, `created_at`, `updated_at`) VALUES (149, 134, 1, '2020-02-25 10:17:25', '2017-12-31 17:26:01', '2016-04-23 12:06:21', '2015-05-23 18:30:10');
INSERT INTO `friendship` (`user_id`, `friend_id`, `status_id`, `requested_at`, `confirmed_at`, `created_at`, `updated_at`) VALUES (150, 29, 2, '2014-12-06 08:06:01', '2017-01-06 15:00:26', '2017-10-21 12:23:31', '2020-06-11 02:34:24');
INSERT INTO `friendship` (`user_id`, `friend_id`, `status_id`, `requested_at`, `confirmed_at`, `created_at`, `updated_at`) VALUES (151, 152, 2, '2019-08-08 17:05:26', '2012-02-09 07:56:50', '2021-01-05 12:37:26', '2014-03-11 15:41:42');
INSERT INTO `friendship` (`user_id`, `friend_id`, `status_id`, `requested_at`, `confirmed_at`, `created_at`, `updated_at`) VALUES (152, 150, 1, '2014-06-24 09:33:59', '2018-07-18 20:46:07', '2016-05-14 19:30:10', '2013-03-23 09:26:37');
INSERT INTO `friendship` (`user_id`, `friend_id`, `status_id`, `requested_at`, `confirmed_at`, `created_at`, `updated_at`) VALUES (152, 184, 2, '2013-11-24 19:41:20', '2020-07-15 23:58:37', '2018-05-29 17:07:51', '2015-01-08 14:27:19');
INSERT INTO `friendship` (`user_id`, `friend_id`, `status_id`, `requested_at`, `confirmed_at`, `created_at`, `updated_at`) VALUES (153, 176, 2, '2018-09-04 05:43:02', '2011-04-23 00:42:36', '2018-07-06 15:02:41', '2018-07-27 22:54:19');
INSERT INTO `friendship` (`user_id`, `friend_id`, `status_id`, `requested_at`, `confirmed_at`, `created_at`, `updated_at`) VALUES (154, 111, 1, '2017-05-04 22:16:01', '2019-09-15 19:52:56', '2014-01-11 15:38:00', '2019-10-06 17:32:54');
INSERT INTO `friendship` (`user_id`, `friend_id`, `status_id`, `requested_at`, `confirmed_at`, `created_at`, `updated_at`) VALUES (155, 42, 1, '2011-02-26 10:01:47', '2017-05-22 16:12:32', '2014-12-28 10:03:23', '2019-12-23 15:49:44');
INSERT INTO `friendship` (`user_id`, `friend_id`, `status_id`, `requested_at`, `confirmed_at`, `created_at`, `updated_at`) VALUES (155, 77, 2, '2014-05-06 20:30:15', '2016-11-22 20:46:16', '2016-09-22 23:45:58', '2013-01-07 01:47:15');
INSERT INTO `friendship` (`user_id`, `friend_id`, `status_id`, `requested_at`, `confirmed_at`, `created_at`, `updated_at`) VALUES (155, 173, 2, '2012-11-03 03:30:49', '2013-05-15 17:41:46', '2016-03-28 17:20:48', '2014-11-28 07:06:58');
INSERT INTO `friendship` (`user_id`, `friend_id`, `status_id`, `requested_at`, `confirmed_at`, `created_at`, `updated_at`) VALUES (155, 197, 1, '2018-09-14 18:22:58', '2011-06-09 04:04:09', '2019-12-22 15:41:27', '2013-07-05 18:13:07');
INSERT INTO `friendship` (`user_id`, `friend_id`, `status_id`, `requested_at`, `confirmed_at`, `created_at`, `updated_at`) VALUES (157, 6, 2, '2014-01-03 05:42:28', '2015-07-18 10:16:58', '2013-06-14 01:56:41', '2015-12-19 17:34:11');
INSERT INTO `friendship` (`user_id`, `friend_id`, `status_id`, `requested_at`, `confirmed_at`, `created_at`, `updated_at`) VALUES (157, 174, 2, '2016-08-08 16:02:57', '2016-07-05 02:59:47', '2019-07-29 20:08:20', '2012-12-28 11:33:53');
INSERT INTO `friendship` (`user_id`, `friend_id`, `status_id`, `requested_at`, `confirmed_at`, `created_at`, `updated_at`) VALUES (157, 185, 1, '2019-12-12 16:20:52', '2015-02-06 00:03:13', '2016-04-11 13:50:04', '2015-03-09 22:55:03');
INSERT INTO `friendship` (`user_id`, `friend_id`, `status_id`, `requested_at`, `confirmed_at`, `created_at`, `updated_at`) VALUES (158, 9, 1, '2021-01-11 06:39:56', '2015-07-20 15:59:42', '2013-02-14 13:36:51', '2013-03-14 11:07:57');
INSERT INTO `friendship` (`user_id`, `friend_id`, `status_id`, `requested_at`, `confirmed_at`, `created_at`, `updated_at`) VALUES (158, 141, 1, '2015-01-24 04:54:29', '2013-12-22 08:50:41', '2019-11-25 20:23:56', '2015-03-15 20:48:06');
INSERT INTO `friendship` (`user_id`, `friend_id`, `status_id`, `requested_at`, `confirmed_at`, `created_at`, `updated_at`) VALUES (159, 158, 2, '2013-10-22 18:27:08', '2013-09-27 02:29:47', '2021-01-13 01:57:33', '2012-02-25 03:02:28');
INSERT INTO `friendship` (`user_id`, `friend_id`, `status_id`, `requested_at`, `confirmed_at`, `created_at`, `updated_at`) VALUES (160, 27, 1, '2016-04-23 17:20:34', '2015-09-04 23:57:16', '2014-11-21 08:02:45', '2015-08-22 17:50:39');
INSERT INTO `friendship` (`user_id`, `friend_id`, `status_id`, `requested_at`, `confirmed_at`, `created_at`, `updated_at`) VALUES (162, 25, 1, '2018-07-16 06:48:38', '2017-07-18 11:01:27', '2018-06-23 13:29:38', '2018-12-11 20:38:38');
INSERT INTO `friendship` (`user_id`, `friend_id`, `status_id`, `requested_at`, `confirmed_at`, `created_at`, `updated_at`) VALUES (162, 137, 1, '2012-07-05 18:45:32', '2014-08-19 10:16:12', '2016-12-27 01:12:05', '2014-06-03 11:41:50');
INSERT INTO `friendship` (`user_id`, `friend_id`, `status_id`, `requested_at`, `confirmed_at`, `created_at`, `updated_at`) VALUES (167, 64, 2, '2018-03-20 23:25:07', '2020-01-17 15:05:39', '2017-07-08 06:25:17', '2020-02-10 03:48:07');
INSERT INTO `friendship` (`user_id`, `friend_id`, `status_id`, `requested_at`, `confirmed_at`, `created_at`, `updated_at`) VALUES (167, 86, 1, '2016-07-31 01:40:17', '2019-05-29 18:28:55', '2011-08-01 23:15:33', '2014-11-01 05:12:01');
INSERT INTO `friendship` (`user_id`, `friend_id`, `status_id`, `requested_at`, `confirmed_at`, `created_at`, `updated_at`) VALUES (167, 95, 1, '2015-06-16 10:34:46', '2013-05-30 22:09:31', '2020-04-01 22:53:08', '2015-01-24 22:06:15');
INSERT INTO `friendship` (`user_id`, `friend_id`, `status_id`, `requested_at`, `confirmed_at`, `created_at`, `updated_at`) VALUES (169, 141, 2, '2013-12-18 07:25:51', '2020-08-11 12:21:54', '2011-10-18 10:36:35', '2018-12-01 00:44:17');
INSERT INTO `friendship` (`user_id`, `friend_id`, `status_id`, `requested_at`, `confirmed_at`, `created_at`, `updated_at`) VALUES (169, 161, 1, '2018-09-30 09:20:08', '2018-03-08 21:16:10', '2018-12-29 12:00:07', '2019-08-09 13:04:16');
INSERT INTO `friendship` (`user_id`, `friend_id`, `status_id`, `requested_at`, `confirmed_at`, `created_at`, `updated_at`) VALUES (170, 81, 1, '2013-10-15 07:51:37', '2013-05-16 02:31:24', '2014-09-02 13:44:53', '2015-12-08 23:44:01');
INSERT INTO `friendship` (`user_id`, `friend_id`, `status_id`, `requested_at`, `confirmed_at`, `created_at`, `updated_at`) VALUES (170, 85, 1, '2014-08-14 15:07:26', '2014-10-06 17:51:48', '2018-03-20 16:32:05', '2015-09-13 08:17:25');
INSERT INTO `friendship` (`user_id`, `friend_id`, `status_id`, `requested_at`, `confirmed_at`, `created_at`, `updated_at`) VALUES (173, 47, 2, '2018-07-24 06:01:04', '2020-04-25 08:11:00', '2019-03-12 10:28:16', '2019-02-22 04:25:32');
INSERT INTO `friendship` (`user_id`, `friend_id`, `status_id`, `requested_at`, `confirmed_at`, `created_at`, `updated_at`) VALUES (173, 54, 2, '2019-11-28 18:34:35', '2020-07-20 15:01:08', '2014-10-23 11:19:59', '2019-09-06 05:23:03');
INSERT INTO `friendship` (`user_id`, `friend_id`, `status_id`, `requested_at`, `confirmed_at`, `created_at`, `updated_at`) VALUES (173, 152, 2, '2016-10-14 10:26:34', '2012-08-03 21:34:53', '2016-08-04 06:28:02', '2016-08-24 12:08:30');
INSERT INTO `friendship` (`user_id`, `friend_id`, `status_id`, `requested_at`, `confirmed_at`, `created_at`, `updated_at`) VALUES (175, 7, 2, '2016-04-01 09:33:24', '2014-05-06 20:32:49', '2015-11-30 02:30:30', '2017-01-08 17:14:43');
INSERT INTO `friendship` (`user_id`, `friend_id`, `status_id`, `requested_at`, `confirmed_at`, `created_at`, `updated_at`) VALUES (175, 12, 1, '2016-09-06 08:53:02', '2015-11-10 04:39:25', '2018-06-24 01:10:56', '2015-06-21 13:54:04');
INSERT INTO `friendship` (`user_id`, `friend_id`, `status_id`, `requested_at`, `confirmed_at`, `created_at`, `updated_at`) VALUES (176, 98, 1, '2018-03-09 10:52:50', '2021-01-14 05:30:08', '2020-05-31 07:36:11', '2015-01-30 06:22:41');
INSERT INTO `friendship` (`user_id`, `friend_id`, `status_id`, `requested_at`, `confirmed_at`, `created_at`, `updated_at`) VALUES (178, 34, 1, '2020-03-17 06:12:03', '2016-12-12 22:04:44', '2014-10-30 22:13:50', '2017-07-26 21:16:59');
INSERT INTO `friendship` (`user_id`, `friend_id`, `status_id`, `requested_at`, `confirmed_at`, `created_at`, `updated_at`) VALUES (179, 39, 1, '2016-11-12 18:08:50', '2019-03-24 04:23:10', '2012-08-23 16:43:23', '2013-04-21 18:10:05');
INSERT INTO `friendship` (`user_id`, `friend_id`, `status_id`, `requested_at`, `confirmed_at`, `created_at`, `updated_at`) VALUES (185, 122, 2, '2020-04-09 21:12:35', '2011-11-02 06:24:43', '2015-09-29 07:29:24', '2014-03-31 05:05:27');
INSERT INTO `friendship` (`user_id`, `friend_id`, `status_id`, `requested_at`, `confirmed_at`, `created_at`, `updated_at`) VALUES (185, 185, 1, '2013-02-20 11:00:15', '2015-01-22 21:52:45', '2018-02-15 13:02:38', '2018-12-16 16:55:58');
INSERT INTO `friendship` (`user_id`, `friend_id`, `status_id`, `requested_at`, `confirmed_at`, `created_at`, `updated_at`) VALUES (186, 148, 1, '2020-06-27 09:21:17', '2017-10-21 01:53:00', '2018-11-10 09:17:38', '2012-08-06 10:41:16');
INSERT INTO `friendship` (`user_id`, `friend_id`, `status_id`, `requested_at`, `confirmed_at`, `created_at`, `updated_at`) VALUES (187, 68, 2, '2020-06-20 08:16:33', '2014-04-09 08:33:28', '2020-04-20 13:04:42', '2019-02-24 05:49:57');
INSERT INTO `friendship` (`user_id`, `friend_id`, `status_id`, `requested_at`, `confirmed_at`, `created_at`, `updated_at`) VALUES (187, 197, 2, '2011-12-08 22:39:23', '2019-11-25 12:36:47', '2018-09-11 05:22:56', '2017-06-07 18:37:36');
INSERT INTO `friendship` (`user_id`, `friend_id`, `status_id`, `requested_at`, `confirmed_at`, `created_at`, `updated_at`) VALUES (188, 7, 2, '2011-07-11 20:12:29', '2011-07-31 08:17:37', '2019-09-11 03:37:34', '2012-05-18 02:25:06');
INSERT INTO `friendship` (`user_id`, `friend_id`, `status_id`, `requested_at`, `confirmed_at`, `created_at`, `updated_at`) VALUES (192, 61, 2, '2013-04-11 22:02:36', '2017-08-11 19:37:39', '2015-11-04 21:55:47', '2020-05-30 15:38:14');
INSERT INTO `friendship` (`user_id`, `friend_id`, `status_id`, `requested_at`, `confirmed_at`, `created_at`, `updated_at`) VALUES (192, 71, 2, '2018-12-04 11:08:40', '2015-05-20 14:34:55', '2013-10-05 19:53:53', '2016-02-09 11:17:43');
INSERT INTO `friendship` (`user_id`, `friend_id`, `status_id`, `requested_at`, `confirmed_at`, `created_at`, `updated_at`) VALUES (196, 33, 2, '2016-05-15 16:54:32', '2017-03-28 21:00:38', '2019-05-20 12:34:04', '2012-08-02 23:27:42');
INSERT INTO `friendship` (`user_id`, `friend_id`, `status_id`, `requested_at`, `confirmed_at`, `created_at`, `updated_at`) VALUES (197, 119, 2, '2020-11-11 09:52:12', '2012-05-02 05:09:12', '2011-07-31 04:18:39', '2018-03-05 19:03:33');
INSERT INTO `friendship` (`user_id`, `friend_id`, `status_id`, `requested_at`, `confirmed_at`, `created_at`, `updated_at`) VALUES (198, 162, 2, '2019-03-28 07:04:53', '2017-01-05 17:13:50', '2014-09-13 02:43:43', '2016-04-17 04:39:02');


#
# TABLE STRUCTURE FOR: friendship_statuses
#

DROP TABLE IF EXISTS `friendship_statuses`;

CREATE TABLE `friendship_statuses` (
  `id` int(10) unsigned NOT NULL AUTO_INCREMENT,
  `name` varchar(150) COLLATE utf8mb4_unicode_ci NOT NULL,
  `created_at` datetime DEFAULT current_timestamp(),
  `updated_at` datetime DEFAULT current_timestamp() ON UPDATE current_timestamp(),
  PRIMARY KEY (`id`),
  UNIQUE KEY `name` (`name`)
) ENGINE=InnoDB AUTO_INCREMENT=3 DEFAULT CHARSET=utf8mb4 COLLATE=utf8mb4_unicode_ci;

INSERT INTO `friendship_statuses` (`id`, `name`, `created_at`, `updated_at`) VALUES (1, 'Friends', '2017-01-13 14:06:08', '2019-01-27 08:54:10');
INSERT INTO `friendship_statuses` (`id`, `name`, `created_at`, `updated_at`) VALUES (2, ' No friends', '2015-11-22 17:34:13', '2020-08-15 13:53:22');


#
# TABLE STRUCTURE FOR: like_status
#

DROP TABLE IF EXISTS `like_status`;

CREATE TABLE `like_status` (
  `id` int(10) unsigned NOT NULL AUTO_INCREMENT,
  `name` varchar(150) COLLATE utf8mb4_unicode_ci NOT NULL,
  `created_at` datetime DEFAULT current_timestamp(),
  `updated_at` datetime DEFAULT current_timestamp() ON UPDATE current_timestamp(),
  PRIMARY KEY (`id`),
  UNIQUE KEY `name` (`name`)
) ENGINE=InnoDB AUTO_INCREMENT=3 DEFAULT CHARSET=utf8mb4 COLLATE=utf8mb4_unicode_ci;

INSERT INTO `like_status` (`id`, `name`, `created_at`, `updated_at`) VALUES (1, 'Like', '2019-04-19 13:31:29', '2016-06-01 00:27:49');
INSERT INTO `like_status` (`id`, `name`, `created_at`, `updated_at`) VALUES (2, ' Dislike', '2016-12-14 04:05:58', '2016-05-14 08:42:46');


#
# TABLE STRUCTURE FOR: media
#

DROP TABLE IF EXISTS `media`;

CREATE TABLE `media` (
  `id` int(10) unsigned NOT NULL AUTO_INCREMENT,
  `user_id` int(10) unsigned NOT NULL,
  `filename` varchar(255) COLLATE utf8mb4_unicode_ci NOT NULL,
  `size` int(11) NOT NULL,
  `metadata` longtext CHARACTER SET utf8mb4 COLLATE utf8mb4_bin DEFAULT NULL CHECK (json_valid(`metadata`)),
  `media_type_id` int(10) unsigned NOT NULL,
  `created_at` datetime DEFAULT current_timestamp(),
  `updated_at` datetime DEFAULT current_timestamp() ON UPDATE current_timestamp(),
  PRIMARY KEY (`id`)
) ENGINE=InnoDB DEFAULT CHARSET=utf8mb4 COLLATE=utf8mb4_unicode_ci;

#
# TABLE STRUCTURE FOR: media_types
#

DROP TABLE IF EXISTS `media_types`;

CREATE TABLE `media_types` (
  `id` int(10) unsigned NOT NULL AUTO_INCREMENT,
  `name` varchar(255) COLLATE utf8mb4_unicode_ci NOT NULL,
  `created_at` datetime DEFAULT current_timestamp(),
  `updated_at` datetime DEFAULT current_timestamp() ON UPDATE current_timestamp(),
  PRIMARY KEY (`id`),
  UNIQUE KEY `name` (`name`)
) ENGINE=InnoDB AUTO_INCREMENT=4 DEFAULT CHARSET=utf8mb4 COLLATE=utf8mb4_unicode_ci;

INSERT INTO `media_types` (`id`, `name`, `created_at`, `updated_at`) VALUES (1, ' text', '2015-08-30 16:50:14', '2015-03-29 19:18:57');
INSERT INTO `media_types` (`id`, `name`, `created_at`, `updated_at`) VALUES (2, ' video', '2014-08-09 00:13:42', '2018-08-02 18:22:56');
INSERT INTO `media_types` (`id`, `name`, `created_at`, `updated_at`) VALUES (3, 'audio', '2014-05-06 18:57:05', '2012-12-26 08:27:49');


#
# TABLE STRUCTURE FOR: messages
#

DROP TABLE IF EXISTS `messages`;

CREATE TABLE `messages` (
  `id` int(10) unsigned NOT NULL AUTO_INCREMENT,
  `from_user_id` int(10) unsigned NOT NULL,
  `to_user_id` int(10) unsigned NOT NULL,
  `body` text COLLATE utf8mb4_unicode_ci NOT NULL,
  `is_important` tinyint(1) DEFAULT NULL,
  `is_delivered` tinyint(1) DEFAULT NULL,
  `created_at` datetime DEFAULT current_timestamp(),
  `updated_at` datetime DEFAULT current_timestamp() ON UPDATE current_timestamp(),
  PRIMARY KEY (`id`)
) ENGINE=InnoDB AUTO_INCREMENT=201 DEFAULT CHARSET=utf8mb4 COLLATE=utf8mb4_unicode_ci;

INSERT INTO `messages` (`id`, `from_user_id`, `to_user_id`, `body`, `is_important`, `is_delivered`, `created_at`, `updated_at`) VALUES (1, 82, 65, 'Voluptate enim occaecati adipisci eum ut sit ratione. Aut pariatur qui qui voluptatem aliquam aut. Dolorum occaecati voluptates tempore et.', 0, 1, '2020-11-13 20:48:52', '2014-05-26 10:18:19');
INSERT INTO `messages` (`id`, `from_user_id`, `to_user_id`, `body`, `is_important`, `is_delivered`, `created_at`, `updated_at`) VALUES (2, 185, 193, 'Quia consequatur accusamus mollitia eius incidunt. Neque quae totam nisi vero perferendis velit. Ea odio voluptas iure recusandae quasi.', 1, 1, '2013-07-07 22:49:30', '2013-09-17 18:01:16');
INSERT INTO `messages` (`id`, `from_user_id`, `to_user_id`, `body`, `is_important`, `is_delivered`, `created_at`, `updated_at`) VALUES (3, 158, 109, 'Ut consequatur repellendus voluptatem odio. Provident sequi sint ullam quas delectus cum et. Mollitia excepturi qui facere laboriosam optio ut et.', 0, 1, '2018-10-19 05:06:12', '2018-07-09 14:47:46');
INSERT INTO `messages` (`id`, `from_user_id`, `to_user_id`, `body`, `is_important`, `is_delivered`, `created_at`, `updated_at`) VALUES (4, 85, 114, 'Error rerum ut rerum fugiat ut corporis. Perspiciatis dolore vitae earum vel. Temporibus consectetur molestiae eos eligendi voluptas aut eum. Quia deleniti qui eum omnis perspiciatis.', 1, 1, '2017-03-19 23:18:54', '2011-09-27 18:10:17');
INSERT INTO `messages` (`id`, `from_user_id`, `to_user_id`, `body`, `is_important`, `is_delivered`, `created_at`, `updated_at`) VALUES (5, 21, 65, 'Doloremque rem sit amet maiores aliquid asperiores. Totam id beatae et et. Architecto vel dignissimos eos doloribus dolorem consequatur impedit necessitatibus.', 1, 1, '2018-09-25 04:54:23', '2017-12-18 07:05:00');
INSERT INTO `messages` (`id`, `from_user_id`, `to_user_id`, `body`, `is_important`, `is_delivered`, `created_at`, `updated_at`) VALUES (6, 145, 171, 'Qui iure eaque rem minima. Perspiciatis explicabo optio magnam dicta. Omnis iusto non libero dolor.', 1, 0, '2017-07-20 05:01:23', '2014-08-28 17:40:16');
INSERT INTO `messages` (`id`, `from_user_id`, `to_user_id`, `body`, `is_important`, `is_delivered`, `created_at`, `updated_at`) VALUES (7, 16, 70, 'Quo mollitia est eos voluptas. Dolores aut ut vel aut nostrum beatae et. Est recusandae ab debitis et temporibus nobis deleniti.', 0, 1, '2011-12-04 00:12:12', '2015-12-04 21:07:07');
INSERT INTO `messages` (`id`, `from_user_id`, `to_user_id`, `body`, `is_important`, `is_delivered`, `created_at`, `updated_at`) VALUES (8, 97, 172, 'Eligendi eveniet labore et quia nihil. Totam asperiores in totam sunt voluptatem. Dolor cupiditate sed ipsa. Assumenda velit magnam delectus ducimus iste. Nemo neque rem ad facere.', 0, 0, '2020-05-08 03:44:06', '2017-07-02 09:57:06');
INSERT INTO `messages` (`id`, `from_user_id`, `to_user_id`, `body`, `is_important`, `is_delivered`, `created_at`, `updated_at`) VALUES (9, 86, 107, 'Ut ut ipsum saepe omnis earum ut hic. Vel excepturi et eos iure. Consequatur deserunt provident minima quae natus blanditiis et impedit.', 1, 0, '2011-08-12 21:52:54', '2016-03-11 06:25:03');
INSERT INTO `messages` (`id`, `from_user_id`, `to_user_id`, `body`, `is_important`, `is_delivered`, `created_at`, `updated_at`) VALUES (10, 102, 192, 'Quia id ipsum alias ex fuga qui. Autem omnis debitis et reiciendis. Sed recusandae ea maiores.', 0, 0, '2017-09-29 16:02:51', '2013-07-30 09:58:10');
INSERT INTO `messages` (`id`, `from_user_id`, `to_user_id`, `body`, `is_important`, `is_delivered`, `created_at`, `updated_at`) VALUES (11, 165, 9, 'Quos inventore dolorum expedita. Sed voluptas dolor perspiciatis. Necessitatibus est ex nostrum quos.', 0, 1, '2012-07-10 23:51:54', '2011-10-02 15:17:30');
INSERT INTO `messages` (`id`, `from_user_id`, `to_user_id`, `body`, `is_important`, `is_delivered`, `created_at`, `updated_at`) VALUES (12, 175, 87, 'Est sit corporis neque. Voluptates corrupti blanditiis aspernatur sint natus in aut. Dolorem facilis aut ducimus distinctio velit.', 0, 1, '2013-08-25 11:21:13', '2017-09-05 09:05:14');
INSERT INTO `messages` (`id`, `from_user_id`, `to_user_id`, `body`, `is_important`, `is_delivered`, `created_at`, `updated_at`) VALUES (13, 189, 104, 'Autem quis in dolorum. Vero omnis quo hic quia. Earum quae rerum voluptatem vel. Rem voluptas dolor voluptatem natus doloremque.', 1, 1, '2012-04-29 18:12:35', '2016-05-09 00:15:44');
INSERT INTO `messages` (`id`, `from_user_id`, `to_user_id`, `body`, `is_important`, `is_delivered`, `created_at`, `updated_at`) VALUES (14, 46, 14, 'Unde qui et hic eos. Minima et error molestiae consequatur iusto ullam possimus et. Expedita et enim sint ullam. Dolorum velit ut perferendis at libero.', 1, 0, '2013-05-03 22:00:54', '2015-12-15 07:01:43');
INSERT INTO `messages` (`id`, `from_user_id`, `to_user_id`, `body`, `is_important`, `is_delivered`, `created_at`, `updated_at`) VALUES (15, 78, 117, 'Quibusdam consequuntur ullam laudantium harum eos quod ea. Dignissimos itaque dolores est numquam. Itaque delectus voluptatum aut est. Quibusdam voluptatem sit reiciendis rem autem sit cum.', 0, 0, '2018-06-17 04:18:41', '2012-09-16 06:26:16');
INSERT INTO `messages` (`id`, `from_user_id`, `to_user_id`, `body`, `is_important`, `is_delivered`, `created_at`, `updated_at`) VALUES (16, 161, 74, 'Eos non et neque ex. Iusto et aut eveniet dolor nam vel et qui. Eligendi voluptatum nulla aut et eos.', 0, 1, '2018-01-28 00:40:15', '2015-11-12 00:05:52');
INSERT INTO `messages` (`id`, `from_user_id`, `to_user_id`, `body`, `is_important`, `is_delivered`, `created_at`, `updated_at`) VALUES (17, 126, 60, 'Ipsa et molestiae est est ut. Consequatur ea quo sint et praesentium accusantium. Ut cumque rerum tempore ducimus nihil dignissimos.', 1, 0, '2015-04-18 00:53:07', '2011-10-27 09:00:36');
INSERT INTO `messages` (`id`, `from_user_id`, `to_user_id`, `body`, `is_important`, `is_delivered`, `created_at`, `updated_at`) VALUES (18, 124, 188, 'Explicabo eos molestiae natus repudiandae. Distinctio optio est dicta est debitis. Dolorem quis cumque est recusandae porro veritatis vel. Voluptas voluptatum possimus nulla nihil explicabo.', 1, 1, '2013-11-25 10:11:50', '2017-04-09 00:43:47');
INSERT INTO `messages` (`id`, `from_user_id`, `to_user_id`, `body`, `is_important`, `is_delivered`, `created_at`, `updated_at`) VALUES (19, 99, 60, 'Deleniti placeat aspernatur quis consequuntur laudantium sit. Natus aperiam neque est tempore. Repellendus minima dicta esse repellendus. Assumenda est voluptatem deserunt corporis vel consequatur.', 0, 0, '2013-08-05 15:44:30', '2017-08-11 14:41:25');
INSERT INTO `messages` (`id`, `from_user_id`, `to_user_id`, `body`, `is_important`, `is_delivered`, `created_at`, `updated_at`) VALUES (20, 135, 117, 'Sunt aut voluptate in distinctio qui. Suscipit nemo nostrum facilis est quis nulla rerum amet. Et recusandae quae sapiente error. Neque ipsa pariatur doloribus laboriosam asperiores sint consequatur.', 0, 1, '2013-06-12 11:47:15', '2011-02-26 00:55:58');
INSERT INTO `messages` (`id`, `from_user_id`, `to_user_id`, `body`, `is_important`, `is_delivered`, `created_at`, `updated_at`) VALUES (21, 183, 179, 'Perspiciatis incidunt aut nisi non ipsam incidunt deleniti rerum. Eveniet quia molestiae aspernatur. Omnis reiciendis animi fuga nostrum. Iure dolor sed accusantium esse est quod nobis.', 1, 1, '2017-09-17 05:38:27', '2019-08-05 04:18:05');
INSERT INTO `messages` (`id`, `from_user_id`, `to_user_id`, `body`, `is_important`, `is_delivered`, `created_at`, `updated_at`) VALUES (22, 64, 153, 'Non cum eligendi ab explicabo qui dolorum ex. Nam atque nulla sit est dolores et. Ut aperiam dicta voluptate fugiat distinctio in voluptatibus. Dignissimos eos nostrum reiciendis praesentium.', 0, 1, '2016-03-13 10:52:11', '2017-01-31 11:01:57');
INSERT INTO `messages` (`id`, `from_user_id`, `to_user_id`, `body`, `is_important`, `is_delivered`, `created_at`, `updated_at`) VALUES (23, 107, 145, 'Dolores ea rerum non sint ea odio. Repudiandae doloribus illo odit hic exercitationem.', 0, 0, '2016-02-08 10:13:43', '2018-11-27 21:11:15');
INSERT INTO `messages` (`id`, `from_user_id`, `to_user_id`, `body`, `is_important`, `is_delivered`, `created_at`, `updated_at`) VALUES (24, 81, 166, 'Neque non modi porro doloribus. Iusto commodi similique illum ea doloribus illum. Dicta sunt et atque provident qui.', 0, 1, '2015-10-11 04:36:36', '2017-05-09 09:54:23');
INSERT INTO `messages` (`id`, `from_user_id`, `to_user_id`, `body`, `is_important`, `is_delivered`, `created_at`, `updated_at`) VALUES (25, 164, 54, 'In corporis id tempora maxime. Maxime veniam eum accusamus. Corrupti laudantium tempore est earum sint ratione ut. Asperiores autem maiores nihil.', 1, 1, '2014-09-03 19:47:17', '2013-07-13 02:45:22');
INSERT INTO `messages` (`id`, `from_user_id`, `to_user_id`, `body`, `is_important`, `is_delivered`, `created_at`, `updated_at`) VALUES (26, 120, 177, 'Est a minima nobis voluptatum odit. Suscipit id voluptates voluptatum officia similique. Provident sint dicta atque quo repellendus velit id.', 0, 1, '2013-01-14 11:24:15', '2015-05-24 06:50:19');
INSERT INTO `messages` (`id`, `from_user_id`, `to_user_id`, `body`, `is_important`, `is_delivered`, `created_at`, `updated_at`) VALUES (27, 129, 130, 'Aut laudantium nihil aut quia maxime. Impedit corporis quis sed quos omnis enim. Unde dignissimos ex quibusdam tempora mollitia in unde.', 1, 0, '2020-10-22 05:51:03', '2019-11-12 14:56:54');
INSERT INTO `messages` (`id`, `from_user_id`, `to_user_id`, `body`, `is_important`, `is_delivered`, `created_at`, `updated_at`) VALUES (28, 55, 112, 'Repellendus aut fugit quam natus. Quidem voluptas impedit sint facere. Et qui quisquam laborum.', 0, 0, '2016-01-05 06:54:24', '2016-05-06 10:38:26');
INSERT INTO `messages` (`id`, `from_user_id`, `to_user_id`, `body`, `is_important`, `is_delivered`, `created_at`, `updated_at`) VALUES (29, 17, 43, 'Et explicabo nulla sint maxime reprehenderit maiores eveniet. Voluptatem est minus eum reiciendis ab molestiae. Enim voluptatem assumenda maxime. Maiores quidem velit eveniet occaecati.', 0, 1, '2018-07-03 03:29:38', '2014-02-12 11:36:20');
INSERT INTO `messages` (`id`, `from_user_id`, `to_user_id`, `body`, `is_important`, `is_delivered`, `created_at`, `updated_at`) VALUES (30, 6, 182, 'Sunt itaque aliquid dolor vel. Provident at accusamus possimus delectus maiores nostrum iusto. Optio dolor illo id et officiis eius. Sint nulla doloremque in magni culpa nemo excepturi.', 0, 1, '2015-11-04 02:54:32', '2017-02-22 19:57:56');
INSERT INTO `messages` (`id`, `from_user_id`, `to_user_id`, `body`, `is_important`, `is_delivered`, `created_at`, `updated_at`) VALUES (31, 173, 136, 'Ut quas autem et numquam nobis quae numquam at. Sint quia voluptatum hic omnis id. Qui et necessitatibus odit. Quia animi ad ipsum a molestiae.', 1, 1, '2017-06-02 13:38:08', '2019-11-29 14:57:09');
INSERT INTO `messages` (`id`, `from_user_id`, `to_user_id`, `body`, `is_important`, `is_delivered`, `created_at`, `updated_at`) VALUES (32, 69, 2, 'Corrupti aliquid molestiae maxime distinctio possimus. Et doloremque tempore doloribus et aliquam ipsa. Sunt voluptas est necessitatibus alias. Rem et unde id eos rem.', 1, 0, '2011-05-14 18:44:11', '2016-07-29 07:34:35');
INSERT INTO `messages` (`id`, `from_user_id`, `to_user_id`, `body`, `is_important`, `is_delivered`, `created_at`, `updated_at`) VALUES (33, 70, 193, 'Qui doloribus molestiae explicabo voluptatibus. Magnam et et porro consequatur voluptatem harum optio. Deserunt quia eius eaque sapiente assumenda culpa. Qui dolores ad distinctio odio.', 1, 1, '2017-04-10 23:29:10', '2013-08-30 23:59:04');
INSERT INTO `messages` (`id`, `from_user_id`, `to_user_id`, `body`, `is_important`, `is_delivered`, `created_at`, `updated_at`) VALUES (34, 1, 108, 'Et velit quis amet quis sed. Eos vitae quia et. Sit omnis qui quam laborum animi sequi non modi.', 1, 0, '2017-09-04 16:59:41', '2015-06-29 22:14:16');
INSERT INTO `messages` (`id`, `from_user_id`, `to_user_id`, `body`, `is_important`, `is_delivered`, `created_at`, `updated_at`) VALUES (35, 1, 45, 'Laboriosam tempore culpa fugit aut ea. Ea sunt qui quis autem maiores voluptatum. Dolore quibusdam molestias quo enim est omnis distinctio. Dolor et minima amet adipisci veritatis et non.', 1, 0, '2013-01-08 12:35:46', '2018-10-31 01:29:42');
INSERT INTO `messages` (`id`, `from_user_id`, `to_user_id`, `body`, `is_important`, `is_delivered`, `created_at`, `updated_at`) VALUES (36, 33, 79, 'Natus nihil voluptatem eum quia repellendus nesciunt necessitatibus quae. Optio architecto qui voluptatem voluptatem qui quis molestiae quo. Qui dolore odio deserunt.', 1, 1, '2020-10-09 22:39:12', '2016-06-01 05:25:10');
INSERT INTO `messages` (`id`, `from_user_id`, `to_user_id`, `body`, `is_important`, `is_delivered`, `created_at`, `updated_at`) VALUES (37, 9, 91, 'Optio doloribus sed laboriosam veniam voluptatibus. Est inventore aspernatur officiis dolorem.', 0, 1, '2020-03-29 02:30:40', '2017-03-10 12:58:03');
INSERT INTO `messages` (`id`, `from_user_id`, `to_user_id`, `body`, `is_important`, `is_delivered`, `created_at`, `updated_at`) VALUES (38, 36, 139, 'Cupiditate minima eligendi dolorem laudantium. Eligendi quod dicta eos aut. Vel maiores vel eaque quia corporis culpa dolor unde. Ipsum porro illum excepturi ut voluptates fugit.', 0, 0, '2017-01-28 04:22:49', '2018-10-02 23:35:06');
INSERT INTO `messages` (`id`, `from_user_id`, `to_user_id`, `body`, `is_important`, `is_delivered`, `created_at`, `updated_at`) VALUES (39, 155, 100, 'Natus non incidunt sunt expedita sunt et dolorem debitis. Incidunt illo illo sequi itaque quae nemo consequatur. Voluptatem eos ab tempora asperiores.', 0, 0, '2013-12-04 12:39:56', '2015-12-04 13:47:37');
INSERT INTO `messages` (`id`, `from_user_id`, `to_user_id`, `body`, `is_important`, `is_delivered`, `created_at`, `updated_at`) VALUES (40, 149, 96, 'Ab labore voluptatibus cum et eaque veritatis quaerat animi. Delectus ab dolores ratione in. Reprehenderit voluptas et tenetur maiores.', 0, 1, '2019-06-25 10:13:22', '2019-08-17 00:04:07');
INSERT INTO `messages` (`id`, `from_user_id`, `to_user_id`, `body`, `is_important`, `is_delivered`, `created_at`, `updated_at`) VALUES (41, 73, 86, 'Quia in reprehenderit velit dolores saepe et quaerat. Et sed recusandae possimus. Aut distinctio fugiat maxime pariatur eum nostrum voluptatem.', 0, 1, '2011-11-14 23:02:24', '2014-09-02 00:54:11');
INSERT INTO `messages` (`id`, `from_user_id`, `to_user_id`, `body`, `is_important`, `is_delivered`, `created_at`, `updated_at`) VALUES (42, 180, 150, 'Aut doloremque similique consequuntur voluptas sapiente ipsam incidunt. Error et magnam recusandae sed pariatur.', 1, 1, '2020-06-11 02:48:45', '2015-04-23 18:26:29');
INSERT INTO `messages` (`id`, `from_user_id`, `to_user_id`, `body`, `is_important`, `is_delivered`, `created_at`, `updated_at`) VALUES (43, 26, 200, 'Quod nulla maiores qui. Iste perferendis autem temporibus voluptas veritatis quia earum. Sequi eligendi maiores ut.', 0, 0, '2017-03-25 21:00:39', '2012-12-08 05:09:07');
INSERT INTO `messages` (`id`, `from_user_id`, `to_user_id`, `body`, `is_important`, `is_delivered`, `created_at`, `updated_at`) VALUES (44, 77, 71, 'Commodi sed reiciendis pariatur voluptatum eum. Et possimus ut doloribus aliquid doloremque asperiores molestiae ut.', 1, 1, '2017-03-02 14:15:14', '2015-10-31 17:33:23');
INSERT INTO `messages` (`id`, `from_user_id`, `to_user_id`, `body`, `is_important`, `is_delivered`, `created_at`, `updated_at`) VALUES (45, 141, 47, 'Asperiores quisquam autem aut voluptatem iste. Repellat molestiae itaque nam quia saepe odit. Earum et molestias cum labore ex. Delectus commodi facilis rerum eum.', 0, 0, '2013-02-01 14:00:48', '2013-09-03 21:59:31');
INSERT INTO `messages` (`id`, `from_user_id`, `to_user_id`, `body`, `is_important`, `is_delivered`, `created_at`, `updated_at`) VALUES (46, 182, 127, 'Voluptatibus quo sunt nisi amet nobis. Ad eos animi temporibus autem quia magni molestiae. Tempore quia autem quo optio rerum.', 1, 1, '2013-08-18 12:10:05', '2011-10-09 14:32:15');
INSERT INTO `messages` (`id`, `from_user_id`, `to_user_id`, `body`, `is_important`, `is_delivered`, `created_at`, `updated_at`) VALUES (47, 180, 152, 'Cum dolorem voluptas enim natus modi rerum officia. Doloremque ea voluptatem quod et. Placeat quia iusto sit similique. Repellat est minus alias blanditiis ab exercitationem.', 0, 1, '2013-05-08 19:56:41', '2016-04-27 02:24:43');
INSERT INTO `messages` (`id`, `from_user_id`, `to_user_id`, `body`, `is_important`, `is_delivered`, `created_at`, `updated_at`) VALUES (48, 74, 126, 'Consequuntur rerum laudantium enim mollitia. Quia vel aliquid perspiciatis placeat. Excepturi minus aut voluptas culpa et voluptatem in.', 0, 0, '2016-09-29 21:56:27', '2011-03-23 20:47:23');
INSERT INTO `messages` (`id`, `from_user_id`, `to_user_id`, `body`, `is_important`, `is_delivered`, `created_at`, `updated_at`) VALUES (49, 102, 200, 'Sunt et sunt ullam. Non natus in quia non. Ipsa consequatur maxime eum aperiam. Soluta magni et harum quia maxime et.', 0, 1, '2016-02-21 23:24:07', '2019-10-18 15:03:09');
INSERT INTO `messages` (`id`, `from_user_id`, `to_user_id`, `body`, `is_important`, `is_delivered`, `created_at`, `updated_at`) VALUES (50, 8, 55, 'At autem sed est ab ut molestias. Deserunt ratione culpa et quia alias et deleniti alias. Recusandae quas eos quia et expedita. Reprehenderit nisi totam mollitia.', 0, 1, '2012-05-29 22:43:41', '2012-11-29 14:47:25');
INSERT INTO `messages` (`id`, `from_user_id`, `to_user_id`, `body`, `is_important`, `is_delivered`, `created_at`, `updated_at`) VALUES (51, 68, 12, 'Accusantium cumque vel quidem ut. Et quidem consequatur eos reiciendis aut quam aut. Magnam autem nesciunt ipsum iste atque.', 1, 0, '2017-05-03 02:12:57', '2011-10-28 08:03:51');
INSERT INTO `messages` (`id`, `from_user_id`, `to_user_id`, `body`, `is_important`, `is_delivered`, `created_at`, `updated_at`) VALUES (52, 32, 195, 'Assumenda repudiandae fuga quod nihil. Modi magnam voluptatem et explicabo omnis optio quae a. Quo iste minima aut ipsam.', 0, 0, '2013-10-05 03:10:17', '2012-06-26 06:17:00');
INSERT INTO `messages` (`id`, `from_user_id`, `to_user_id`, `body`, `is_important`, `is_delivered`, `created_at`, `updated_at`) VALUES (53, 85, 177, 'Tenetur hic maxime nemo dolores. Voluptatibus porro a eveniet iusto molestias aut fugit et. Dignissimos nisi velit velit quidem placeat.', 1, 1, '2016-05-08 15:09:28', '2019-10-24 15:42:40');
INSERT INTO `messages` (`id`, `from_user_id`, `to_user_id`, `body`, `is_important`, `is_delivered`, `created_at`, `updated_at`) VALUES (54, 114, 32, 'Quia qui est ex molestiae qui nihil. Voluptate deleniti culpa cumque quo voluptatem. Voluptatem rerum ducimus voluptas dicta.', 1, 0, '2021-02-07 08:16:08', '2019-04-22 00:53:25');
INSERT INTO `messages` (`id`, `from_user_id`, `to_user_id`, `body`, `is_important`, `is_delivered`, `created_at`, `updated_at`) VALUES (55, 4, 10, 'In ea voluptatem nihil ut. Rerum fuga velit quia et rerum. Sed rerum nobis voluptas iusto pariatur eius. Expedita eveniet voluptatem maiores ex error quo.', 1, 1, '2013-10-23 12:16:08', '2017-06-17 07:09:44');
INSERT INTO `messages` (`id`, `from_user_id`, `to_user_id`, `body`, `is_important`, `is_delivered`, `created_at`, `updated_at`) VALUES (56, 52, 169, 'Quasi beatae modi adipisci quia corrupti repellendus. In totam eum eos velit. Corporis quo ab vel error aut.', 1, 1, '2019-10-10 13:13:07', '2015-03-28 01:34:00');
INSERT INTO `messages` (`id`, `from_user_id`, `to_user_id`, `body`, `is_important`, `is_delivered`, `created_at`, `updated_at`) VALUES (57, 158, 85, 'Est sint optio nemo aliquam eveniet. Dolores recusandae ut labore rem sunt fugit. Ratione consequatur ratione placeat voluptas optio nesciunt quasi.', 0, 1, '2013-03-20 17:53:10', '2017-09-23 11:12:42');
INSERT INTO `messages` (`id`, `from_user_id`, `to_user_id`, `body`, `is_important`, `is_delivered`, `created_at`, `updated_at`) VALUES (58, 28, 5, 'Earum eveniet culpa autem repudiandae. Vitae dolorum eum accusantium impedit quod aliquam. Quasi repellendus cum reprehenderit qui qui. Consectetur aliquam ab enim accusamus eaque aperiam non.', 1, 1, '2016-07-31 11:23:53', '2012-01-28 18:15:11');
INSERT INTO `messages` (`id`, `from_user_id`, `to_user_id`, `body`, `is_important`, `is_delivered`, `created_at`, `updated_at`) VALUES (59, 117, 134, 'Dolorem quia ab dolores fuga eos autem fuga. Nemo voluptatem aspernatur quis consequuntur cupiditate dolor. Nobis recusandae aliquam sed et dolorum aut aut.', 0, 1, '2019-02-14 09:09:32', '2011-07-20 16:05:43');
INSERT INTO `messages` (`id`, `from_user_id`, `to_user_id`, `body`, `is_important`, `is_delivered`, `created_at`, `updated_at`) VALUES (60, 37, 175, 'Impedit molestiae nobis sint vero vitae molestiae voluptatum. Asperiores iusto sed aut dolores nobis eveniet. Ut qui quasi beatae labore.', 0, 1, '2014-10-13 17:56:55', '2014-09-10 19:09:13');
INSERT INTO `messages` (`id`, `from_user_id`, `to_user_id`, `body`, `is_important`, `is_delivered`, `created_at`, `updated_at`) VALUES (61, 87, 61, 'Culpa esse aut id quam. Aliquam neque sunt dolor placeat ipsam beatae. Labore sequi architecto illo. In odit officiis quis beatae recusandae sapiente consequatur.', 0, 1, '2019-10-11 07:32:25', '2018-03-26 14:02:12');
INSERT INTO `messages` (`id`, `from_user_id`, `to_user_id`, `body`, `is_important`, `is_delivered`, `created_at`, `updated_at`) VALUES (62, 62, 66, 'Incidunt recusandae et nostrum maiores. Autem esse similique rerum. Voluptatum eum ad cum in.', 1, 1, '2017-10-16 03:55:00', '2013-12-01 03:05:04');
INSERT INTO `messages` (`id`, `from_user_id`, `to_user_id`, `body`, `is_important`, `is_delivered`, `created_at`, `updated_at`) VALUES (63, 90, 15, 'Ut explicabo dolor est dolorem officia tenetur qui et. Omnis quia esse omnis. Labore neque dolore voluptas voluptas nam velit earum.', 0, 1, '2017-07-06 23:27:27', '2012-06-24 22:54:14');
INSERT INTO `messages` (`id`, `from_user_id`, `to_user_id`, `body`, `is_important`, `is_delivered`, `created_at`, `updated_at`) VALUES (64, 134, 146, 'Dolore sit distinctio laboriosam quibusdam nulla architecto. In consequuntur occaecati qui et ad et et. Necessitatibus quos quasi alias et aut labore.', 1, 0, '2013-05-18 12:32:37', '2013-09-14 01:04:44');
INSERT INTO `messages` (`id`, `from_user_id`, `to_user_id`, `body`, `is_important`, `is_delivered`, `created_at`, `updated_at`) VALUES (65, 96, 73, 'Voluptas rem error omnis sint amet. Reprehenderit quia totam possimus modi rerum delectus. Nisi soluta ducimus illo. Voluptas excepturi et est nesciunt aut nobis et quia.', 1, 0, '2012-03-06 05:06:43', '2020-08-10 22:34:12');
INSERT INTO `messages` (`id`, `from_user_id`, `to_user_id`, `body`, `is_important`, `is_delivered`, `created_at`, `updated_at`) VALUES (66, 115, 27, 'Maiores itaque enim quidem molestiae recusandae. Facere aut necessitatibus molestiae natus dolor. Qui architecto similique eum ut molestiae debitis. Et at omnis omnis omnis.', 0, 0, '2013-08-07 22:05:19', '2015-10-31 15:58:55');
INSERT INTO `messages` (`id`, `from_user_id`, `to_user_id`, `body`, `is_important`, `is_delivered`, `created_at`, `updated_at`) VALUES (67, 54, 107, 'Laborum provident officiis optio voluptas est dolores. Debitis est numquam eveniet nobis aut ut maiores aperiam. Qui omnis voluptas dolores explicabo dolorem officiis sint.', 0, 0, '2018-06-15 18:52:31', '2019-11-15 23:12:34');
INSERT INTO `messages` (`id`, `from_user_id`, `to_user_id`, `body`, `is_important`, `is_delivered`, `created_at`, `updated_at`) VALUES (68, 13, 83, 'Eos rerum ut voluptatem voluptatem nostrum hic. Nihil fuga eaque ut expedita commodi molestiae ut. Aut fugiat sapiente quia nisi. Sit dolorem explicabo laboriosam et qui laudantium ducimus.', 0, 1, '2020-08-05 16:03:30', '2018-02-01 05:22:51');
INSERT INTO `messages` (`id`, `from_user_id`, `to_user_id`, `body`, `is_important`, `is_delivered`, `created_at`, `updated_at`) VALUES (69, 99, 92, 'Sit natus ex dicta sint vero debitis ut. Dolore dolores illo est in autem. Enim quis voluptatem saepe fugiat odio.', 0, 0, '2020-06-19 16:18:56', '2019-06-01 04:49:23');
INSERT INTO `messages` (`id`, `from_user_id`, `to_user_id`, `body`, `is_important`, `is_delivered`, `created_at`, `updated_at`) VALUES (70, 134, 163, 'Officia architecto vitae accusantium quia vero amet. Quibusdam enim quisquam dolorum eaque cupiditate voluptate. Culpa qui sed impedit dolor delectus ea. Labore error dolores tempore est.', 0, 0, '2015-03-23 21:14:28', '2016-09-11 18:44:20');
INSERT INTO `messages` (`id`, `from_user_id`, `to_user_id`, `body`, `is_important`, `is_delivered`, `created_at`, `updated_at`) VALUES (71, 185, 113, 'Voluptas et quod eaque assumenda eos. Ut ab magnam voluptatem quo necessitatibus. Similique ipsa similique eius.', 1, 1, '2016-04-13 23:02:48', '2020-06-02 23:37:40');
INSERT INTO `messages` (`id`, `from_user_id`, `to_user_id`, `body`, `is_important`, `is_delivered`, `created_at`, `updated_at`) VALUES (72, 26, 20, 'Saepe enim consequatur ipsa ratione voluptas. Velit et ut dolore rerum. Fugiat quia ipsam suscipit non quia quisquam.', 0, 1, '2011-05-22 07:42:14', '2020-03-21 00:06:29');
INSERT INTO `messages` (`id`, `from_user_id`, `to_user_id`, `body`, `is_important`, `is_delivered`, `created_at`, `updated_at`) VALUES (73, 113, 82, 'Qui dolorem beatae aut ipsam harum. Autem nesciunt accusamus dolorem.', 0, 0, '2020-03-11 05:00:33', '2016-03-07 08:47:03');
INSERT INTO `messages` (`id`, `from_user_id`, `to_user_id`, `body`, `is_important`, `is_delivered`, `created_at`, `updated_at`) VALUES (74, 6, 124, 'Et illo harum vero nesciunt dolor voluptatem eos. Dolorem enim eligendi hic. Sunt voluptas iure ut nemo. Totam saepe deserunt ipsam delectus voluptates facere.', 0, 1, '2020-02-13 06:44:58', '2013-01-17 02:42:13');
INSERT INTO `messages` (`id`, `from_user_id`, `to_user_id`, `body`, `is_important`, `is_delivered`, `created_at`, `updated_at`) VALUES (75, 196, 68, 'Aut nemo recusandae autem illum mollitia quos id hic. Officiis voluptatem quia hic. Et et tempora officiis. Qui dignissimos quibusdam dolor adipisci et aut magni.', 1, 1, '2019-07-26 12:03:43', '2012-04-24 10:34:17');
INSERT INTO `messages` (`id`, `from_user_id`, `to_user_id`, `body`, `is_important`, `is_delivered`, `created_at`, `updated_at`) VALUES (76, 184, 197, 'Omnis ut laborum doloribus at. Aliquid voluptas est dolor sed quod debitis. Non rem excepturi ratione soluta praesentium impedit.', 1, 1, '2020-01-12 18:53:06', '2011-10-03 06:48:01');
INSERT INTO `messages` (`id`, `from_user_id`, `to_user_id`, `body`, `is_important`, `is_delivered`, `created_at`, `updated_at`) VALUES (77, 129, 111, 'Perferendis et et soluta autem quae aut id. Aut mollitia perspiciatis id in eveniet quasi. Voluptas cupiditate asperiores pariatur enim non iure.', 1, 1, '2012-12-04 13:06:57', '2011-05-21 07:12:10');
INSERT INTO `messages` (`id`, `from_user_id`, `to_user_id`, `body`, `is_important`, `is_delivered`, `created_at`, `updated_at`) VALUES (78, 198, 139, 'Numquam exercitationem aut odio odit veniam sunt. Qui dolorem dolore id corrupti omnis in. Alias et dolorum porro illum odit molestiae dolores. Aut quod nihil aut quis fugiat sit voluptates.', 0, 0, '2011-09-25 22:20:13', '2018-06-15 04:44:35');
INSERT INTO `messages` (`id`, `from_user_id`, `to_user_id`, `body`, `is_important`, `is_delivered`, `created_at`, `updated_at`) VALUES (79, 179, 62, 'Sit blanditiis ducimus non aut totam iure nulla. Deleniti quas harum molestias et eaque recusandae. Aut voluptas inventore suscipit aut illo maxime soluta.', 0, 0, '2020-04-04 14:44:12', '2012-06-25 20:25:28');
INSERT INTO `messages` (`id`, `from_user_id`, `to_user_id`, `body`, `is_important`, `is_delivered`, `created_at`, `updated_at`) VALUES (80, 84, 104, 'Odit cupiditate et optio totam atque assumenda. Id esse sed earum magni neque aut corrupti et. Maiores nesciunt laboriosam voluptas repellat. Occaecati minima et odit ut qui ea omnis.', 1, 1, '2020-10-25 15:19:42', '2019-09-23 05:28:59');
INSERT INTO `messages` (`id`, `from_user_id`, `to_user_id`, `body`, `is_important`, `is_delivered`, `created_at`, `updated_at`) VALUES (81, 12, 49, 'Libero repellendus dignissimos et et aperiam enim ipsum ut. Nobis necessitatibus laborum et qui. Praesentium autem molestiae illo dolorem dicta repellat sunt.', 0, 0, '2018-09-03 02:06:35', '2020-04-14 13:57:20');
INSERT INTO `messages` (`id`, `from_user_id`, `to_user_id`, `body`, `is_important`, `is_delivered`, `created_at`, `updated_at`) VALUES (82, 134, 97, 'Reiciendis rerum voluptate impedit nulla rerum exercitationem dolores. Suscipit aut et nam omnis optio et. Quo et molestias nihil perspiciatis officiis veritatis.', 0, 1, '2016-09-27 19:55:20', '2013-10-05 04:26:01');
INSERT INTO `messages` (`id`, `from_user_id`, `to_user_id`, `body`, `is_important`, `is_delivered`, `created_at`, `updated_at`) VALUES (83, 91, 55, 'Non sunt at deserunt aut. Totam eligendi aut hic molestias. Voluptas sint voluptatem ut enim. Et molestiae voluptatum aliquam est fuga. Quam voluptatum molestiae vero fugiat vero repudiandae.', 1, 1, '2018-01-03 22:13:02', '2017-12-26 08:16:18');
INSERT INTO `messages` (`id`, `from_user_id`, `to_user_id`, `body`, `is_important`, `is_delivered`, `created_at`, `updated_at`) VALUES (84, 167, 44, 'Tenetur nihil aperiam laboriosam tempore sit. Consequatur voluptatem impedit minus cumque. Voluptatibus et maiores illo nihil molestias.', 1, 0, '2013-01-08 04:48:28', '2015-07-07 23:15:08');
INSERT INTO `messages` (`id`, `from_user_id`, `to_user_id`, `body`, `is_important`, `is_delivered`, `created_at`, `updated_at`) VALUES (85, 34, 173, 'Aut incidunt sint explicabo aut est. Porro nostrum quis nisi a soluta. Quia dolores atque odit quae blanditiis nam. Quo mollitia occaecati modi veritatis et.', 0, 1, '2019-08-04 13:20:27', '2018-12-15 19:33:04');
INSERT INTO `messages` (`id`, `from_user_id`, `to_user_id`, `body`, `is_important`, `is_delivered`, `created_at`, `updated_at`) VALUES (86, 174, 136, 'Ex veritatis sed explicabo maiores. Autem iusto est deleniti rerum. Voluptatibus odio aspernatur molestiae quia cupiditate sit. Facilis laudantium tempore nemo et et qui.', 1, 1, '2014-05-18 19:50:58', '2012-05-20 19:37:48');
INSERT INTO `messages` (`id`, `from_user_id`, `to_user_id`, `body`, `is_important`, `is_delivered`, `created_at`, `updated_at`) VALUES (87, 66, 30, 'Aliquid ut ut nostrum aliquam vel omnis. Nobis itaque animi asperiores numquam qui illum aliquam. Illum natus harum id animi sapiente eveniet.', 0, 1, '2019-10-13 02:50:47', '2015-07-25 15:19:18');
INSERT INTO `messages` (`id`, `from_user_id`, `to_user_id`, `body`, `is_important`, `is_delivered`, `created_at`, `updated_at`) VALUES (88, 3, 37, 'Dolorem labore quo debitis ipsam animi. Tenetur et cum assumenda veritatis. Fuga beatae deserunt officiis facilis quo sint exercitationem.', 0, 1, '2016-03-24 04:12:00', '2017-08-29 04:25:31');
INSERT INTO `messages` (`id`, `from_user_id`, `to_user_id`, `body`, `is_important`, `is_delivered`, `created_at`, `updated_at`) VALUES (89, 125, 154, 'Numquam veritatis minima repellat delectus iure qui enim. Soluta reprehenderit maiores natus aut soluta corrupti. Qui aliquam nemo porro sapiente labore. Magnam laborum qui necessitatibus.', 0, 1, '2019-04-05 07:42:50', '2013-05-13 04:31:23');
INSERT INTO `messages` (`id`, `from_user_id`, `to_user_id`, `body`, `is_important`, `is_delivered`, `created_at`, `updated_at`) VALUES (90, 78, 17, 'Ex maxime non magni repellendus harum rerum. Non quas qui aut in est quo. Ab aliquid dolores quis neque accusamus.', 1, 0, '2015-07-09 11:18:20', '2014-09-30 19:51:36');
INSERT INTO `messages` (`id`, `from_user_id`, `to_user_id`, `body`, `is_important`, `is_delivered`, `created_at`, `updated_at`) VALUES (91, 77, 22, 'Ex pariatur sit et voluptatibus. Illo inventore distinctio veritatis. Quis sit accusantium veritatis ut. In voluptatem ut et numquam et delectus.', 1, 1, '2016-10-23 09:59:48', '2012-01-12 16:26:18');
INSERT INTO `messages` (`id`, `from_user_id`, `to_user_id`, `body`, `is_important`, `is_delivered`, `created_at`, `updated_at`) VALUES (92, 19, 83, 'Suscipit vel totam veniam cumque et corporis harum. Beatae fuga ea accusantium magnam ea quae. Voluptas autem qui quasi voluptatem. Quo ducimus cum aut eius a laudantium delectus.', 0, 1, '2016-10-20 13:46:23', '2013-01-04 04:58:03');
INSERT INTO `messages` (`id`, `from_user_id`, `to_user_id`, `body`, `is_important`, `is_delivered`, `created_at`, `updated_at`) VALUES (93, 104, 165, 'Nostrum est culpa non id molestias. Officiis praesentium odio voluptas delectus fugit sit totam.', 0, 0, '2013-01-07 13:22:01', '2020-03-12 04:04:11');
INSERT INTO `messages` (`id`, `from_user_id`, `to_user_id`, `body`, `is_important`, `is_delivered`, `created_at`, `updated_at`) VALUES (94, 178, 108, 'Voluptatem sapiente aut voluptate dignissimos culpa. Fuga totam sit dolor et. Ad fuga corporis quam ab exercitationem nobis. Architecto velit maiores corporis tenetur.', 1, 1, '2019-05-16 23:53:52', '2016-07-05 08:46:12');
INSERT INTO `messages` (`id`, `from_user_id`, `to_user_id`, `body`, `is_important`, `is_delivered`, `created_at`, `updated_at`) VALUES (95, 15, 199, 'Voluptas inventore id sint fuga ipsam. Deserunt ut voluptatem architecto aut eaque sed eos.', 1, 1, '2015-04-29 04:24:35', '2020-07-29 05:26:13');
INSERT INTO `messages` (`id`, `from_user_id`, `to_user_id`, `body`, `is_important`, `is_delivered`, `created_at`, `updated_at`) VALUES (96, 105, 180, 'Adipisci velit velit et corporis eos. Atque hic et quae nemo reiciendis sunt dolor. Quia id nemo voluptas fugit. Voluptatem minus facere sed.', 0, 1, '2018-09-19 01:06:26', '2012-05-09 10:30:01');
INSERT INTO `messages` (`id`, `from_user_id`, `to_user_id`, `body`, `is_important`, `is_delivered`, `created_at`, `updated_at`) VALUES (97, 55, 23, 'Et aut nihil quidem. Omnis ipsum quibusdam rerum minima. Nam qui quia inventore eius nihil et. Sed vitae quas doloribus ratione iusto.', 1, 1, '2018-10-31 14:17:53', '2016-04-20 02:05:11');
INSERT INTO `messages` (`id`, `from_user_id`, `to_user_id`, `body`, `is_important`, `is_delivered`, `created_at`, `updated_at`) VALUES (98, 137, 63, 'Voluptatum voluptatum atque eum beatae sit ad consequatur. Error et quo autem provident quia dolores culpa. Eum saepe voluptatum dignissimos ut ipsam sequi quia.', 0, 0, '2017-04-21 01:05:17', '2014-01-07 07:54:20');
INSERT INTO `messages` (`id`, `from_user_id`, `to_user_id`, `body`, `is_important`, `is_delivered`, `created_at`, `updated_at`) VALUES (99, 39, 114, 'Beatae sint doloribus debitis eos ut beatae qui. Iste velit ut ea autem facilis cupiditate in. Quia rerum repellendus dignissimos explicabo ut et velit.', 1, 1, '2019-12-07 22:17:34', '2011-04-12 18:06:06');
INSERT INTO `messages` (`id`, `from_user_id`, `to_user_id`, `body`, `is_important`, `is_delivered`, `created_at`, `updated_at`) VALUES (100, 32, 6, 'Velit accusantium necessitatibus quibusdam dicta. Tempora et quia optio odio molestias. Exercitationem et et libero sit cumque vitae animi voluptatibus.', 0, 0, '2019-04-01 00:43:04', '2018-01-31 03:55:05');
INSERT INTO `messages` (`id`, `from_user_id`, `to_user_id`, `body`, `is_important`, `is_delivered`, `created_at`, `updated_at`) VALUES (101, 194, 30, 'Quasi hic ut est ut provident vel quidem. Non quo quibusdam unde impedit in vero. Voluptas facere dolor et iusto. Eos quod dolor sunt.', 1, 0, '2015-06-20 12:51:07', '2011-10-18 04:50:44');
INSERT INTO `messages` (`id`, `from_user_id`, `to_user_id`, `body`, `is_important`, `is_delivered`, `created_at`, `updated_at`) VALUES (102, 115, 79, 'Ipsam eaque doloremque quasi consequuntur. Nulla ut et ut id quis. Minus est consequatur perspiciatis et modi.', 1, 1, '2019-07-31 12:46:44', '2017-03-24 11:05:27');
INSERT INTO `messages` (`id`, `from_user_id`, `to_user_id`, `body`, `is_important`, `is_delivered`, `created_at`, `updated_at`) VALUES (103, 91, 96, 'Sed sit fuga officiis quasi ad aut. Accusamus alias suscipit vel voluptatum. Ad voluptatem aut suscipit aut. Tempora praesentium officia ipsa.', 0, 0, '2020-08-16 17:37:25', '2020-12-01 22:12:49');
INSERT INTO `messages` (`id`, `from_user_id`, `to_user_id`, `body`, `is_important`, `is_delivered`, `created_at`, `updated_at`) VALUES (104, 171, 16, 'Voluptatum excepturi alias dolores blanditiis modi ut iste necessitatibus. Qui deserunt atque quod. Autem et aut enim laboriosam dolorem reiciendis.', 1, 1, '2012-11-30 13:44:26', '2017-10-13 16:45:56');
INSERT INTO `messages` (`id`, `from_user_id`, `to_user_id`, `body`, `is_important`, `is_delivered`, `created_at`, `updated_at`) VALUES (105, 112, 4, 'Iste architecto quibusdam et ab quo et ea. Itaque nisi dolorum quia debitis quos tempora fugiat. Officia laudantium saepe libero sapiente. Cumque vel ipsa laborum eum debitis consectetur nisi.', 1, 0, '2015-10-02 05:58:17', '2017-11-09 14:44:23');
INSERT INTO `messages` (`id`, `from_user_id`, `to_user_id`, `body`, `is_important`, `is_delivered`, `created_at`, `updated_at`) VALUES (106, 76, 149, 'Sed quidem eligendi quos ut. Excepturi id eum quis facere sequi voluptas. In voluptate tempore nam voluptatem in.', 0, 0, '2011-03-01 16:28:06', '2019-10-14 15:19:03');
INSERT INTO `messages` (`id`, `from_user_id`, `to_user_id`, `body`, `is_important`, `is_delivered`, `created_at`, `updated_at`) VALUES (107, 9, 19, 'Qui voluptas quo ab necessitatibus rerum ea enim. Provident quia cumque iste impedit. Aperiam doloribus non in odio. Dolorem saepe aperiam est velit fuga soluta aut.', 0, 1, '2018-11-22 20:33:15', '2018-07-27 01:38:53');
INSERT INTO `messages` (`id`, `from_user_id`, `to_user_id`, `body`, `is_important`, `is_delivered`, `created_at`, `updated_at`) VALUES (108, 86, 75, 'Et minima ut officia modi. Unde est voluptatem doloremque quaerat. Accusantium saepe beatae autem soluta ipsa maxime molestiae dolor.', 0, 0, '2016-05-18 17:02:01', '2018-08-21 20:37:34');
INSERT INTO `messages` (`id`, `from_user_id`, `to_user_id`, `body`, `is_important`, `is_delivered`, `created_at`, `updated_at`) VALUES (109, 186, 197, 'Quasi quasi et mollitia pariatur possimus et. Aperiam quia quam quas ipsam aliquid. Numquam quia doloribus est soluta sunt voluptatem distinctio. Laborum iste ad nostrum vero qui accusantium nihil.', 1, 0, '2015-11-18 03:14:50', '2011-10-29 13:01:01');
INSERT INTO `messages` (`id`, `from_user_id`, `to_user_id`, `body`, `is_important`, `is_delivered`, `created_at`, `updated_at`) VALUES (110, 7, 107, 'Reprehenderit necessitatibus nihil maiores. Laboriosam adipisci exercitationem architecto quis similique odio. Ut omnis quis corporis. Suscipit ut itaque dolorem.', 0, 1, '2011-12-09 10:45:25', '2020-05-17 21:06:24');
INSERT INTO `messages` (`id`, `from_user_id`, `to_user_id`, `body`, `is_important`, `is_delivered`, `created_at`, `updated_at`) VALUES (111, 146, 28, 'Eos corrupti assumenda fugit nostrum. Quia ut reiciendis beatae voluptatem voluptatibus cupiditate labore. Perferendis est et commodi nesciunt qui.', 1, 1, '2020-03-16 23:04:01', '2013-11-27 21:15:41');
INSERT INTO `messages` (`id`, `from_user_id`, `to_user_id`, `body`, `is_important`, `is_delivered`, `created_at`, `updated_at`) VALUES (112, 63, 44, 'Sit reiciendis eos magnam. Vero consequuntur hic veritatis. Voluptas incidunt ut non cum. Incidunt impedit optio quibusdam rem.', 1, 0, '2016-04-17 10:00:32', '2016-06-14 13:05:25');
INSERT INTO `messages` (`id`, `from_user_id`, `to_user_id`, `body`, `is_important`, `is_delivered`, `created_at`, `updated_at`) VALUES (113, 68, 77, 'Ex est fugit corporis voluptatem sit. Ipsam consectetur quod minus quidem sunt. Est labore sunt id veritatis ab inventore quasi. Et recusandae quo iusto voluptatem itaque sequi.', 1, 0, '2013-07-19 22:20:05', '2013-11-15 09:22:33');
INSERT INTO `messages` (`id`, `from_user_id`, `to_user_id`, `body`, `is_important`, `is_delivered`, `created_at`, `updated_at`) VALUES (114, 59, 68, 'Explicabo eligendi quae nam qui deleniti hic. Quis sed nihil earum veniam eveniet laborum. Aut eum magnam consequatur molestiae rerum placeat sit.', 1, 0, '2018-08-31 13:50:22', '2017-08-11 09:05:12');
INSERT INTO `messages` (`id`, `from_user_id`, `to_user_id`, `body`, `is_important`, `is_delivered`, `created_at`, `updated_at`) VALUES (115, 101, 38, 'Eligendi exercitationem iure qui inventore. Similique et atque omnis ut. Et autem sit sit aliquid nam tempora. Exercitationem architecto similique nihil et voluptatum ut at possimus.', 1, 1, '2020-05-31 11:13:42', '2014-10-14 10:59:59');
INSERT INTO `messages` (`id`, `from_user_id`, `to_user_id`, `body`, `is_important`, `is_delivered`, `created_at`, `updated_at`) VALUES (116, 93, 17, 'Ea quam dolorum a alias et. Quaerat aut expedita velit iure. In provident sequi adipisci voluptates saepe.', 1, 0, '2011-06-23 13:04:12', '2019-03-09 21:49:38');
INSERT INTO `messages` (`id`, `from_user_id`, `to_user_id`, `body`, `is_important`, `is_delivered`, `created_at`, `updated_at`) VALUES (117, 160, 124, 'Et cum dolore quae aut quaerat et sunt. In enim aut dolor et enim optio dolores. Quas vitae quod sed ullam eaque. Ut cupiditate esse saepe.', 1, 1, '2015-12-14 16:23:21', '2019-02-04 13:00:28');
INSERT INTO `messages` (`id`, `from_user_id`, `to_user_id`, `body`, `is_important`, `is_delivered`, `created_at`, `updated_at`) VALUES (118, 58, 129, 'Qui dignissimos aut in. Vitae earum consequatur voluptatibus repellendus aut illo. Dolorem ipsum placeat consectetur neque. Sapiente voluptatibus et a asperiores error.', 1, 0, '2011-06-11 22:33:31', '2019-01-18 03:28:39');
INSERT INTO `messages` (`id`, `from_user_id`, `to_user_id`, `body`, `is_important`, `is_delivered`, `created_at`, `updated_at`) VALUES (119, 36, 44, 'Exercitationem hic voluptatem voluptatem est. Libero maiores autem hic quod quis in corrupti. Ut omnis cum laboriosam neque qui est. Perferendis molestias non natus.', 1, 1, '2012-09-30 00:44:52', '2017-06-13 19:17:31');
INSERT INTO `messages` (`id`, `from_user_id`, `to_user_id`, `body`, `is_important`, `is_delivered`, `created_at`, `updated_at`) VALUES (120, 66, 167, 'Rerum accusamus quo debitis qui nisi soluta veniam deserunt. Aliquam nulla amet aspernatur qui voluptas assumenda modi. Quia quidem at quia iusto odio amet.', 0, 0, '2017-03-29 03:18:12', '2016-08-16 17:21:32');
INSERT INTO `messages` (`id`, `from_user_id`, `to_user_id`, `body`, `is_important`, `is_delivered`, `created_at`, `updated_at`) VALUES (121, 19, 57, 'Dolores voluptatum tempora voluptatem eos sed odit sint. Aliquam ex repellat dolores enim occaecati voluptatem laborum. Enim incidunt odio quia eveniet non. Porro adipisci qui nesciunt molestiae a.', 1, 1, '2016-06-11 20:53:08', '2012-09-28 13:40:52');
INSERT INTO `messages` (`id`, `from_user_id`, `to_user_id`, `body`, `is_important`, `is_delivered`, `created_at`, `updated_at`) VALUES (122, 99, 57, 'Est praesentium sit velit sit magnam sed. Nobis assumenda temporibus dolores nobis nobis veniam quibusdam.', 0, 0, '2019-10-24 23:00:23', '2014-12-02 09:26:20');
INSERT INTO `messages` (`id`, `from_user_id`, `to_user_id`, `body`, `is_important`, `is_delivered`, `created_at`, `updated_at`) VALUES (123, 143, 169, 'Aperiam ut perferendis iste dolorem iusto. Sed rerum ducimus perspiciatis dolorem eos consequuntur. Maiores aut odit eum non incidunt.', 1, 0, '2020-03-22 18:27:03', '2015-02-11 03:01:24');
INSERT INTO `messages` (`id`, `from_user_id`, `to_user_id`, `body`, `is_important`, `is_delivered`, `created_at`, `updated_at`) VALUES (124, 97, 70, 'Pariatur consectetur ut et illum vel reprehenderit. Quo perspiciatis corrupti amet cupiditate. Ut qui quam aliquam placeat non ducimus.', 1, 0, '2017-02-13 16:39:23', '2015-07-27 15:48:53');
INSERT INTO `messages` (`id`, `from_user_id`, `to_user_id`, `body`, `is_important`, `is_delivered`, `created_at`, `updated_at`) VALUES (125, 58, 4, 'Asperiores quaerat ut tempora architecto. Voluptate odit delectus dolor. Itaque eaque quibusdam ullam voluptas tempora qui a illo. Sit ratione eos illum hic provident consequatur rerum non.', 0, 1, '2013-10-01 19:15:13', '2014-12-30 08:58:43');
INSERT INTO `messages` (`id`, `from_user_id`, `to_user_id`, `body`, `is_important`, `is_delivered`, `created_at`, `updated_at`) VALUES (126, 155, 157, 'Asperiores dolore aut porro consequuntur. Voluptatem recusandae voluptatum id consequatur nesciunt. Harum perspiciatis praesentium dolores rerum iusto nihil deleniti quisquam.', 1, 1, '2012-09-15 01:59:48', '2019-10-02 13:14:07');
INSERT INTO `messages` (`id`, `from_user_id`, `to_user_id`, `body`, `is_important`, `is_delivered`, `created_at`, `updated_at`) VALUES (127, 21, 87, 'Doloribus cum quidem et maxime atque. Id fugiat praesentium a dolorem reiciendis qui ullam. Sapiente reprehenderit nihil tempora veritatis doloremque molestias.', 0, 1, '2020-01-01 16:54:53', '2019-11-22 00:06:01');
INSERT INTO `messages` (`id`, `from_user_id`, `to_user_id`, `body`, `is_important`, `is_delivered`, `created_at`, `updated_at`) VALUES (128, 52, 8, 'Et odio consectetur quo sed sequi. Assumenda nam est totam iusto temporibus et. Consequatur est sint quia rerum iure consequatur cupiditate.', 0, 1, '2013-03-02 22:51:08', '2011-02-22 17:22:24');
INSERT INTO `messages` (`id`, `from_user_id`, `to_user_id`, `body`, `is_important`, `is_delivered`, `created_at`, `updated_at`) VALUES (129, 194, 191, 'Hic dolorem placeat atque ea voluptatem. Facere accusamus non itaque et nulla. Aut vel est sunt voluptatem nesciunt reprehenderit. Deserunt quia voluptas est ipsam ut asperiores consectetur.', 0, 1, '2017-11-20 00:33:43', '2020-05-23 01:30:52');
INSERT INTO `messages` (`id`, `from_user_id`, `to_user_id`, `body`, `is_important`, `is_delivered`, `created_at`, `updated_at`) VALUES (130, 178, 103, 'Cum maxime dolores nisi id temporibus non. Sed iure aut reiciendis atque ab sapiente. Illo et asperiores culpa culpa.', 0, 1, '2017-03-12 04:54:36', '2013-11-23 16:33:45');
INSERT INTO `messages` (`id`, `from_user_id`, `to_user_id`, `body`, `is_important`, `is_delivered`, `created_at`, `updated_at`) VALUES (131, 63, 159, 'Sed rerum quo ratione voluptatem praesentium. Et voluptas et recusandae. Amet aut architecto qui et sint. Libero voluptas quaerat occaecati.', 1, 1, '2015-06-27 05:10:26', '2013-04-11 10:34:40');
INSERT INTO `messages` (`id`, `from_user_id`, `to_user_id`, `body`, `is_important`, `is_delivered`, `created_at`, `updated_at`) VALUES (132, 12, 10, 'Fugit aut reiciendis quos ipsa repellat aut mollitia. Quos ratione hic cupiditate. Deserunt qui modi officiis est temporibus. Molestiae aut cum sit. Tenetur repellendus error occaecati quod.', 0, 1, '2014-06-15 23:31:36', '2015-10-08 01:52:36');
INSERT INTO `messages` (`id`, `from_user_id`, `to_user_id`, `body`, `is_important`, `is_delivered`, `created_at`, `updated_at`) VALUES (133, 185, 171, 'Laboriosam illum qui ut dignissimos voluptates libero quisquam. Delectus occaecati aliquam quia. Vel ipsam assumenda quia quia.', 0, 0, '2019-01-02 14:19:04', '2012-08-09 13:09:11');
INSERT INTO `messages` (`id`, `from_user_id`, `to_user_id`, `body`, `is_important`, `is_delivered`, `created_at`, `updated_at`) VALUES (134, 113, 46, 'Earum deserunt et sit sed omnis autem nihil tempore. Autem iste aut omnis distinctio aut. Iusto odio et nesciunt enim. Odit amet iste dolorum cum et soluta illo.', 1, 1, '2021-02-03 18:37:44', '2019-10-04 00:11:44');
INSERT INTO `messages` (`id`, `from_user_id`, `to_user_id`, `body`, `is_important`, `is_delivered`, `created_at`, `updated_at`) VALUES (135, 192, 181, 'Eum veniam ut expedita quae iure eius unde corporis. Ut doloremque temporibus incidunt aperiam animi quas. A minus et quia qui ad quaerat. Sit voluptas optio est.', 0, 0, '2012-05-15 22:58:11', '2017-03-30 13:49:42');
INSERT INTO `messages` (`id`, `from_user_id`, `to_user_id`, `body`, `is_important`, `is_delivered`, `created_at`, `updated_at`) VALUES (136, 199, 133, 'Autem natus consequatur quam dolorem deserunt occaecati blanditiis. Eveniet ipsum eveniet ex provident. Blanditiis architecto numquam est saepe.', 1, 1, '2012-09-14 03:59:21', '2020-06-05 07:26:59');
INSERT INTO `messages` (`id`, `from_user_id`, `to_user_id`, `body`, `is_important`, `is_delivered`, `created_at`, `updated_at`) VALUES (137, 108, 122, 'Facere eos non vero aut repellat. Repellendus ad consequuntur enim et corrupti eius eum.', 1, 1, '2012-04-22 05:14:25', '2015-11-02 19:49:41');
INSERT INTO `messages` (`id`, `from_user_id`, `to_user_id`, `body`, `is_important`, `is_delivered`, `created_at`, `updated_at`) VALUES (138, 39, 92, 'Temporibus quis deserunt corrupti sunt ullam ipsa. Aut blanditiis aliquam velit. Eius et non placeat quod omnis quo. Adipisci quisquam minus qui ea accusantium.', 0, 0, '2013-11-05 18:31:47', '2011-04-04 06:33:24');
INSERT INTO `messages` (`id`, `from_user_id`, `to_user_id`, `body`, `is_important`, `is_delivered`, `created_at`, `updated_at`) VALUES (139, 150, 113, 'Aperiam eligendi tempore quibusdam soluta voluptas. Tenetur iusto molestiae asperiores sit veritatis. Ut magnam inventore deleniti ducimus delectus quos sit.', 0, 1, '2013-04-03 03:38:39', '2015-08-09 18:20:44');
INSERT INTO `messages` (`id`, `from_user_id`, `to_user_id`, `body`, `is_important`, `is_delivered`, `created_at`, `updated_at`) VALUES (140, 158, 93, 'Rerum voluptatem velit a voluptatibus tempore sit facere. Enim maxime consequatur expedita nihil. Sed id nihil eligendi porro et est.', 0, 1, '2015-03-21 18:35:18', '2016-12-09 13:04:45');
INSERT INTO `messages` (`id`, `from_user_id`, `to_user_id`, `body`, `is_important`, `is_delivered`, `created_at`, `updated_at`) VALUES (141, 12, 132, 'Dicta ad molestias ea et harum facere. Rerum architecto eum earum porro dolorum repudiandae. Voluptatem expedita autem numquam aperiam harum. Quod optio et voluptas nesciunt velit id explicabo.', 0, 0, '2011-07-29 22:57:26', '2016-11-25 05:50:47');
INSERT INTO `messages` (`id`, `from_user_id`, `to_user_id`, `body`, `is_important`, `is_delivered`, `created_at`, `updated_at`) VALUES (142, 82, 40, 'Asperiores consequuntur adipisci natus quis quos ad excepturi. At et et possimus ipsam explicabo ut exercitationem. Omnis accusamus quia quis saepe rem qui.', 1, 0, '2020-03-20 07:39:03', '2018-03-06 06:25:31');
INSERT INTO `messages` (`id`, `from_user_id`, `to_user_id`, `body`, `is_important`, `is_delivered`, `created_at`, `updated_at`) VALUES (143, 162, 84, 'Qui occaecati et vero unde quidem provident magnam magnam. Voluptatem voluptate minus explicabo et. Ducimus et dignissimos in qui sunt autem enim. Veritatis vel illo facere sit.', 1, 0, '2019-04-11 22:43:18', '2015-11-26 00:56:14');
INSERT INTO `messages` (`id`, `from_user_id`, `to_user_id`, `body`, `is_important`, `is_delivered`, `created_at`, `updated_at`) VALUES (144, 72, 131, 'Reprehenderit minus autem dolores dolores. Id aut et aspernatur quo voluptatem. Sit qui veritatis nemo quibusdam expedita.', 1, 0, '2016-11-30 01:19:45', '2013-03-28 19:01:48');
INSERT INTO `messages` (`id`, `from_user_id`, `to_user_id`, `body`, `is_important`, `is_delivered`, `created_at`, `updated_at`) VALUES (145, 3, 63, 'Laudantium necessitatibus odio minus quam earum facere. Et corporis aut rem tenetur voluptate aut sequi. Odio voluptates illum ullam repudiandae expedita. Dignissimos iure earum velit qui minima.', 0, 0, '2017-08-12 18:11:13', '2017-12-14 17:39:02');
INSERT INTO `messages` (`id`, `from_user_id`, `to_user_id`, `body`, `is_important`, `is_delivered`, `created_at`, `updated_at`) VALUES (146, 187, 124, 'Nemo ducimus ut adipisci ad voluptate ullam. Omnis qui molestiae aspernatur quis voluptatem incidunt placeat. Vitae et veritatis est sint.', 1, 1, '2020-09-25 16:44:11', '2012-09-07 14:56:29');
INSERT INTO `messages` (`id`, `from_user_id`, `to_user_id`, `body`, `is_important`, `is_delivered`, `created_at`, `updated_at`) VALUES (147, 97, 53, 'Aut facilis esse eum cum. Consectetur voluptatibus repudiandae dolorem quibusdam. Maiores et a sit eligendi.', 1, 0, '2012-10-21 04:28:04', '2021-01-10 19:09:05');
INSERT INTO `messages` (`id`, `from_user_id`, `to_user_id`, `body`, `is_important`, `is_delivered`, `created_at`, `updated_at`) VALUES (148, 146, 22, 'Ratione dolores necessitatibus eligendi quaerat et eligendi aspernatur libero. Excepturi omnis rerum minus eum ea fugiat aspernatur.', 0, 0, '2013-01-14 14:03:06', '2011-10-20 02:37:23');
INSERT INTO `messages` (`id`, `from_user_id`, `to_user_id`, `body`, `is_important`, `is_delivered`, `created_at`, `updated_at`) VALUES (149, 144, 79, 'Et quibusdam sed deserunt pariatur. Deserunt commodi assumenda quam delectus. Optio aut temporibus nam aliquam rerum nesciunt ipsam.', 1, 1, '2020-06-30 09:16:09', '2013-06-10 19:28:33');
INSERT INTO `messages` (`id`, `from_user_id`, `to_user_id`, `body`, `is_important`, `is_delivered`, `created_at`, `updated_at`) VALUES (150, 98, 104, 'Cum rerum voluptatem saepe quis recusandae corrupti. Sapiente et aut quam et quae. Nemo nesciunt dignissimos ipsum harum sapiente molestiae aut.', 0, 1, '2016-03-09 14:53:02', '2017-10-26 13:57:10');
INSERT INTO `messages` (`id`, `from_user_id`, `to_user_id`, `body`, `is_important`, `is_delivered`, `created_at`, `updated_at`) VALUES (151, 166, 177, 'Voluptatem ipsum nulla quis at quo perspiciatis. Libero dolorum velit facilis.\nAd dolorem voluptatibus non sit amet. Fuga enim necessitatibus et illo. Ipsum sunt ad qui in eum alias et.', 1, 0, '2020-10-23 21:48:52', '2018-09-21 22:34:24');
INSERT INTO `messages` (`id`, `from_user_id`, `to_user_id`, `body`, `is_important`, `is_delivered`, `created_at`, `updated_at`) VALUES (152, 82, 78, 'Qui omnis quaerat nihil perspiciatis enim nulla voluptas aspernatur. Nulla consectetur dignissimos mollitia voluptas dignissimos. Aut deserunt magni sunt et voluptate. Veritatis aperiam alias id aut.', 0, 0, '2012-05-03 18:53:04', '2020-01-23 05:06:54');
INSERT INTO `messages` (`id`, `from_user_id`, `to_user_id`, `body`, `is_important`, `is_delivered`, `created_at`, `updated_at`) VALUES (153, 86, 165, 'Esse aut nisi et praesentium. Eveniet nam quia cupiditate sed. Dolor fugiat est eaque libero sed. Molestias eligendi laboriosam corrupti iusto occaecati aut.', 1, 1, '2016-10-31 03:24:03', '2011-03-04 13:49:15');
INSERT INTO `messages` (`id`, `from_user_id`, `to_user_id`, `body`, `is_important`, `is_delivered`, `created_at`, `updated_at`) VALUES (154, 186, 118, 'Totam debitis facere consectetur ea sit alias. Aliquam non optio rerum ut. Quia sit ut sint ullam modi voluptas.', 1, 1, '2019-07-03 04:25:49', '2018-05-27 06:20:41');
INSERT INTO `messages` (`id`, `from_user_id`, `to_user_id`, `body`, `is_important`, `is_delivered`, `created_at`, `updated_at`) VALUES (155, 104, 14, 'Nemo consectetur nemo numquam nihil eos voluptatem ullam. Unde sed harum odit quia fuga expedita. Aliquid est placeat enim placeat consequatur debitis et libero. Aut nihil necessitatibus qui dolorum.', 1, 1, '2013-07-20 08:24:38', '2011-05-23 00:44:48');
INSERT INTO `messages` (`id`, `from_user_id`, `to_user_id`, `body`, `is_important`, `is_delivered`, `created_at`, `updated_at`) VALUES (156, 37, 46, 'Quo possimus ea eos. Sunt consequatur dolores quo nulla tempora esse. Est quis quis delectus officia odio a voluptas.', 0, 1, '2017-09-17 17:57:08', '2013-04-20 14:50:05');
INSERT INTO `messages` (`id`, `from_user_id`, `to_user_id`, `body`, `is_important`, `is_delivered`, `created_at`, `updated_at`) VALUES (157, 134, 83, 'Sequi vel labore atque accusantium itaque atque voluptatem. Voluptatem aut et ipsum sed. Deserunt ducimus odio consequatur quasi. Laudantium omnis omnis in qui ab qui.', 1, 1, '2020-04-08 07:22:34', '2012-02-20 10:47:13');
INSERT INTO `messages` (`id`, `from_user_id`, `to_user_id`, `body`, `is_important`, `is_delivered`, `created_at`, `updated_at`) VALUES (158, 35, 76, 'Maxime in beatae unde qui dolorum illum quia. Eveniet molestias natus iusto id aliquid. Voluptatem dolorem illo laborum asperiores reprehenderit. Quo et voluptatum quidem eaque voluptates.', 0, 1, '2015-03-19 03:09:04', '2014-12-09 22:45:51');
INSERT INTO `messages` (`id`, `from_user_id`, `to_user_id`, `body`, `is_important`, `is_delivered`, `created_at`, `updated_at`) VALUES (159, 100, 74, 'Quos eaque autem voluptas earum molestias quisquam ea. Labore veritatis laudantium occaecati enim accusantium officiis. Blanditiis earum omnis autem a sed numquam cupiditate ducimus.', 1, 1, '2019-07-12 16:58:09', '2015-01-11 06:45:02');
INSERT INTO `messages` (`id`, `from_user_id`, `to_user_id`, `body`, `is_important`, `is_delivered`, `created_at`, `updated_at`) VALUES (160, 33, 79, 'Nostrum perferendis voluptatem quasi placeat quia corporis. Et maxime qui iure nesciunt. Suscipit odit rem quia velit tempore autem. Sunt ad eos quam porro voluptatibus.', 0, 1, '2020-02-09 02:19:04', '2021-01-19 10:45:22');
INSERT INTO `messages` (`id`, `from_user_id`, `to_user_id`, `body`, `is_important`, `is_delivered`, `created_at`, `updated_at`) VALUES (161, 158, 139, 'Et voluptas autem accusamus. Eum sequi sapiente atque nobis saepe eum illo. Ad eos nisi illo autem.', 1, 0, '2017-07-07 21:46:16', '2019-06-01 14:09:22');
INSERT INTO `messages` (`id`, `from_user_id`, `to_user_id`, `body`, `is_important`, `is_delivered`, `created_at`, `updated_at`) VALUES (162, 64, 93, 'Officia qui dolores animi corrupti aut neque. Aliquam quia porro dolor. Voluptatum quaerat et eligendi saepe asperiores. Et eum consequatur eveniet molestiae saepe quidem dolor.', 1, 1, '2017-06-30 02:27:51', '2019-09-02 00:31:01');
INSERT INTO `messages` (`id`, `from_user_id`, `to_user_id`, `body`, `is_important`, `is_delivered`, `created_at`, `updated_at`) VALUES (163, 108, 157, 'Dolore unde autem cum iusto. Earum quis consectetur quo quasi. Provident reprehenderit quia ullam quam velit nihil. Eum dolorum illum inventore.', 0, 0, '2013-03-22 22:43:16', '2018-08-27 23:52:42');
INSERT INTO `messages` (`id`, `from_user_id`, `to_user_id`, `body`, `is_important`, `is_delivered`, `created_at`, `updated_at`) VALUES (164, 147, 123, 'Natus nisi aut aut et. Non possimus dolor dolores quis rerum iste. Quis est maiores ut repellat.', 1, 1, '2016-02-03 21:32:18', '2018-07-06 05:40:10');
INSERT INTO `messages` (`id`, `from_user_id`, `to_user_id`, `body`, `is_important`, `is_delivered`, `created_at`, `updated_at`) VALUES (165, 17, 35, 'Dolor eos perferendis expedita est. Et sunt a doloremque accusantium quaerat maiores ea. Incidunt quae est eos atque et. Molestias autem est dignissimos voluptatem itaque consequatur ea laboriosam.', 0, 1, '2019-07-24 13:07:38', '2013-07-18 18:31:55');
INSERT INTO `messages` (`id`, `from_user_id`, `to_user_id`, `body`, `is_important`, `is_delivered`, `created_at`, `updated_at`) VALUES (166, 122, 27, 'Magnam et voluptatem sunt non ut. Autem et ducimus qui velit commodi ab omnis optio. Non facere corrupti nihil ullam dolore sit placeat. Est est vel repellat.', 0, 1, '2011-12-22 01:39:45', '2020-01-18 13:49:55');
INSERT INTO `messages` (`id`, `from_user_id`, `to_user_id`, `body`, `is_important`, `is_delivered`, `created_at`, `updated_at`) VALUES (167, 180, 126, 'Praesentium iure nulla officia maxime molestias. Quia dignissimos est delectus nesciunt dolores enim. Placeat vitae accusantium reprehenderit quia. Sit odit voluptates doloremque eveniet.', 1, 1, '2015-10-05 09:48:34', '2018-04-20 15:09:23');
INSERT INTO `messages` (`id`, `from_user_id`, `to_user_id`, `body`, `is_important`, `is_delivered`, `created_at`, `updated_at`) VALUES (168, 25, 140, 'Consequatur consequatur voluptas consequatur adipisci dolores id omnis. Aut suscipit ab id veritatis autem odio. Ullam exercitationem blanditiis perspiciatis fugit voluptas optio.', 0, 1, '2011-05-22 00:49:50', '2018-12-28 17:31:39');
INSERT INTO `messages` (`id`, `from_user_id`, `to_user_id`, `body`, `is_important`, `is_delivered`, `created_at`, `updated_at`) VALUES (169, 39, 146, 'Sit ex voluptatem et voluptates officia sit eum hic. Placeat dolor ipsa molestias eos dolorem facere atque. Natus id et sed impedit a aut dignissimos.', 0, 1, '2013-07-01 05:10:33', '2019-12-20 14:12:19');
INSERT INTO `messages` (`id`, `from_user_id`, `to_user_id`, `body`, `is_important`, `is_delivered`, `created_at`, `updated_at`) VALUES (170, 186, 185, 'Modi error error dolorem voluptatem. Consequuntur repellendus molestiae et ipsa vel. Quia optio et iusto deleniti quibusdam sint enim.', 1, 1, '2011-07-05 13:29:07', '2020-06-09 02:57:33');
INSERT INTO `messages` (`id`, `from_user_id`, `to_user_id`, `body`, `is_important`, `is_delivered`, `created_at`, `updated_at`) VALUES (171, 140, 182, 'Totam in natus molestiae omnis id sed. Recusandae ullam dolorum ut necessitatibus. Molestiae dignissimos eveniet id at.', 1, 1, '2012-09-03 03:04:55', '2016-10-01 15:57:43');
INSERT INTO `messages` (`id`, `from_user_id`, `to_user_id`, `body`, `is_important`, `is_delivered`, `created_at`, `updated_at`) VALUES (172, 153, 41, 'Repellat et sunt ea autem est repudiandae. Eos minima et laudantium aut. Dolores ab consectetur odio quasi odio.', 1, 0, '2015-12-18 13:55:29', '2019-11-28 14:30:35');
INSERT INTO `messages` (`id`, `from_user_id`, `to_user_id`, `body`, `is_important`, `is_delivered`, `created_at`, `updated_at`) VALUES (173, 23, 11, 'Quia expedita est voluptatem. Aspernatur similique quas fugiat id praesentium soluta. Dolorum omnis vel dolor illo molestiae voluptatem optio rerum. Ducimus corporis commodi non ea.', 0, 0, '2018-07-31 04:18:03', '2019-04-03 20:29:51');
INSERT INTO `messages` (`id`, `from_user_id`, `to_user_id`, `body`, `is_important`, `is_delivered`, `created_at`, `updated_at`) VALUES (174, 174, 101, 'Sed aut labore quaerat aspernatur hic recusandae. Odit iste neque vitae dolores. Iusto rerum autem sit aperiam qui non doloremque nobis. At magni dolorum esse possimus.', 1, 0, '2017-03-25 05:25:56', '2013-11-18 00:44:27');
INSERT INTO `messages` (`id`, `from_user_id`, `to_user_id`, `body`, `is_important`, `is_delivered`, `created_at`, `updated_at`) VALUES (175, 152, 62, 'Voluptas hic ut ad animi dolor. Cupiditate id molestias mollitia. Similique hic vitae ipsa et qui reprehenderit illo in. Et eligendi totam quos saepe ullam.', 1, 1, '2020-11-17 17:05:42', '2014-01-26 12:51:14');
INSERT INTO `messages` (`id`, `from_user_id`, `to_user_id`, `body`, `is_important`, `is_delivered`, `created_at`, `updated_at`) VALUES (176, 157, 31, 'Et voluptatem temporibus esse ut. Voluptate harum qui optio ut. Ut officiis qui autem. Qui vitae ut accusantium rerum harum.', 1, 0, '2016-05-19 07:04:43', '2012-03-16 10:21:17');
INSERT INTO `messages` (`id`, `from_user_id`, `to_user_id`, `body`, `is_important`, `is_delivered`, `created_at`, `updated_at`) VALUES (177, 49, 159, 'Quo id suscipit et earum quos. Doloremque similique molestias eos qui et. Et assumenda alias qui aut qui qui.', 1, 1, '2018-10-28 21:16:42', '2017-05-11 22:13:33');
INSERT INTO `messages` (`id`, `from_user_id`, `to_user_id`, `body`, `is_important`, `is_delivered`, `created_at`, `updated_at`) VALUES (178, 92, 87, 'Ullam et ab eum iure ullam. Dolore perferendis est eaque in aut non aliquid. Veritatis ex magni explicabo iusto reprehenderit nulla.', 0, 1, '2012-01-05 15:18:13', '2019-10-05 08:27:27');
INSERT INTO `messages` (`id`, `from_user_id`, `to_user_id`, `body`, `is_important`, `is_delivered`, `created_at`, `updated_at`) VALUES (179, 103, 29, 'Provident ex quia repudiandae. Rerum aut cupiditate qui ducimus occaecati. Corporis sed architecto nulla et ea inventore.', 0, 1, '2017-10-29 14:46:07', '2019-03-28 18:16:31');
INSERT INTO `messages` (`id`, `from_user_id`, `to_user_id`, `body`, `is_important`, `is_delivered`, `created_at`, `updated_at`) VALUES (180, 174, 134, 'Inventore repellendus atque ut autem ut. Sed quisquam voluptatem dolores magnam pariatur porro sapiente quo. Esse libero deleniti quidem cumque ullam.', 1, 1, '2012-12-31 10:31:06', '2015-01-15 17:50:18');
INSERT INTO `messages` (`id`, `from_user_id`, `to_user_id`, `body`, `is_important`, `is_delivered`, `created_at`, `updated_at`) VALUES (181, 21, 47, 'Quam ullam quia dolor omnis voluptatem itaque. Dolorem libero aut voluptas mollitia ratione necessitatibus voluptas. Aut nostrum qui ipsa saepe quasi molestiae.', 0, 0, '2014-03-01 19:10:53', '2012-07-12 16:30:49');
INSERT INTO `messages` (`id`, `from_user_id`, `to_user_id`, `body`, `is_important`, `is_delivered`, `created_at`, `updated_at`) VALUES (182, 200, 125, 'Omnis dignissimos soluta voluptate nemo molestias veritatis. Qui quam iusto fugiat sed ab. Sit animi dolorem sed corrupti sequi excepturi. Ut dicta aliquam porro.', 0, 1, '2020-11-11 13:32:07', '2019-08-30 22:19:25');
INSERT INTO `messages` (`id`, `from_user_id`, `to_user_id`, `body`, `is_important`, `is_delivered`, `created_at`, `updated_at`) VALUES (183, 65, 88, 'Officiis ad laboriosam aut. Error ducimus provident eos accusantium dolor architecto ea. Voluptate cumque natus consequatur molestiae excepturi ut.', 1, 0, '2012-02-13 17:01:19', '2021-02-02 23:03:38');
INSERT INTO `messages` (`id`, `from_user_id`, `to_user_id`, `body`, `is_important`, `is_delivered`, `created_at`, `updated_at`) VALUES (184, 136, 189, 'Est qui molestias soluta facere et voluptatibus eum. Dolorum harum quidem autem. Ratione eaque dignissimos rem fuga.', 1, 1, '2015-07-08 18:49:17', '2018-08-26 09:00:57');
INSERT INTO `messages` (`id`, `from_user_id`, `to_user_id`, `body`, `is_important`, `is_delivered`, `created_at`, `updated_at`) VALUES (185, 13, 77, 'Tempora fuga omnis voluptatibus excepturi. Aut dignissimos laborum quam consequatur et suscipit quam aliquid. Aut libero molestias autem magni sit placeat. Harum aut quis cum fuga cum hic pariatur.', 1, 0, '2015-07-16 13:42:56', '2014-08-12 05:03:36');
INSERT INTO `messages` (`id`, `from_user_id`, `to_user_id`, `body`, `is_important`, `is_delivered`, `created_at`, `updated_at`) VALUES (186, 129, 127, 'Sed sit beatae dolor officiis. Non totam dolor consequatur reiciendis distinctio. Tempore et enim qui amet velit.', 1, 1, '2016-04-04 20:42:43', '2020-09-08 09:56:49');
INSERT INTO `messages` (`id`, `from_user_id`, `to_user_id`, `body`, `is_important`, `is_delivered`, `created_at`, `updated_at`) VALUES (187, 173, 168, 'Aperiam rerum voluptatum eveniet ducimus architecto. Recusandae hic ea sequi ex facere. Fuga blanditiis itaque natus tempore. Est accusantium sint voluptatum quae.', 1, 1, '2016-02-05 19:30:30', '2016-04-08 00:21:02');
INSERT INTO `messages` (`id`, `from_user_id`, `to_user_id`, `body`, `is_important`, `is_delivered`, `created_at`, `updated_at`) VALUES (188, 62, 177, 'Iste officia rerum et eius nulla. Et ab ipsa aut qui quam nisi saepe. Quae et voluptates aspernatur iste velit ullam.', 0, 0, '2017-02-10 06:52:02', '2015-02-02 03:28:49');
INSERT INTO `messages` (`id`, `from_user_id`, `to_user_id`, `body`, `is_important`, `is_delivered`, `created_at`, `updated_at`) VALUES (189, 8, 165, 'Eaque ipsam temporibus voluptas nihil sequi. Adipisci sequi occaecati deserunt quam quasi dicta. Fugit ut odit nobis saepe eos. Recusandae similique molestiae nihil iusto aut voluptatem.', 0, 0, '2011-12-28 02:35:00', '2020-08-31 10:43:57');
INSERT INTO `messages` (`id`, `from_user_id`, `to_user_id`, `body`, `is_important`, `is_delivered`, `created_at`, `updated_at`) VALUES (190, 81, 132, 'Enim pariatur aut corporis. Quia enim assumenda mollitia aliquam illum. Suscipit iusto labore aliquam labore perspiciatis. Ducimus architecto et sit aut non autem totam.', 0, 1, '2015-02-22 13:53:03', '2016-07-30 07:35:05');
INSERT INTO `messages` (`id`, `from_user_id`, `to_user_id`, `body`, `is_important`, `is_delivered`, `created_at`, `updated_at`) VALUES (191, 90, 3, 'Quae possimus atque atque et nesciunt at in. Quod sint autem delectus ad temporibus optio aut. Ducimus quibusdam odit sint voluptatem omnis quis rerum.', 1, 0, '2018-10-20 01:53:27', '2018-05-27 11:27:56');
INSERT INTO `messages` (`id`, `from_user_id`, `to_user_id`, `body`, `is_important`, `is_delivered`, `created_at`, `updated_at`) VALUES (192, 113, 126, 'Aperiam magnam et placeat voluptas ipsam assumenda accusantium. Minus aliquid maiores sit nostrum voluptates nesciunt. Et aut et voluptas.', 0, 0, '2012-01-21 21:10:11', '2014-03-14 10:38:34');
INSERT INTO `messages` (`id`, `from_user_id`, `to_user_id`, `body`, `is_important`, `is_delivered`, `created_at`, `updated_at`) VALUES (193, 38, 62, 'Est est est qui quis voluptas rem. Placeat sit minus eligendi perspiciatis nam. Sunt harum sunt dolores iusto sunt ut. Nesciunt vel iste laboriosam temporibus.', 1, 0, '2012-11-03 02:01:31', '2011-05-29 13:21:59');
INSERT INTO `messages` (`id`, `from_user_id`, `to_user_id`, `body`, `is_important`, `is_delivered`, `created_at`, `updated_at`) VALUES (194, 35, 119, 'Eos voluptas voluptas nisi autem. Sint dolor cumque qui iure. Consequatur ut autem commodi aut ex aperiam dolore.', 0, 0, '2020-10-31 16:40:36', '2011-12-31 22:32:28');
INSERT INTO `messages` (`id`, `from_user_id`, `to_user_id`, `body`, `is_important`, `is_delivered`, `created_at`, `updated_at`) VALUES (195, 100, 79, 'Odio nam accusamus quo aut ratione rerum. Quo ullam eum dignissimos placeat. Molestias sit fugit omnis. Qui exercitationem possimus corrupti ut odio.', 1, 0, '2020-10-12 11:33:49', '2016-10-28 09:38:34');
INSERT INTO `messages` (`id`, `from_user_id`, `to_user_id`, `body`, `is_important`, `is_delivered`, `created_at`, `updated_at`) VALUES (196, 28, 110, 'Officia quia qui quae laudantium aut. Dolores ipsam at dolores eum explicabo. Sit officia odio optio quo illo sed.', 0, 1, '2012-12-28 18:06:50', '2013-05-05 21:03:50');
INSERT INTO `messages` (`id`, `from_user_id`, `to_user_id`, `body`, `is_important`, `is_delivered`, `created_at`, `updated_at`) VALUES (197, 166, 61, 'Libero quam enim illum impedit saepe temporibus. Perspiciatis saepe aut laborum officiis dignissimos ut dolor. Repudiandae nemo rerum qui magni et tempore velit eum.', 0, 1, '2015-12-30 11:26:18', '2020-12-13 02:39:20');
INSERT INTO `messages` (`id`, `from_user_id`, `to_user_id`, `body`, `is_important`, `is_delivered`, `created_at`, `updated_at`) VALUES (198, 44, 137, 'At odit voluptas ut iusto et occaecati delectus. A corrupti dolores eos praesentium sed placeat omnis. Voluptate nihil cum ut. Neque deserunt eum optio at.', 1, 0, '2015-02-05 01:33:20', '2011-02-24 11:17:57');
INSERT INTO `messages` (`id`, `from_user_id`, `to_user_id`, `body`, `is_important`, `is_delivered`, `created_at`, `updated_at`) VALUES (199, 195, 29, 'Praesentium nulla illum itaque unde. Ut ipsum non corporis ullam.', 1, 1, '2020-09-07 02:56:37', '2013-09-28 01:01:55');
INSERT INTO `messages` (`id`, `from_user_id`, `to_user_id`, `body`, `is_important`, `is_delivered`, `created_at`, `updated_at`) VALUES (200, 145, 32, 'Officia voluptatibus in dolorem est qui. Quo et voluptates magni dolorum excepturi aut. Dolore voluptas consequuntur sunt ut omnis.', 0, 1, '2016-11-22 11:44:13', '2013-11-28 11:18:33');


#
# TABLE STRUCTURE FOR: profiles
#

DROP TABLE IF EXISTS `profiles`;

CREATE TABLE `profiles` (
  `user_id` int(10) unsigned NOT NULL,
  `birtday` date DEFAULT NULL,
  `gender` char(1) COLLATE utf8mb4_unicode_ci NOT NULL,
  `city` varchar(60) COLLATE utf8mb4_unicode_ci NOT NULL,
  `country` varchar(60) COLLATE utf8mb4_unicode_ci NOT NULL,
  `create_at` datetime DEFAULT current_timestamp(),
  `update_at` datetime DEFAULT current_timestamp() ON UPDATE current_timestamp(),
  PRIMARY KEY (`user_id`)
) ENGINE=InnoDB DEFAULT CHARSET=utf8mb4 COLLATE=utf8mb4_unicode_ci;

INSERT INTO `profiles` (`user_id`, `birtday`, `gender`, `city`, `country`, `create_at`, `update_at`) VALUES (1, '1991-09-11', 'm', 'Vonberg', 'Australia', '2020-12-17 15:57:30', '2013-04-06 04:55:28');
INSERT INTO `profiles` (`user_id`, `birtday`, `gender`, `city`, `country`, `create_at`, `update_at`) VALUES (2, '2001-04-08', 'f', 'Ludieshire', 'Sao Tome and Principe', '2014-08-20 22:41:24', '2016-04-14 13:24:05');
INSERT INTO `profiles` (`user_id`, `birtday`, `gender`, `city`, `country`, `create_at`, `update_at`) VALUES (3, '1986-08-09', 'm', 'South Timothy', 'Ukraine', '2018-02-10 00:31:34', '2015-07-28 00:40:02');
INSERT INTO `profiles` (`user_id`, `birtday`, `gender`, `city`, `country`, `create_at`, `update_at`) VALUES (4, '1979-02-27', 'f', 'New Cristina', 'Mali', '2018-08-24 06:42:00', '2014-09-29 02:09:49');
INSERT INTO `profiles` (`user_id`, `birtday`, `gender`, `city`, `country`, `create_at`, `update_at`) VALUES (5, '1981-11-08', 'm', 'Tillmanland', 'Saudi Arabia', '2019-08-25 09:39:08', '2019-09-16 13:18:17');
INSERT INTO `profiles` (`user_id`, `birtday`, `gender`, `city`, `country`, `create_at`, `update_at`) VALUES (6, '2003-04-25', 'f', 'Markston', 'Mauritania', '2013-03-22 19:24:08', '2013-12-20 02:51:19');
INSERT INTO `profiles` (`user_id`, `birtday`, `gender`, `city`, `country`, `create_at`, `update_at`) VALUES (7, '2005-01-09', 'f', 'New Simeon', 'Malawi', '2018-12-29 03:57:39', '2012-11-20 17:23:54');
INSERT INTO `profiles` (`user_id`, `birtday`, `gender`, `city`, `country`, `create_at`, `update_at`) VALUES (8, '2016-05-18', 'm', 'Zoilastad', 'Central African Republic', '2016-04-29 17:16:03', '2015-08-10 17:44:01');
INSERT INTO `profiles` (`user_id`, `birtday`, `gender`, `city`, `country`, `create_at`, `update_at`) VALUES (9, '1982-03-24', 'f', 'Lake Laisha', 'Antarctica (the territory South of 60 deg S)', '2014-09-17 21:14:21', '2016-12-10 11:21:16');
INSERT INTO `profiles` (`user_id`, `birtday`, `gender`, `city`, `country`, `create_at`, `update_at`) VALUES (10, '1995-12-18', 'm', 'Jonathantown', 'Colombia', '2011-03-22 09:17:19', '2020-12-19 22:57:40');
INSERT INTO `profiles` (`user_id`, `birtday`, `gender`, `city`, `country`, `create_at`, `update_at`) VALUES (11, '2019-02-15', 'f', 'Lake Adaburgh', 'Uganda', '2018-06-23 17:55:57', '2017-11-16 09:42:05');
INSERT INTO `profiles` (`user_id`, `birtday`, `gender`, `city`, `country`, `create_at`, `update_at`) VALUES (12, '1990-07-11', 'm', 'Laurianeburgh', 'Rwanda', '2012-11-03 23:07:42', '2017-08-24 15:43:02');
INSERT INTO `profiles` (`user_id`, `birtday`, `gender`, `city`, `country`, `create_at`, `update_at`) VALUES (13, '1988-08-15', 'm', 'Trantowmouth', 'Pakistan', '2018-03-01 21:12:42', '2019-07-20 14:01:49');
INSERT INTO `profiles` (`user_id`, `birtday`, `gender`, `city`, `country`, `create_at`, `update_at`) VALUES (14, '2011-01-18', 'm', 'Vivianneport', 'South Africa', '2013-08-13 23:48:23', '2012-12-21 10:46:52');
INSERT INTO `profiles` (`user_id`, `birtday`, `gender`, `city`, `country`, `create_at`, `update_at`) VALUES (15, '1993-05-29', 'm', 'South Freeda', 'Belarus', '2013-02-28 10:47:31', '2018-03-29 00:13:17');
INSERT INTO `profiles` (`user_id`, `birtday`, `gender`, `city`, `country`, `create_at`, `update_at`) VALUES (16, '1973-09-25', 'f', 'East Julienland', 'Tokelau', '2017-09-17 21:19:41', '2012-09-25 10:10:38');
INSERT INTO `profiles` (`user_id`, `birtday`, `gender`, `city`, `country`, `create_at`, `update_at`) VALUES (17, '1974-12-25', 'm', 'North Hayleymouth', 'Kiribati', '2017-01-04 02:11:57', '2014-09-17 03:05:32');
INSERT INTO `profiles` (`user_id`, `birtday`, `gender`, `city`, `country`, `create_at`, `update_at`) VALUES (18, '1991-06-03', 'f', 'Forrestborough', 'Germany', '2014-05-14 01:10:08', '2019-08-08 06:14:53');
INSERT INTO `profiles` (`user_id`, `birtday`, `gender`, `city`, `country`, `create_at`, `update_at`) VALUES (19, '1977-07-12', 'm', 'Jovaniborough', 'Ghana', '2015-10-07 10:47:32', '2020-09-20 23:05:47');
INSERT INTO `profiles` (`user_id`, `birtday`, `gender`, `city`, `country`, `create_at`, `update_at`) VALUES (20, '2009-10-10', 'f', 'Kingbury', 'Cocos (Keeling) Islands', '2013-02-18 10:52:09', '2017-03-23 20:48:44');
INSERT INTO `profiles` (`user_id`, `birtday`, `gender`, `city`, `country`, `create_at`, `update_at`) VALUES (21, '1985-12-19', 'm', 'New Uriah', 'Macedonia', '2015-03-23 11:39:16', '2011-04-16 14:13:40');
INSERT INTO `profiles` (`user_id`, `birtday`, `gender`, `city`, `country`, `create_at`, `update_at`) VALUES (22, '1976-05-15', 'f', 'North Olaf', 'Wallis and Futuna', '2013-11-03 21:52:38', '2011-02-18 19:00:10');
INSERT INTO `profiles` (`user_id`, `birtday`, `gender`, `city`, `country`, `create_at`, `update_at`) VALUES (23, '1994-10-15', 'f', 'Lake Jarret', 'Uruguay', '2019-07-11 18:49:16', '2015-12-08 14:52:49');
INSERT INTO `profiles` (`user_id`, `birtday`, `gender`, `city`, `country`, `create_at`, `update_at`) VALUES (24, '1970-05-27', 'f', 'Schusterview', 'Guinea', '2014-02-07 19:42:08', '2015-08-15 19:37:25');
INSERT INTO `profiles` (`user_id`, `birtday`, `gender`, `city`, `country`, `create_at`, `update_at`) VALUES (25, '2012-10-14', 'f', 'Nicholausport', 'Zimbabwe', '2011-09-13 13:44:38', '2018-11-20 10:26:43');
INSERT INTO `profiles` (`user_id`, `birtday`, `gender`, `city`, `country`, `create_at`, `update_at`) VALUES (26, '1978-08-19', 'm', 'Tinaland', 'Nauru', '2014-08-03 04:01:15', '2016-08-15 08:42:33');
INSERT INTO `profiles` (`user_id`, `birtday`, `gender`, `city`, `country`, `create_at`, `update_at`) VALUES (27, '2010-09-22', 'f', 'New Valentineberg', 'Faroe Islands', '2018-01-14 13:27:18', '2011-04-29 08:59:14');
INSERT INTO `profiles` (`user_id`, `birtday`, `gender`, `city`, `country`, `create_at`, `update_at`) VALUES (28, '1988-12-30', 'm', 'North Novella', 'Cocos (Keeling) Islands', '2016-04-02 23:53:17', '2014-07-01 11:04:27');
INSERT INTO `profiles` (`user_id`, `birtday`, `gender`, `city`, `country`, `create_at`, `update_at`) VALUES (29, '2004-11-17', 'f', 'North Colt', 'Zambia', '2019-08-05 20:34:18', '2012-09-15 04:07:11');
INSERT INTO `profiles` (`user_id`, `birtday`, `gender`, `city`, `country`, `create_at`, `update_at`) VALUES (30, '1970-02-13', 'm', 'New Susanaville', 'Chad', '2013-12-30 13:44:00', '2015-10-01 17:30:30');
INSERT INTO `profiles` (`user_id`, `birtday`, `gender`, `city`, `country`, `create_at`, `update_at`) VALUES (31, '2000-01-24', 'm', 'East Eloy', 'Saint Helena', '2011-04-21 15:16:00', '2014-03-01 16:32:05');
INSERT INTO `profiles` (`user_id`, `birtday`, `gender`, `city`, `country`, `create_at`, `update_at`) VALUES (32, '1974-12-06', 'f', 'Alishahaven', 'South Georgia and the South Sandwich Islands', '2019-09-18 17:41:23', '2017-04-03 11:18:22');
INSERT INTO `profiles` (`user_id`, `birtday`, `gender`, `city`, `country`, `create_at`, `update_at`) VALUES (33, '2012-11-07', 'm', 'West Marco', 'Namibia', '2015-06-08 05:04:30', '2013-05-25 06:28:52');
INSERT INTO `profiles` (`user_id`, `birtday`, `gender`, `city`, `country`, `create_at`, `update_at`) VALUES (34, '1987-12-23', 'm', 'Marjolaineborough', 'Saint Lucia', '2017-09-18 08:55:43', '2015-08-29 19:24:48');
INSERT INTO `profiles` (`user_id`, `birtday`, `gender`, `city`, `country`, `create_at`, `update_at`) VALUES (35, '2018-08-21', 'm', 'Port Vivien', 'Cuba', '2015-06-18 19:23:34', '2020-10-21 08:05:26');
INSERT INTO `profiles` (`user_id`, `birtday`, `gender`, `city`, `country`, `create_at`, `update_at`) VALUES (36, '2003-04-06', 'f', 'Kristinchester', 'Moldova', '2018-01-07 11:45:34', '2019-01-09 23:00:18');
INSERT INTO `profiles` (`user_id`, `birtday`, `gender`, `city`, `country`, `create_at`, `update_at`) VALUES (37, '1973-03-27', 'f', 'Considineville', 'Aruba', '2014-05-06 19:46:04', '2012-03-15 06:29:38');
INSERT INTO `profiles` (`user_id`, `birtday`, `gender`, `city`, `country`, `create_at`, `update_at`) VALUES (38, '2004-06-09', 'm', 'New Romaine', 'Netherlands', '2014-03-22 12:52:04', '2018-11-16 04:37:34');
INSERT INTO `profiles` (`user_id`, `birtday`, `gender`, `city`, `country`, `create_at`, `update_at`) VALUES (39, '2017-11-30', 'm', 'South Mary', 'Australia', '2017-02-25 15:09:31', '2011-06-02 03:00:02');
INSERT INTO `profiles` (`user_id`, `birtday`, `gender`, `city`, `country`, `create_at`, `update_at`) VALUES (40, '1976-10-30', 'm', 'Lake Nathanialview', 'New Zealand', '2011-08-18 19:23:28', '2019-12-02 13:25:23');
INSERT INTO `profiles` (`user_id`, `birtday`, `gender`, `city`, `country`, `create_at`, `update_at`) VALUES (41, '1998-01-07', 'f', 'South Carol', 'Sao Tome and Principe', '2012-10-26 12:01:58', '2013-01-18 02:51:07');
INSERT INTO `profiles` (`user_id`, `birtday`, `gender`, `city`, `country`, `create_at`, `update_at`) VALUES (42, '2012-12-06', 'm', 'Lake Jailyn', 'Guyana', '2016-05-25 19:15:27', '2011-09-06 06:26:42');
INSERT INTO `profiles` (`user_id`, `birtday`, `gender`, `city`, `country`, `create_at`, `update_at`) VALUES (43, '1991-10-09', 'm', 'Halieview', 'Congo', '2017-04-09 23:40:21', '2017-09-15 17:47:03');
INSERT INTO `profiles` (`user_id`, `birtday`, `gender`, `city`, `country`, `create_at`, `update_at`) VALUES (44, '2003-06-24', 'm', 'Opalchester', 'Montserrat', '2011-10-23 13:27:33', '2020-09-13 06:08:24');
INSERT INTO `profiles` (`user_id`, `birtday`, `gender`, `city`, `country`, `create_at`, `update_at`) VALUES (45, '2000-11-21', 'm', 'Lake Lillyton', 'Vietnam', '2020-08-06 13:57:17', '2013-04-02 00:05:45');
INSERT INTO `profiles` (`user_id`, `birtday`, `gender`, `city`, `country`, `create_at`, `update_at`) VALUES (46, '2020-07-22', 'm', 'Madilynchester', 'Rwanda', '2014-03-23 03:54:23', '2018-08-27 02:38:59');
INSERT INTO `profiles` (`user_id`, `birtday`, `gender`, `city`, `country`, `create_at`, `update_at`) VALUES (47, '1975-10-15', 'm', 'Lake Joanne', 'Iceland', '2015-04-17 12:22:03', '2011-03-13 14:03:32');
INSERT INTO `profiles` (`user_id`, `birtday`, `gender`, `city`, `country`, `create_at`, `update_at`) VALUES (48, '1998-10-05', 'f', 'Darylchester', 'Sri Lanka', '2019-12-22 13:41:00', '2015-06-09 00:52:38');
INSERT INTO `profiles` (`user_id`, `birtday`, `gender`, `city`, `country`, `create_at`, `update_at`) VALUES (49, '1976-12-23', 'f', 'Wernerchester', 'Eritrea', '2016-04-03 15:56:13', '2012-11-09 15:49:38');
INSERT INTO `profiles` (`user_id`, `birtday`, `gender`, `city`, `country`, `create_at`, `update_at`) VALUES (50, '1997-09-11', 'm', 'Libbyborough', 'Mayotte', '2017-08-15 14:19:17', '2014-11-03 15:18:45');
INSERT INTO `profiles` (`user_id`, `birtday`, `gender`, `city`, `country`, `create_at`, `update_at`) VALUES (51, '2003-09-14', 'f', 'Port Kolehaven', 'Bhutan', '2018-11-05 08:19:11', '2019-09-20 00:38:08');
INSERT INTO `profiles` (`user_id`, `birtday`, `gender`, `city`, `country`, `create_at`, `update_at`) VALUES (52, '1987-10-29', 'm', 'Lylaside', 'Latvia', '2017-01-02 19:09:30', '2020-05-11 11:33:05');
INSERT INTO `profiles` (`user_id`, `birtday`, `gender`, `city`, `country`, `create_at`, `update_at`) VALUES (53, '1985-02-26', 'f', 'South Murphy', 'Burkina Faso', '2020-02-18 01:46:31', '2016-12-28 06:22:49');
INSERT INTO `profiles` (`user_id`, `birtday`, `gender`, `city`, `country`, `create_at`, `update_at`) VALUES (54, '1977-02-11', 'm', 'Chelseyport', 'Mayotte', '2020-04-09 17:03:16', '2014-09-29 09:55:42');
INSERT INTO `profiles` (`user_id`, `birtday`, `gender`, `city`, `country`, `create_at`, `update_at`) VALUES (55, '2013-03-29', 'm', 'Lake Kathryne', 'Gambia', '2013-12-02 00:39:38', '2011-04-28 23:57:20');
INSERT INTO `profiles` (`user_id`, `birtday`, `gender`, `city`, `country`, `create_at`, `update_at`) VALUES (56, '1995-02-20', 'm', 'Ulicesburgh', 'Holy See (Vatican City State)', '2017-07-04 04:46:30', '2016-03-19 19:49:37');
INSERT INTO `profiles` (`user_id`, `birtday`, `gender`, `city`, `country`, `create_at`, `update_at`) VALUES (57, '2013-09-19', 'm', 'Raystad', 'Portugal', '2013-12-31 18:40:55', '2018-02-20 11:00:19');
INSERT INTO `profiles` (`user_id`, `birtday`, `gender`, `city`, `country`, `create_at`, `update_at`) VALUES (58, '2020-02-26', 'm', 'Ofelialand', 'Martinique', '2012-01-13 21:11:21', '2017-04-05 04:27:31');
INSERT INTO `profiles` (`user_id`, `birtday`, `gender`, `city`, `country`, `create_at`, `update_at`) VALUES (59, '2002-12-15', 'm', 'Valentinburgh', 'French Guiana', '2017-04-08 04:59:46', '2019-10-25 09:17:09');
INSERT INTO `profiles` (`user_id`, `birtday`, `gender`, `city`, `country`, `create_at`, `update_at`) VALUES (60, '1976-08-17', 'm', 'New Samantafort', 'Zimbabwe', '2016-10-19 07:45:37', '2017-05-20 05:08:55');
INSERT INTO `profiles` (`user_id`, `birtday`, `gender`, `city`, `country`, `create_at`, `update_at`) VALUES (61, '1978-09-24', 'm', 'East Cheyenne', 'Belgium', '2016-01-16 22:37:02', '2015-03-11 11:11:02');
INSERT INTO `profiles` (`user_id`, `birtday`, `gender`, `city`, `country`, `create_at`, `update_at`) VALUES (62, '1987-01-07', 'm', 'Alessandrastad', 'Christmas Island', '2014-07-21 09:10:56', '2016-07-23 15:03:22');
INSERT INTO `profiles` (`user_id`, `birtday`, `gender`, `city`, `country`, `create_at`, `update_at`) VALUES (63, '1982-05-04', 'm', 'Siennaborough', 'Macedonia', '2017-08-21 21:30:57', '2015-05-07 00:43:03');
INSERT INTO `profiles` (`user_id`, `birtday`, `gender`, `city`, `country`, `create_at`, `update_at`) VALUES (64, '2004-11-01', 'm', 'Reillymouth', 'Australia', '2021-01-21 17:33:11', '2017-04-19 07:09:11');
INSERT INTO `profiles` (`user_id`, `birtday`, `gender`, `city`, `country`, `create_at`, `update_at`) VALUES (65, '2000-09-17', 'f', 'North Raoul', 'Libyan Arab Jamahiriya', '2018-10-18 13:13:44', '2016-03-11 02:10:56');
INSERT INTO `profiles` (`user_id`, `birtday`, `gender`, `city`, `country`, `create_at`, `update_at`) VALUES (66, '1975-04-15', 'm', 'East Katlyn', 'Liberia', '2018-08-10 06:25:51', '2013-10-18 08:30:10');
INSERT INTO `profiles` (`user_id`, `birtday`, `gender`, `city`, `country`, `create_at`, `update_at`) VALUES (67, '2006-07-16', 'f', 'Jadaton', 'Isle of Man', '2015-03-24 03:20:58', '2011-06-19 18:37:38');
INSERT INTO `profiles` (`user_id`, `birtday`, `gender`, `city`, `country`, `create_at`, `update_at`) VALUES (68, '1971-09-17', 'f', 'West Edgar', 'Taiwan', '2011-10-07 13:03:30', '2018-08-08 03:19:49');
INSERT INTO `profiles` (`user_id`, `birtday`, `gender`, `city`, `country`, `create_at`, `update_at`) VALUES (69, '1989-01-19', 'm', 'Aufderharfurt', 'Oman', '2015-09-23 14:33:46', '2017-01-06 10:42:20');
INSERT INTO `profiles` (`user_id`, `birtday`, `gender`, `city`, `country`, `create_at`, `update_at`) VALUES (70, '2007-02-10', 'f', 'South Jovani', 'Swaziland', '2020-09-24 11:31:01', '2013-12-29 06:03:22');
INSERT INTO `profiles` (`user_id`, `birtday`, `gender`, `city`, `country`, `create_at`, `update_at`) VALUES (71, '2003-04-20', 'm', 'Ezrahaven', 'Hungary', '2017-02-12 07:20:54', '2020-02-19 08:06:19');
INSERT INTO `profiles` (`user_id`, `birtday`, `gender`, `city`, `country`, `create_at`, `update_at`) VALUES (72, '1982-01-10', 'm', 'Port Aimeemouth', 'Spain', '2011-05-04 11:01:18', '2012-12-25 23:03:31');
INSERT INTO `profiles` (`user_id`, `birtday`, `gender`, `city`, `country`, `create_at`, `update_at`) VALUES (73, '1995-10-03', 'm', 'South Marion', 'Guatemala', '2016-08-01 13:46:41', '2019-02-09 10:02:11');
INSERT INTO `profiles` (`user_id`, `birtday`, `gender`, `city`, `country`, `create_at`, `update_at`) VALUES (74, '2002-07-27', 'f', 'Benjaminburgh', 'Belize', '2012-02-20 20:17:43', '2015-11-26 07:48:09');
INSERT INTO `profiles` (`user_id`, `birtday`, `gender`, `city`, `country`, `create_at`, `update_at`) VALUES (75, '1997-07-06', 'm', 'Lake Amina', 'Russian Federation', '2014-04-25 18:01:41', '2015-08-05 21:32:45');
INSERT INTO `profiles` (`user_id`, `birtday`, `gender`, `city`, `country`, `create_at`, `update_at`) VALUES (76, '1976-07-30', 'f', 'South Freida', 'Norway', '2017-08-29 03:08:32', '2016-12-07 10:01:56');
INSERT INTO `profiles` (`user_id`, `birtday`, `gender`, `city`, `country`, `create_at`, `update_at`) VALUES (77, '1999-08-15', 'f', 'Port Delbert', 'Ecuador', '2014-06-20 04:13:43', '2013-06-27 01:43:08');
INSERT INTO `profiles` (`user_id`, `birtday`, `gender`, `city`, `country`, `create_at`, `update_at`) VALUES (78, '1974-04-18', 'f', 'Port Milesshire', 'French Southern Territories', '2017-04-10 17:00:49', '2014-01-10 14:22:08');
INSERT INTO `profiles` (`user_id`, `birtday`, `gender`, `city`, `country`, `create_at`, `update_at`) VALUES (79, '2012-02-09', 'm', 'Laronside', 'Malaysia', '2017-09-02 05:27:18', '2014-07-01 15:18:43');
INSERT INTO `profiles` (`user_id`, `birtday`, `gender`, `city`, `country`, `create_at`, `update_at`) VALUES (80, '2000-10-02', 'f', 'Batzport', 'Suriname', '2014-06-10 01:15:48', '2016-05-03 12:53:35');
INSERT INTO `profiles` (`user_id`, `birtday`, `gender`, `city`, `country`, `create_at`, `update_at`) VALUES (81, '1971-07-26', 'f', 'Vernerfurt', 'Italy', '2011-05-29 01:23:21', '2017-04-11 02:17:34');
INSERT INTO `profiles` (`user_id`, `birtday`, `gender`, `city`, `country`, `create_at`, `update_at`) VALUES (82, '2006-06-05', 'm', 'Nienowville', 'Burundi', '2013-08-04 10:17:39', '2011-06-25 05:30:23');
INSERT INTO `profiles` (`user_id`, `birtday`, `gender`, `city`, `country`, `create_at`, `update_at`) VALUES (83, '1973-01-17', 'm', 'East Elyse', 'Eritrea', '2017-12-06 07:23:11', '2014-03-17 00:55:48');
INSERT INTO `profiles` (`user_id`, `birtday`, `gender`, `city`, `country`, `create_at`, `update_at`) VALUES (84, '1990-04-26', 'm', 'Port Rylee', 'Benin', '2019-08-13 21:10:04', '2017-05-13 01:46:11');
INSERT INTO `profiles` (`user_id`, `birtday`, `gender`, `city`, `country`, `create_at`, `update_at`) VALUES (85, '1989-12-25', 'f', 'Dachbury', 'Spain', '2017-07-06 19:40:41', '2012-09-16 05:56:40');
INSERT INTO `profiles` (`user_id`, `birtday`, `gender`, `city`, `country`, `create_at`, `update_at`) VALUES (86, '1988-11-09', 'f', 'Balistreriville', 'Morocco', '2016-04-05 06:35:57', '2020-02-03 15:54:20');
INSERT INTO `profiles` (`user_id`, `birtday`, `gender`, `city`, `country`, `create_at`, `update_at`) VALUES (87, '2001-04-30', 'f', 'Kuphalberg', 'Nicaragua', '2018-09-13 15:45:20', '2011-05-11 02:06:03');
INSERT INTO `profiles` (`user_id`, `birtday`, `gender`, `city`, `country`, `create_at`, `update_at`) VALUES (88, '1976-09-20', 'm', 'Quigleyfurt', 'Ethiopia', '2015-05-23 18:52:50', '2016-06-05 21:27:16');
INSERT INTO `profiles` (`user_id`, `birtday`, `gender`, `city`, `country`, `create_at`, `update_at`) VALUES (89, '1992-10-27', 'm', 'Robinville', 'Saint Martin', '2014-04-25 17:07:05', '2011-08-17 20:30:15');
INSERT INTO `profiles` (`user_id`, `birtday`, `gender`, `city`, `country`, `create_at`, `update_at`) VALUES (90, '1999-12-03', 'm', 'New Charles', 'Madagascar', '2016-11-13 01:37:37', '2013-12-22 12:21:14');
INSERT INTO `profiles` (`user_id`, `birtday`, `gender`, `city`, `country`, `create_at`, `update_at`) VALUES (91, '1994-04-20', 'f', 'Nienowstad', 'Comoros', '2015-01-29 22:59:30', '2019-08-22 23:31:32');
INSERT INTO `profiles` (`user_id`, `birtday`, `gender`, `city`, `country`, `create_at`, `update_at`) VALUES (92, '1998-07-28', 'm', 'Bartonland', 'Israel', '2020-10-11 08:25:49', '2017-01-16 17:24:01');
INSERT INTO `profiles` (`user_id`, `birtday`, `gender`, `city`, `country`, `create_at`, `update_at`) VALUES (93, '1978-07-07', 'f', 'Heatherland', 'Tuvalu', '2018-10-29 03:36:44', '2011-06-13 16:03:23');
INSERT INTO `profiles` (`user_id`, `birtday`, `gender`, `city`, `country`, `create_at`, `update_at`) VALUES (94, '2000-05-11', 'f', 'Turnerberg', 'Niger', '2011-10-27 17:39:10', '2011-11-27 05:19:44');
INSERT INTO `profiles` (`user_id`, `birtday`, `gender`, `city`, `country`, `create_at`, `update_at`) VALUES (95, '1995-05-03', 'm', 'Faustinoborough', 'Kazakhstan', '2012-04-01 12:23:43', '2017-06-19 21:53:08');
INSERT INTO `profiles` (`user_id`, `birtday`, `gender`, `city`, `country`, `create_at`, `update_at`) VALUES (96, '1974-11-26', 'f', 'North Destinee', 'Lithuania', '2017-12-18 07:12:49', '2014-11-04 21:33:14');
INSERT INTO `profiles` (`user_id`, `birtday`, `gender`, `city`, `country`, `create_at`, `update_at`) VALUES (97, '2004-05-15', 'f', 'Kaceyland', 'Saudi Arabia', '2012-03-03 06:30:56', '2011-05-21 08:05:59');
INSERT INTO `profiles` (`user_id`, `birtday`, `gender`, `city`, `country`, `create_at`, `update_at`) VALUES (98, '1994-03-27', 'f', 'Port Johnathonland', 'Vanuatu', '2011-07-16 08:07:50', '2014-08-27 12:17:07');
INSERT INTO `profiles` (`user_id`, `birtday`, `gender`, `city`, `country`, `create_at`, `update_at`) VALUES (99, '1976-03-17', 'f', 'Schmittport', 'Guyana', '2019-09-15 22:27:36', '2015-09-18 15:14:27');
INSERT INTO `profiles` (`user_id`, `birtday`, `gender`, `city`, `country`, `create_at`, `update_at`) VALUES (100, '2000-06-15', 'f', 'East Jeremy', 'Tajikistan', '2012-05-19 02:26:36', '2012-05-08 20:58:26');
INSERT INTO `profiles` (`user_id`, `birtday`, `gender`, `city`, `country`, `create_at`, `update_at`) VALUES (101, '2013-10-26', 'm', 'Jettton', 'Tanzania', '2013-07-18 03:58:17', '2017-03-30 09:09:09');
INSERT INTO `profiles` (`user_id`, `birtday`, `gender`, `city`, `country`, `create_at`, `update_at`) VALUES (102, '2012-01-14', 'f', 'Olivermouth', 'Tonga', '2019-10-16 10:32:38', '2014-02-12 13:11:46');
INSERT INTO `profiles` (`user_id`, `birtday`, `gender`, `city`, `country`, `create_at`, `update_at`) VALUES (103, '2006-08-04', 'm', 'Kozeyfurt', 'Thailand', '2015-07-15 08:17:08', '2020-11-30 02:20:15');
INSERT INTO `profiles` (`user_id`, `birtday`, `gender`, `city`, `country`, `create_at`, `update_at`) VALUES (104, '1999-05-01', 'f', 'Port Laviniaberg', 'Serbia', '2012-01-24 08:05:32', '2017-01-25 02:19:40');
INSERT INTO `profiles` (`user_id`, `birtday`, `gender`, `city`, `country`, `create_at`, `update_at`) VALUES (105, '2011-01-31', 'f', 'New Lincolntown', 'Estonia', '2014-12-17 20:16:07', '2018-09-21 18:28:18');
INSERT INTO `profiles` (`user_id`, `birtday`, `gender`, `city`, `country`, `create_at`, `update_at`) VALUES (106, '1992-10-18', 'f', 'Binsfurt', 'Estonia', '2019-03-25 04:58:02', '2017-06-10 07:09:19');
INSERT INTO `profiles` (`user_id`, `birtday`, `gender`, `city`, `country`, `create_at`, `update_at`) VALUES (107, '1991-08-01', 'f', 'Lake Wilfordville', 'Timor-Leste', '2012-07-04 23:31:51', '2012-08-17 17:52:13');
INSERT INTO `profiles` (`user_id`, `birtday`, `gender`, `city`, `country`, `create_at`, `update_at`) VALUES (108, '1978-01-08', 'm', 'South Filomena', 'Guinea-Bissau', '2016-08-20 23:28:07', '2020-05-13 15:38:34');
INSERT INTO `profiles` (`user_id`, `birtday`, `gender`, `city`, `country`, `create_at`, `update_at`) VALUES (109, '1984-09-14', 'm', 'Adamborough', 'Niger', '2015-08-03 19:52:01', '2017-08-24 19:22:00');
INSERT INTO `profiles` (`user_id`, `birtday`, `gender`, `city`, `country`, `create_at`, `update_at`) VALUES (110, '1971-05-01', 'm', 'Stantonport', 'Nigeria', '2016-12-18 02:05:01', '2017-12-28 16:37:48');
INSERT INTO `profiles` (`user_id`, `birtday`, `gender`, `city`, `country`, `create_at`, `update_at`) VALUES (111, '1982-08-06', 'f', 'Eltonhaven', 'Mozambique', '2020-06-16 07:38:34', '2012-04-02 21:54:05');
INSERT INTO `profiles` (`user_id`, `birtday`, `gender`, `city`, `country`, `create_at`, `update_at`) VALUES (112, '2002-11-07', 'm', 'Keiraland', 'Anguilla', '2017-08-02 14:35:21', '2020-06-23 22:18:24');
INSERT INTO `profiles` (`user_id`, `birtday`, `gender`, `city`, `country`, `create_at`, `update_at`) VALUES (113, '1973-06-21', 'm', 'Yundtport', 'Turks and Caicos Islands', '2020-08-27 01:43:45', '2012-12-07 23:20:11');
INSERT INTO `profiles` (`user_id`, `birtday`, `gender`, `city`, `country`, `create_at`, `update_at`) VALUES (114, '1995-04-08', 'm', 'Lake Lorenzmouth', 'Guam', '2016-02-29 19:09:43', '2016-03-26 11:55:23');
INSERT INTO `profiles` (`user_id`, `birtday`, `gender`, `city`, `country`, `create_at`, `update_at`) VALUES (115, '2006-04-19', 'f', 'East Hulda', 'Italy', '2017-04-21 11:24:11', '2019-01-29 18:16:36');
INSERT INTO `profiles` (`user_id`, `birtday`, `gender`, `city`, `country`, `create_at`, `update_at`) VALUES (116, '1985-04-28', 'f', 'New Buddychester', 'Brunei Darussalam', '2011-05-20 17:15:02', '2020-05-08 12:43:58');
INSERT INTO `profiles` (`user_id`, `birtday`, `gender`, `city`, `country`, `create_at`, `update_at`) VALUES (117, '2012-03-19', 'm', 'Port Alvenachester', 'Equatorial Guinea', '2019-07-15 05:15:19', '2020-02-24 06:42:38');
INSERT INTO `profiles` (`user_id`, `birtday`, `gender`, `city`, `country`, `create_at`, `update_at`) VALUES (118, '1985-09-13', 'f', 'Kaylahberg', 'Aruba', '2016-06-16 15:58:05', '2017-03-18 05:05:15');
INSERT INTO `profiles` (`user_id`, `birtday`, `gender`, `city`, `country`, `create_at`, `update_at`) VALUES (119, '2014-05-28', 'm', 'Faeland', 'Georgia', '2019-07-21 12:37:22', '2012-06-03 18:49:28');
INSERT INTO `profiles` (`user_id`, `birtday`, `gender`, `city`, `country`, `create_at`, `update_at`) VALUES (120, '1999-07-04', 'm', 'North Hadleyport', 'Mayotte', '2014-11-22 05:35:37', '2018-07-10 19:02:55');
INSERT INTO `profiles` (`user_id`, `birtday`, `gender`, `city`, `country`, `create_at`, `update_at`) VALUES (121, '2011-04-28', 'm', 'Lake Benjamin', 'Montserrat', '2013-07-03 20:26:27', '2020-06-15 08:23:56');
INSERT INTO `profiles` (`user_id`, `birtday`, `gender`, `city`, `country`, `create_at`, `update_at`) VALUES (122, '2001-05-08', 'm', 'West Brett', 'Reunion', '2019-08-10 21:45:07', '2011-11-04 13:31:00');
INSERT INTO `profiles` (`user_id`, `birtday`, `gender`, `city`, `country`, `create_at`, `update_at`) VALUES (123, '1986-05-28', 'm', 'Binshaven', 'Seychelles', '2011-09-14 18:43:40', '2020-02-09 06:23:30');
INSERT INTO `profiles` (`user_id`, `birtday`, `gender`, `city`, `country`, `create_at`, `update_at`) VALUES (124, '1971-11-12', 'm', 'West Jarrod', 'Micronesia', '2011-03-15 14:55:08', '2019-07-26 01:20:03');
INSERT INTO `profiles` (`user_id`, `birtday`, `gender`, `city`, `country`, `create_at`, `update_at`) VALUES (125, '2006-02-10', 'f', 'Russelhaven', 'Timor-Leste', '2012-11-09 17:46:15', '2013-09-23 14:12:15');
INSERT INTO `profiles` (`user_id`, `birtday`, `gender`, `city`, `country`, `create_at`, `update_at`) VALUES (126, '2006-10-03', 'f', 'East Milford', 'British Virgin Islands', '2019-07-07 12:52:22', '2014-01-14 05:21:20');
INSERT INTO `profiles` (`user_id`, `birtday`, `gender`, `city`, `country`, `create_at`, `update_at`) VALUES (127, '2019-09-04', 'm', 'North Kittyburgh', 'Jordan', '2018-09-03 11:53:53', '2012-01-26 09:57:01');
INSERT INTO `profiles` (`user_id`, `birtday`, `gender`, `city`, `country`, `create_at`, `update_at`) VALUES (128, '2018-12-03', 'm', 'Cesarstad', 'Sudan', '2021-01-18 21:22:32', '2014-01-15 18:09:25');
INSERT INTO `profiles` (`user_id`, `birtday`, `gender`, `city`, `country`, `create_at`, `update_at`) VALUES (129, '2011-11-14', 'm', 'Theresemouth', 'Chile', '2013-02-20 12:17:55', '2015-03-01 14:09:35');
INSERT INTO `profiles` (`user_id`, `birtday`, `gender`, `city`, `country`, `create_at`, `update_at`) VALUES (130, '1971-05-27', 'm', 'New Ryleigh', 'Bolivia', '2014-01-31 20:32:06', '2013-08-26 12:24:35');
INSERT INTO `profiles` (`user_id`, `birtday`, `gender`, `city`, `country`, `create_at`, `update_at`) VALUES (131, '2000-03-23', 'm', 'Heloisefort', 'Serbia', '2011-03-30 03:21:45', '2013-09-01 02:45:22');
INSERT INTO `profiles` (`user_id`, `birtday`, `gender`, `city`, `country`, `create_at`, `update_at`) VALUES (132, '1987-02-19', 'm', 'Port Skyla', 'Egypt', '2019-01-07 05:57:19', '2019-03-01 21:33:58');
INSERT INTO `profiles` (`user_id`, `birtday`, `gender`, `city`, `country`, `create_at`, `update_at`) VALUES (133, '1993-08-06', 'f', 'East Jazmynmouth', 'Zimbabwe', '2018-03-16 08:11:15', '2020-11-02 02:53:06');
INSERT INTO `profiles` (`user_id`, `birtday`, `gender`, `city`, `country`, `create_at`, `update_at`) VALUES (134, '1998-04-22', 'm', 'Pascaleville', 'Marshall Islands', '2021-01-10 03:07:56', '2019-11-02 04:21:07');
INSERT INTO `profiles` (`user_id`, `birtday`, `gender`, `city`, `country`, `create_at`, `update_at`) VALUES (135, '1974-06-04', 'f', 'East Emmittside', 'Serbia', '2016-08-19 22:19:56', '2019-10-03 18:03:58');
INSERT INTO `profiles` (`user_id`, `birtday`, `gender`, `city`, `country`, `create_at`, `update_at`) VALUES (136, '2000-04-12', 'f', 'Aubreehaven', 'Luxembourg', '2014-07-08 16:48:00', '2013-11-26 17:17:50');
INSERT INTO `profiles` (`user_id`, `birtday`, `gender`, `city`, `country`, `create_at`, `update_at`) VALUES (137, '2018-11-04', 'f', 'East Eliseo', 'Iceland', '2016-11-04 09:52:58', '2017-02-05 08:28:24');
INSERT INTO `profiles` (`user_id`, `birtday`, `gender`, `city`, `country`, `create_at`, `update_at`) VALUES (138, '2015-07-18', 'm', 'Davonteborough', 'Jamaica', '2018-04-28 16:04:11', '2011-12-25 15:43:52');
INSERT INTO `profiles` (`user_id`, `birtday`, `gender`, `city`, `country`, `create_at`, `update_at`) VALUES (139, '1987-01-19', 'f', 'Port Feliciashire', 'Bolivia', '2018-06-20 20:20:52', '2017-08-19 17:23:59');
INSERT INTO `profiles` (`user_id`, `birtday`, `gender`, `city`, `country`, `create_at`, `update_at`) VALUES (140, '2015-01-10', 'f', 'North Alvahside', 'Gambia', '2018-02-09 16:17:23', '2013-05-18 15:46:16');
INSERT INTO `profiles` (`user_id`, `birtday`, `gender`, `city`, `country`, `create_at`, `update_at`) VALUES (141, '1997-10-24', 'm', 'Port Isai', 'United Arab Emirates', '2021-01-23 12:57:58', '2014-02-22 16:46:25');
INSERT INTO `profiles` (`user_id`, `birtday`, `gender`, `city`, `country`, `create_at`, `update_at`) VALUES (142, '1977-12-13', 'm', 'Shieldshaven', 'American Samoa', '2013-11-01 20:34:38', '2019-08-25 02:12:34');
INSERT INTO `profiles` (`user_id`, `birtday`, `gender`, `city`, `country`, `create_at`, `update_at`) VALUES (143, '1991-02-21', 'm', 'Ramonamouth', 'Angola', '2011-06-20 16:58:09', '2018-04-27 19:01:34');
INSERT INTO `profiles` (`user_id`, `birtday`, `gender`, `city`, `country`, `create_at`, `update_at`) VALUES (144, '2015-03-29', 'm', 'Port Evert', 'Tokelau', '2016-01-15 14:39:36', '2017-08-07 19:39:24');
INSERT INTO `profiles` (`user_id`, `birtday`, `gender`, `city`, `country`, `create_at`, `update_at`) VALUES (145, '2018-03-24', 'm', 'Lake Korey', 'Andorra', '2012-04-05 15:11:09', '2016-02-24 10:40:56');
INSERT INTO `profiles` (`user_id`, `birtday`, `gender`, `city`, `country`, `create_at`, `update_at`) VALUES (146, '2001-08-19', 'f', 'Mariamview', 'Honduras', '2013-05-01 06:09:13', '2013-04-20 08:58:43');
INSERT INTO `profiles` (`user_id`, `birtday`, `gender`, `city`, `country`, `create_at`, `update_at`) VALUES (147, '2011-08-27', 'f', 'Donnelltown', 'Macedonia', '2017-11-02 00:30:27', '2017-11-20 17:40:30');
INSERT INTO `profiles` (`user_id`, `birtday`, `gender`, `city`, `country`, `create_at`, `update_at`) VALUES (148, '2003-02-21', 'f', 'West Giuseppetown', 'French Southern Territories', '2019-11-27 04:03:05', '2020-06-15 06:48:35');
INSERT INTO `profiles` (`user_id`, `birtday`, `gender`, `city`, `country`, `create_at`, `update_at`) VALUES (149, '1972-03-10', 'm', 'North Willtown', 'El Salvador', '2012-11-01 01:07:55', '2011-09-03 20:31:46');
INSERT INTO `profiles` (`user_id`, `birtday`, `gender`, `city`, `country`, `create_at`, `update_at`) VALUES (150, '1982-11-18', 'f', 'Lynchmouth', 'Turkmenistan', '2019-09-10 06:10:27', '2017-01-16 22:36:16');
INSERT INTO `profiles` (`user_id`, `birtday`, `gender`, `city`, `country`, `create_at`, `update_at`) VALUES (151, '1981-04-12', 'f', 'South Ana', 'Congo', '2016-03-15 02:48:42', '2013-12-14 04:50:38');
INSERT INTO `profiles` (`user_id`, `birtday`, `gender`, `city`, `country`, `create_at`, `update_at`) VALUES (152, '1974-05-15', 'm', 'Ebertport', 'Jersey', '2020-05-21 12:44:31', '2013-11-10 15:35:46');
INSERT INTO `profiles` (`user_id`, `birtday`, `gender`, `city`, `country`, `create_at`, `update_at`) VALUES (153, '1988-05-15', 'f', 'Franeckibury', 'Solomon Islands', '2019-07-16 11:52:24', '2017-09-13 03:24:41');
INSERT INTO `profiles` (`user_id`, `birtday`, `gender`, `city`, `country`, `create_at`, `update_at`) VALUES (154, '2013-03-13', 'm', 'Walkerborough', 'Vietnam', '2011-06-01 19:54:35', '2016-11-19 00:14:28');
INSERT INTO `profiles` (`user_id`, `birtday`, `gender`, `city`, `country`, `create_at`, `update_at`) VALUES (155, '1993-11-14', 'm', 'West Lucieshire', 'Gambia', '2014-11-20 04:15:37', '2015-05-23 20:49:07');
INSERT INTO `profiles` (`user_id`, `birtday`, `gender`, `city`, `country`, `create_at`, `update_at`) VALUES (156, '1989-03-09', 'm', 'Wilhelmineton', 'Netherlands', '2011-11-04 23:29:06', '2017-09-04 10:48:46');
INSERT INTO `profiles` (`user_id`, `birtday`, `gender`, `city`, `country`, `create_at`, `update_at`) VALUES (157, '1973-04-27', 'm', 'Port Novella', 'Bosnia and Herzegovina', '2016-04-21 19:19:03', '2015-03-24 20:50:11');
INSERT INTO `profiles` (`user_id`, `birtday`, `gender`, `city`, `country`, `create_at`, `update_at`) VALUES (158, '1981-10-15', 'm', 'East Alvis', 'Saint Kitts and Nevis', '2012-10-01 12:26:46', '2017-12-11 08:43:18');
INSERT INTO `profiles` (`user_id`, `birtday`, `gender`, `city`, `country`, `create_at`, `update_at`) VALUES (159, '1986-05-22', 'm', 'Schummport', 'Heard Island and McDonald Islands', '2019-02-27 19:47:35', '2020-05-04 19:15:23');
INSERT INTO `profiles` (`user_id`, `birtday`, `gender`, `city`, `country`, `create_at`, `update_at`) VALUES (160, '1983-09-03', 'f', 'Jadaside', 'Cayman Islands', '2014-05-28 04:04:38', '2020-01-05 03:23:09');
INSERT INTO `profiles` (`user_id`, `birtday`, `gender`, `city`, `country`, `create_at`, `update_at`) VALUES (161, '2012-06-15', 'm', 'Schmelermouth', 'Holy See (Vatican City State)', '2016-12-07 01:19:15', '2020-07-02 15:22:55');
INSERT INTO `profiles` (`user_id`, `birtday`, `gender`, `city`, `country`, `create_at`, `update_at`) VALUES (162, '2018-11-27', 'f', 'New Mafalda', 'Cayman Islands', '2017-07-03 15:24:53', '2019-02-20 20:03:57');
INSERT INTO `profiles` (`user_id`, `birtday`, `gender`, `city`, `country`, `create_at`, `update_at`) VALUES (163, '2020-07-13', 'm', 'Merlport', 'Croatia', '2018-03-20 13:05:10', '2018-08-26 21:52:21');
INSERT INTO `profiles` (`user_id`, `birtday`, `gender`, `city`, `country`, `create_at`, `update_at`) VALUES (164, '2008-06-23', 'm', 'Port Jettie', 'Bahamas', '2018-08-09 11:25:59', '2018-12-06 05:18:26');
INSERT INTO `profiles` (`user_id`, `birtday`, `gender`, `city`, `country`, `create_at`, `update_at`) VALUES (165, '1981-04-15', 'f', 'North Jailynbury', 'New Caledonia', '2014-03-04 16:48:28', '2012-12-28 02:01:42');
INSERT INTO `profiles` (`user_id`, `birtday`, `gender`, `city`, `country`, `create_at`, `update_at`) VALUES (166, '1987-11-14', 'm', 'West Dashawnstad', 'Kiribati', '2014-04-16 10:23:37', '2012-08-30 06:12:29');
INSERT INTO `profiles` (`user_id`, `birtday`, `gender`, `city`, `country`, `create_at`, `update_at`) VALUES (167, '1997-01-17', 'f', 'Lake Madeline', 'Cameroon', '2015-10-16 06:30:20', '2020-03-08 08:39:03');
INSERT INTO `profiles` (`user_id`, `birtday`, `gender`, `city`, `country`, `create_at`, `update_at`) VALUES (168, '1992-12-04', 'm', 'Kozeymouth', 'Tonga', '2018-09-26 17:05:36', '2014-12-27 02:34:49');
INSERT INTO `profiles` (`user_id`, `birtday`, `gender`, `city`, `country`, `create_at`, `update_at`) VALUES (169, '1988-07-16', 'f', 'Walshshire', 'Armenia', '2012-06-30 05:57:53', '2012-11-03 05:02:03');
INSERT INTO `profiles` (`user_id`, `birtday`, `gender`, `city`, `country`, `create_at`, `update_at`) VALUES (170, '2004-06-02', 'f', 'Watsicabury', 'Bosnia and Herzegovina', '2013-04-22 01:52:08', '2013-11-25 00:35:52');
INSERT INTO `profiles` (`user_id`, `birtday`, `gender`, `city`, `country`, `create_at`, `update_at`) VALUES (171, '2007-04-05', 'f', 'East Maria', 'Faroe Islands', '2011-11-24 21:59:11', '2012-08-18 13:29:58');
INSERT INTO `profiles` (`user_id`, `birtday`, `gender`, `city`, `country`, `create_at`, `update_at`) VALUES (172, '1985-09-08', 'f', 'Alexandriamouth', 'Mayotte', '2018-10-14 04:47:45', '2015-08-30 23:10:57');
INSERT INTO `profiles` (`user_id`, `birtday`, `gender`, `city`, `country`, `create_at`, `update_at`) VALUES (173, '2010-04-06', 'f', 'North Helenemouth', 'Romania', '2014-10-18 14:17:38', '2020-04-27 22:16:59');
INSERT INTO `profiles` (`user_id`, `birtday`, `gender`, `city`, `country`, `create_at`, `update_at`) VALUES (174, '1982-07-03', 'm', 'East Grace', 'Lao People\'s Democratic Republic', '2018-09-15 00:01:34', '2017-10-14 12:42:00');
INSERT INTO `profiles` (`user_id`, `birtday`, `gender`, `city`, `country`, `create_at`, `update_at`) VALUES (175, '2003-05-21', 'm', 'South Bernardo', 'Bosnia and Herzegovina', '2012-04-29 08:03:50', '2020-01-20 13:32:25');
INSERT INTO `profiles` (`user_id`, `birtday`, `gender`, `city`, `country`, `create_at`, `update_at`) VALUES (176, '2002-07-03', 'f', 'South Brianfurt', 'Guernsey', '2019-09-12 12:51:15', '2017-10-27 15:42:56');
INSERT INTO `profiles` (`user_id`, `birtday`, `gender`, `city`, `country`, `create_at`, `update_at`) VALUES (177, '2004-05-28', 'f', 'North Bernadine', 'Latvia', '2016-09-29 03:20:03', '2015-04-06 02:40:22');
INSERT INTO `profiles` (`user_id`, `birtday`, `gender`, `city`, `country`, `create_at`, `update_at`) VALUES (178, '2019-07-29', 'm', 'Darenborough', 'Congo', '2018-08-04 22:56:02', '2019-10-30 07:09:17');
INSERT INTO `profiles` (`user_id`, `birtday`, `gender`, `city`, `country`, `create_at`, `update_at`) VALUES (179, '1980-05-28', 'f', 'Hickleshire', 'Taiwan', '2016-03-08 07:32:44', '2014-02-23 21:59:05');
INSERT INTO `profiles` (`user_id`, `birtday`, `gender`, `city`, `country`, `create_at`, `update_at`) VALUES (180, '1970-11-10', 'm', 'Lake Ibrahim', 'United States Virgin Islands', '2013-05-19 13:32:04', '2011-07-20 21:55:23');
INSERT INTO `profiles` (`user_id`, `birtday`, `gender`, `city`, `country`, `create_at`, `update_at`) VALUES (181, '1975-07-03', 'f', 'Greenfelderborough', 'United States Virgin Islands', '2016-11-08 08:13:14', '2012-02-23 08:44:00');
INSERT INTO `profiles` (`user_id`, `birtday`, `gender`, `city`, `country`, `create_at`, `update_at`) VALUES (182, '2019-08-04', 'm', 'North Deannaburgh', 'Angola', '2015-09-23 17:17:03', '2011-03-26 15:24:37');
INSERT INTO `profiles` (`user_id`, `birtday`, `gender`, `city`, `country`, `create_at`, `update_at`) VALUES (183, '1996-02-20', 'f', 'South Keyonport', 'Russian Federation', '2013-09-16 21:15:32', '2011-03-31 17:43:00');
INSERT INTO `profiles` (`user_id`, `birtday`, `gender`, `city`, `country`, `create_at`, `update_at`) VALUES (184, '2007-11-25', 'm', 'Vilmabury', 'United Kingdom', '2019-09-10 06:17:33', '2014-06-03 04:37:50');
INSERT INTO `profiles` (`user_id`, `birtday`, `gender`, `city`, `country`, `create_at`, `update_at`) VALUES (185, '1990-07-21', 'm', 'Jonesmouth', 'Guatemala', '2011-09-13 05:38:58', '2018-02-10 23:12:07');
INSERT INTO `profiles` (`user_id`, `birtday`, `gender`, `city`, `country`, `create_at`, `update_at`) VALUES (186, '2001-11-30', 'f', 'Port Zola', 'Monaco', '2013-06-23 02:52:05', '2019-04-03 02:14:40');
INSERT INTO `profiles` (`user_id`, `birtday`, `gender`, `city`, `country`, `create_at`, `update_at`) VALUES (187, '2010-04-17', 'm', 'Noelville', 'Cote d\'Ivoire', '2020-12-30 12:28:10', '2017-04-24 12:20:30');
INSERT INTO `profiles` (`user_id`, `birtday`, `gender`, `city`, `country`, `create_at`, `update_at`) VALUES (188, '2009-09-19', 'm', 'East Marielatown', 'Trinidad and Tobago', '2019-06-11 23:03:18', '2016-02-20 04:15:06');
INSERT INTO `profiles` (`user_id`, `birtday`, `gender`, `city`, `country`, `create_at`, `update_at`) VALUES (189, '2013-02-25', 'm', 'West Julius', 'Argentina', '2014-07-12 07:23:54', '2017-02-07 20:06:42');
INSERT INTO `profiles` (`user_id`, `birtday`, `gender`, `city`, `country`, `create_at`, `update_at`) VALUES (190, '1987-01-19', 'f', 'Swifthaven', 'Cocos (Keeling) Islands', '2014-10-13 07:37:53', '2020-12-15 19:05:32');
INSERT INTO `profiles` (`user_id`, `birtday`, `gender`, `city`, `country`, `create_at`, `update_at`) VALUES (191, '1987-01-03', 'm', 'North Brenna', 'Botswana', '2018-07-03 08:01:26', '2013-02-22 18:14:31');
INSERT INTO `profiles` (`user_id`, `birtday`, `gender`, `city`, `country`, `create_at`, `update_at`) VALUES (192, '1976-10-22', 'f', 'Andreanneton', 'Paraguay', '2018-10-27 01:01:41', '2018-01-19 18:16:07');
INSERT INTO `profiles` (`user_id`, `birtday`, `gender`, `city`, `country`, `create_at`, `update_at`) VALUES (193, '1987-03-05', 'f', 'Abdulton', 'Canada', '2015-11-25 13:09:33', '2011-09-11 04:21:48');
INSERT INTO `profiles` (`user_id`, `birtday`, `gender`, `city`, `country`, `create_at`, `update_at`) VALUES (194, '1983-06-16', 'm', 'East Mariano', 'Gibraltar', '2020-11-16 21:08:38', '2018-10-09 07:07:30');
INSERT INTO `profiles` (`user_id`, `birtday`, `gender`, `city`, `country`, `create_at`, `update_at`) VALUES (195, '2006-05-05', 'f', 'West Veronicamouth', 'Saint Vincent and the Grenadines', '2018-06-29 23:54:20', '2020-06-24 20:45:22');
INSERT INTO `profiles` (`user_id`, `birtday`, `gender`, `city`, `country`, `create_at`, `update_at`) VALUES (196, '1995-06-14', 'f', 'Jermainport', 'Montserrat', '2011-03-18 22:59:18', '2016-01-31 00:45:25');
INSERT INTO `profiles` (`user_id`, `birtday`, `gender`, `city`, `country`, `create_at`, `update_at`) VALUES (197, '1975-10-30', 'm', 'South Justice', 'Lesotho', '2015-12-26 14:56:16', '2018-01-30 18:16:54');
INSERT INTO `profiles` (`user_id`, `birtday`, `gender`, `city`, `country`, `create_at`, `update_at`) VALUES (198, '1986-07-01', 'f', 'New Tysonchester', 'Jamaica', '2015-10-23 10:05:13', '2013-09-08 08:19:39');
INSERT INTO `profiles` (`user_id`, `birtday`, `gender`, `city`, `country`, `create_at`, `update_at`) VALUES (199, '2016-05-23', 'm', 'West Vernstad', 'Fiji', '2016-09-30 23:19:25', '2011-12-06 05:48:45');
INSERT INTO `profiles` (`user_id`, `birtday`, `gender`, `city`, `country`, `create_at`, `update_at`) VALUES (200, '2013-12-08', 'f', 'North Jacynthehaven', 'Saint Vincent and the Grenadines', '2012-10-05 17:10:41', '2013-08-18 23:04:13');


#
# TABLE STRUCTURE FOR: users
#

DROP TABLE IF EXISTS `users`;

CREATE TABLE `users` (
  `id` int(10) unsigned NOT NULL AUTO_INCREMENT,
  `first_name` varchar(100) COLLATE utf8mb4_unicode_ci NOT NULL,
  `last_name` varchar(100) COLLATE utf8mb4_unicode_ci NOT NULL,
  `email` varchar(200) COLLATE utf8mb4_unicode_ci NOT NULL,
  `phone` varchar(100) COLLATE utf8mb4_unicode_ci NOT NULL,
  `create_at` datetime DEFAULT current_timestamp(),
  `update_at` datetime DEFAULT current_timestamp() ON UPDATE current_timestamp(),
  PRIMARY KEY (`id`)
) ENGINE=InnoDB AUTO_INCREMENT=201 DEFAULT CHARSET=utf8mb4 COLLATE=utf8mb4_unicode_ci;

INSERT INTO `users` (`id`, `first_name`, `last_name`, `email`, `phone`, `create_at`, `update_at`) VALUES (1, 'Janessa', 'Jenkins', 'elena.bogan@example.net', '819-019-6161x155', '2020-08-27 20:01:42', '2014-08-07 01:09:24');
INSERT INTO `users` (`id`, `first_name`, `last_name`, `email`, `phone`, `create_at`, `update_at`) VALUES (2, 'Augustine', 'Simonis', 'ekunde@example.net', '242.282.8548x48702', '2015-08-12 23:27:45', '2018-10-11 04:29:45');
INSERT INTO `users` (`id`, `first_name`, `last_name`, `email`, `phone`, `create_at`, `update_at`) VALUES (3, 'Gino', 'Veum', 'owilkinson@example.com', '494-969-8122', '2012-04-07 18:21:05', '2013-01-17 01:52:41');
INSERT INTO `users` (`id`, `first_name`, `last_name`, `email`, `phone`, `create_at`, `update_at`) VALUES (4, 'Jon', 'Rowe', 'mante.gregg@example.org', '856.960.5873x10872', '2019-06-23 14:19:07', '2013-10-07 04:39:35');
INSERT INTO `users` (`id`, `first_name`, `last_name`, `email`, `phone`, `create_at`, `update_at`) VALUES (5, 'Kendra', 'Donnelly', 'o\'keefe.gabriel@example.net', '1-278-194-5304x9393', '2017-04-04 22:21:08', '2018-07-30 08:10:47');
INSERT INTO `users` (`id`, `first_name`, `last_name`, `email`, `phone`, `create_at`, `update_at`) VALUES (6, 'Xavier', 'Bode', 'ruth.kuhlman@example.net', '554-709-8186', '2013-03-28 21:17:51', '2017-01-05 06:54:02');
INSERT INTO `users` (`id`, `first_name`, `last_name`, `email`, `phone`, `create_at`, `update_at`) VALUES (7, 'Keira', 'Keebler', 'fadel.elda@example.org', '507.881.3724', '2019-10-28 17:00:01', '2020-05-23 14:56:59');
INSERT INTO `users` (`id`, `first_name`, `last_name`, `email`, `phone`, `create_at`, `update_at`) VALUES (8, 'Joshuah', 'Bruen', 'chet.reichel@example.org', '(652)381-5661', '2015-11-19 02:26:22', '2020-03-31 18:45:01');
INSERT INTO `users` (`id`, `first_name`, `last_name`, `email`, `phone`, `create_at`, `update_at`) VALUES (9, 'Nigel', 'Nader', 'umohr@example.net', '287-361-6947', '2014-09-10 00:39:36', '2018-10-05 09:55:55');
INSERT INTO `users` (`id`, `first_name`, `last_name`, `email`, `phone`, `create_at`, `update_at`) VALUES (10, 'Rasheed', 'Quigley', 'zkling@example.com', '443-783-8041x2439', '2020-03-02 11:32:37', '2019-12-31 06:31:35');
INSERT INTO `users` (`id`, `first_name`, `last_name`, `email`, `phone`, `create_at`, `update_at`) VALUES (11, 'Claire', 'Erdman', 'otho59@example.org', '09965407519', '2012-04-05 03:14:16', '2016-02-21 21:43:42');
INSERT INTO `users` (`id`, `first_name`, `last_name`, `email`, `phone`, `create_at`, `update_at`) VALUES (12, 'Jesus', 'Baumbach', 'catalina75@example.com', '679-501-7476', '2018-01-10 17:18:20', '2017-02-23 21:44:12');
INSERT INTO `users` (`id`, `first_name`, `last_name`, `email`, `phone`, `create_at`, `update_at`) VALUES (13, 'Wilfred', 'Wiegand', 'zella.hettinger@example.net', '07885045428', '2015-02-17 20:19:12', '2017-03-23 20:15:06');
INSERT INTO `users` (`id`, `first_name`, `last_name`, `email`, `phone`, `create_at`, `update_at`) VALUES (14, 'Kathryn', 'Stamm', 'rbaumbach@example.net', '1-302-590-8261x92417', '2014-03-09 20:41:51', '2011-10-01 11:25:22');
INSERT INTO `users` (`id`, `first_name`, `last_name`, `email`, `phone`, `create_at`, `update_at`) VALUES (15, 'Avery', 'Kerluke', 'dayne04@example.com', '(735)349-9526x36110', '2017-08-18 17:37:02', '2011-03-12 15:06:48');
INSERT INTO `users` (`id`, `first_name`, `last_name`, `email`, `phone`, `create_at`, `update_at`) VALUES (16, 'Emma', 'Wilderman', 'kstreich@example.net', '096-317-4180x385', '2018-07-09 23:16:21', '2018-11-15 14:36:22');
INSERT INTO `users` (`id`, `first_name`, `last_name`, `email`, `phone`, `create_at`, `update_at`) VALUES (17, 'Hailey', 'Bergnaum', 'urempel@example.com', '1-545-313-3262', '2019-10-14 01:46:11', '2015-01-12 04:54:11');
INSERT INTO `users` (`id`, `first_name`, `last_name`, `email`, `phone`, `create_at`, `update_at`) VALUES (18, 'Reid', 'Bartoletti', 'royce.schroeder@example.org', '768-202-0613x125', '2019-10-22 18:48:30', '2011-07-15 13:06:10');
INSERT INTO `users` (`id`, `first_name`, `last_name`, `email`, `phone`, `create_at`, `update_at`) VALUES (19, 'Ike', 'O\'Kon', 'garret38@example.org', '1-239-943-5235', '2014-04-27 20:38:15', '2012-06-19 15:52:30');
INSERT INTO `users` (`id`, `first_name`, `last_name`, `email`, `phone`, `create_at`, `update_at`) VALUES (20, 'Gabrielle', 'Bradtke', 'gkihn@example.org', '(816)112-8104', '2015-10-29 03:21:28', '2019-06-29 01:52:48');
INSERT INTO `users` (`id`, `first_name`, `last_name`, `email`, `phone`, `create_at`, `update_at`) VALUES (21, 'Selena', 'Ryan', 'stanton.sid@example.net', '(394)261-6079', '2012-12-13 07:43:01', '2012-07-10 02:54:35');
INSERT INTO `users` (`id`, `first_name`, `last_name`, `email`, `phone`, `create_at`, `update_at`) VALUES (22, 'Brittany', 'Bartell', 'welch.ada@example.net', '1-554-471-4105x86379', '2014-11-06 14:07:14', '2016-03-14 04:04:05');
INSERT INTO `users` (`id`, `first_name`, `last_name`, `email`, `phone`, `create_at`, `update_at`) VALUES (23, 'Freda', 'Haag', 'sadie02@example.org', '(857)666-0635x2543', '2018-03-21 05:40:00', '2021-02-08 18:37:52');
INSERT INTO `users` (`id`, `first_name`, `last_name`, `email`, `phone`, `create_at`, `update_at`) VALUES (24, 'Gilberto', 'Kozey', 'wauer@example.net', '949.888.6852x974', '2016-09-14 12:50:09', '2017-09-04 19:44:41');
INSERT INTO `users` (`id`, `first_name`, `last_name`, `email`, `phone`, `create_at`, `update_at`) VALUES (25, 'Caleb', 'Jenkins', 'dannie28@example.com', '08284100414', '2017-10-30 19:48:11', '2013-08-01 15:16:37');
INSERT INTO `users` (`id`, `first_name`, `last_name`, `email`, `phone`, `create_at`, `update_at`) VALUES (26, 'Gerhard', 'Rosenbaum', 'ruby25@example.net', '239-400-2342x5014', '2020-06-12 22:44:39', '2012-01-17 01:58:30');
INSERT INTO `users` (`id`, `first_name`, `last_name`, `email`, `phone`, `create_at`, `update_at`) VALUES (27, 'Danielle', 'Lueilwitz', 'annetta.wehner@example.com', '(334)855-7319x221', '2020-12-16 12:28:39', '2013-04-09 23:04:08');
INSERT INTO `users` (`id`, `first_name`, `last_name`, `email`, `phone`, `create_at`, `update_at`) VALUES (28, 'Emery', 'West', 'mac68@example.com', '(183)260-6825x724', '2016-04-17 05:02:52', '2020-10-24 17:11:57');
INSERT INTO `users` (`id`, `first_name`, `last_name`, `email`, `phone`, `create_at`, `update_at`) VALUES (29, 'Alvena', 'Hayes', 'katrine.balistreri@example.net', '+77(6)9990614342', '2017-09-07 03:11:42', '2013-04-27 14:39:45');
INSERT INTO `users` (`id`, `first_name`, `last_name`, `email`, `phone`, `create_at`, `update_at`) VALUES (30, 'Lelia', 'Price', 'greinger@example.net', '02318944529', '2016-03-17 13:23:55', '2013-12-11 02:01:50');
INSERT INTO `users` (`id`, `first_name`, `last_name`, `email`, `phone`, `create_at`, `update_at`) VALUES (31, 'Raymond', 'Adams', 'jdicki@example.net', '(522)936-9900x3682', '2019-02-26 05:17:00', '2011-11-08 22:49:20');
INSERT INTO `users` (`id`, `first_name`, `last_name`, `email`, `phone`, `create_at`, `update_at`) VALUES (32, 'Jonathan', 'Terry', 'deja90@example.org', '1-862-050-2018x94418', '2013-01-04 00:12:00', '2019-05-17 12:05:35');
INSERT INTO `users` (`id`, `first_name`, `last_name`, `email`, `phone`, `create_at`, `update_at`) VALUES (33, 'Carrie', 'Labadie', 'barton.kristoffer@example.net', '(880)008-1965x9108', '2019-07-28 22:18:10', '2018-12-01 14:59:56');
INSERT INTO `users` (`id`, `first_name`, `last_name`, `email`, `phone`, `create_at`, `update_at`) VALUES (34, 'Erica', 'Baumbach', 'earline.paucek@example.org', '1-651-139-1771x515', '2020-01-26 16:56:09', '2020-06-17 05:33:29');
INSERT INTO `users` (`id`, `first_name`, `last_name`, `email`, `phone`, `create_at`, `update_at`) VALUES (35, 'Tatyana', 'Lueilwitz', 'stokes.javier@example.org', '1-459-513-5142x72777', '2018-04-13 04:24:48', '2013-04-22 15:55:29');
INSERT INTO `users` (`id`, `first_name`, `last_name`, `email`, `phone`, `create_at`, `update_at`) VALUES (36, 'Callie', 'McCullough', 'lisa47@example.org', '1-727-827-9618x020', '2020-07-20 05:02:43', '2019-11-21 08:07:20');
INSERT INTO `users` (`id`, `first_name`, `last_name`, `email`, `phone`, `create_at`, `update_at`) VALUES (37, 'Annie', 'Cole', 'price.kacey@example.com', '03059722122', '2016-11-01 14:28:52', '2014-09-21 17:05:57');
INSERT INTO `users` (`id`, `first_name`, `last_name`, `email`, `phone`, `create_at`, `update_at`) VALUES (38, 'Loren', 'D\'Amore', 'effertz.jeanette@example.net', '443-044-1505x46748', '2015-11-01 09:07:04', '2015-03-13 17:29:46');
INSERT INTO `users` (`id`, `first_name`, `last_name`, `email`, `phone`, `create_at`, `update_at`) VALUES (39, 'Nichole', 'Hilll', 'ike.bernhard@example.com', '224-189-9997x425', '2017-03-31 08:30:53', '2017-11-01 16:13:02');
INSERT INTO `users` (`id`, `first_name`, `last_name`, `email`, `phone`, `create_at`, `update_at`) VALUES (40, 'Nasir', 'Carroll', 'german09@example.org', '654.760.9909x61756', '2020-02-19 09:20:04', '2021-01-12 13:17:30');
INSERT INTO `users` (`id`, `first_name`, `last_name`, `email`, `phone`, `create_at`, `update_at`) VALUES (41, 'Vena', 'Cartwright', 'fmurray@example.com', '921.762.8623', '2014-06-11 00:09:04', '2019-09-28 00:57:31');
INSERT INTO `users` (`id`, `first_name`, `last_name`, `email`, `phone`, `create_at`, `update_at`) VALUES (42, 'Lempi', 'Ebert', 'juliana90@example.com', '1-095-335-0463x501', '2017-07-20 15:42:14', '2019-03-30 06:57:27');
INSERT INTO `users` (`id`, `first_name`, `last_name`, `email`, `phone`, `create_at`, `update_at`) VALUES (43, 'Lexie', 'Beer', 'johns.jordy@example.org', '1-659-409-7131x8549', '2015-11-26 04:22:41', '2016-01-11 01:10:06');
INSERT INTO `users` (`id`, `first_name`, `last_name`, `email`, `phone`, `create_at`, `update_at`) VALUES (44, 'Landen', 'Franecki', 'tgerhold@example.net', '779-669-5746x030', '2016-04-06 00:38:15', '2014-02-17 02:15:14');
INSERT INTO `users` (`id`, `first_name`, `last_name`, `email`, `phone`, `create_at`, `update_at`) VALUES (45, 'Isidro', 'Kub', 'vroob@example.org', '1-887-296-0788', '2013-09-18 04:25:35', '2011-06-06 06:33:00');
INSERT INTO `users` (`id`, `first_name`, `last_name`, `email`, `phone`, `create_at`, `update_at`) VALUES (46, 'Neoma', 'DuBuque', 'ashly31@example.org', '(291)914-2421x55688', '2018-09-23 07:36:06', '2019-11-20 14:06:45');
INSERT INTO `users` (`id`, `first_name`, `last_name`, `email`, `phone`, `create_at`, `update_at`) VALUES (47, 'Robb', 'Runolfsson', 'josie03@example.com', '(881)860-6582', '2018-03-11 17:40:08', '2013-05-08 14:22:59');
INSERT INTO `users` (`id`, `first_name`, `last_name`, `email`, `phone`, `create_at`, `update_at`) VALUES (48, 'Bette', 'Farrell', 'danyka.sauer@example.net', '(329)261-4222', '2018-04-08 04:51:11', '2016-11-09 22:08:44');
INSERT INTO `users` (`id`, `first_name`, `last_name`, `email`, `phone`, `create_at`, `update_at`) VALUES (49, 'Hallie', 'Hayes', 'abatz@example.com', '(768)346-4456', '2012-08-27 06:24:55', '2011-10-12 06:12:32');
INSERT INTO `users` (`id`, `first_name`, `last_name`, `email`, `phone`, `create_at`, `update_at`) VALUES (50, 'Theron', 'Ratke', 'clakin@example.org', '229.027.0132x8544', '2011-04-29 00:47:47', '2017-07-29 14:50:45');
INSERT INTO `users` (`id`, `first_name`, `last_name`, `email`, `phone`, `create_at`, `update_at`) VALUES (51, 'Amanda', 'Prohaska', 'ofahey@example.org', '(207)029-9605x86292', '2020-05-31 06:39:44', '2020-06-13 21:58:27');
INSERT INTO `users` (`id`, `first_name`, `last_name`, `email`, `phone`, `create_at`, `update_at`) VALUES (52, 'Marge', 'Lueilwitz', 'crodriguez@example.com', '837-722-9099', '2019-10-05 05:28:54', '2015-06-30 00:12:22');
INSERT INTO `users` (`id`, `first_name`, `last_name`, `email`, `phone`, `create_at`, `update_at`) VALUES (53, 'Dayton', 'Schroeder', 'koch.eldred@example.net', '1-498-617-0464x0685', '2019-02-07 05:03:29', '2014-01-09 01:10:36');
INSERT INTO `users` (`id`, `first_name`, `last_name`, `email`, `phone`, `create_at`, `update_at`) VALUES (54, 'Garfield', 'Jacobson', 'hodkiewicz.jose@example.org', '632.296.7561x01626', '2015-01-16 12:31:05', '2019-06-08 22:10:19');
INSERT INTO `users` (`id`, `first_name`, `last_name`, `email`, `phone`, `create_at`, `update_at`) VALUES (55, 'Junior', 'Marquardt', 'clyde43@example.org', '125.975.4259x4410', '2018-05-26 00:01:56', '2017-09-03 09:58:29');
INSERT INTO `users` (`id`, `first_name`, `last_name`, `email`, `phone`, `create_at`, `update_at`) VALUES (56, 'Terrill', 'Jaskolski', 'lkiehn@example.net', '1-738-739-6013', '2012-05-26 12:22:33', '2019-02-02 05:03:31');
INSERT INTO `users` (`id`, `first_name`, `last_name`, `email`, `phone`, `create_at`, `update_at`) VALUES (57, 'Antonietta', 'O\'Connell', 'dmraz@example.org', '1-830-396-2344x09171', '2020-03-02 00:29:06', '2015-03-04 22:23:50');
INSERT INTO `users` (`id`, `first_name`, `last_name`, `email`, `phone`, `create_at`, `update_at`) VALUES (58, 'Vern', 'Jerde', 'uthiel@example.net', '209-915-7690', '2013-10-12 18:29:04', '2015-04-19 22:40:46');
INSERT INTO `users` (`id`, `first_name`, `last_name`, `email`, `phone`, `create_at`, `update_at`) VALUES (59, 'Jeanne', 'Mraz', 'rowan72@example.org', '+07(5)9493719993', '2014-08-06 14:37:47', '2019-04-01 06:27:54');
INSERT INTO `users` (`id`, `first_name`, `last_name`, `email`, `phone`, `create_at`, `update_at`) VALUES (60, 'Nikki', 'Pfeffer', 'jermey.dooley@example.net', '695-355-6778', '2013-06-28 03:52:47', '2020-12-31 13:46:52');
INSERT INTO `users` (`id`, `first_name`, `last_name`, `email`, `phone`, `create_at`, `update_at`) VALUES (61, 'Ellis', 'Reichel', 'ariel.lang@example.org', '314.711.3615x20243', '2020-05-19 09:28:50', '2018-06-03 02:32:17');
INSERT INTO `users` (`id`, `first_name`, `last_name`, `email`, `phone`, `create_at`, `update_at`) VALUES (62, 'Sarina', 'Carroll', 'morissette.donato@example.net', '(852)660-3707x70375', '2017-02-14 04:07:55', '2020-09-29 04:59:17');
INSERT INTO `users` (`id`, `first_name`, `last_name`, `email`, `phone`, `create_at`, `update_at`) VALUES (63, 'Jeanne', 'Jaskolski', 'zella30@example.net', '800.550.5512x59612', '2017-08-21 13:54:09', '2011-12-23 19:19:51');
INSERT INTO `users` (`id`, `first_name`, `last_name`, `email`, `phone`, `create_at`, `update_at`) VALUES (64, 'Elian', 'Mohr', 'hschmidt@example.net', '(853)187-6811x93742', '2017-11-23 06:37:46', '2018-11-14 04:48:03');
INSERT INTO `users` (`id`, `first_name`, `last_name`, `email`, `phone`, `create_at`, `update_at`) VALUES (65, 'Chance', 'Johnson', 'robel.london@example.com', '176.372.8175x1907', '2020-11-14 04:49:34', '2018-01-07 04:37:03');
INSERT INTO `users` (`id`, `first_name`, `last_name`, `email`, `phone`, `create_at`, `update_at`) VALUES (66, 'Trycia', 'Bode', 'bernadette.buckridge@example.org', '1-295-806-5683', '2011-09-04 23:20:48', '2016-12-31 01:48:40');
INSERT INTO `users` (`id`, `first_name`, `last_name`, `email`, `phone`, `create_at`, `update_at`) VALUES (67, 'Lincoln', 'Wilkinson', 'bertha.treutel@example.com', '475-598-3681x573', '2018-11-02 07:42:25', '2017-12-17 14:11:34');
INSERT INTO `users` (`id`, `first_name`, `last_name`, `email`, `phone`, `create_at`, `update_at`) VALUES (68, 'Breanna', 'Crona', 'christy.bradtke@example.org', '1-693-212-8808', '2015-04-10 15:29:02', '2017-01-27 08:36:17');
INSERT INTO `users` (`id`, `first_name`, `last_name`, `email`, `phone`, `create_at`, `update_at`) VALUES (69, 'Dominique', 'Feest', 'reginald.fritsch@example.org', '820-415-6845', '2015-11-06 00:13:56', '2020-04-28 21:29:29');
INSERT INTO `users` (`id`, `first_name`, `last_name`, `email`, `phone`, `create_at`, `update_at`) VALUES (70, 'Adolf', 'Kshlerin', 'harvey.fahey@example.org', '(000)238-0212', '2014-04-07 04:28:48', '2016-09-20 05:09:52');
INSERT INTO `users` (`id`, `first_name`, `last_name`, `email`, `phone`, `create_at`, `update_at`) VALUES (71, 'Mabel', 'Kulas', 'wehner.anita@example.com', '1-171-508-8839x1366', '2014-11-16 06:05:51', '2018-03-05 10:04:42');
INSERT INTO `users` (`id`, `first_name`, `last_name`, `email`, `phone`, `create_at`, `update_at`) VALUES (72, 'Meta', 'Glover', 'virgie45@example.net', '314-062-9108', '2015-05-20 05:37:23', '2020-03-11 12:58:37');
INSERT INTO `users` (`id`, `first_name`, `last_name`, `email`, `phone`, `create_at`, `update_at`) VALUES (73, 'Carlie', 'Bartell', 'jillian.predovic@example.com', '400-665-4085x204', '2017-10-25 16:33:32', '2020-08-05 17:59:03');
INSERT INTO `users` (`id`, `first_name`, `last_name`, `email`, `phone`, `create_at`, `update_at`) VALUES (74, 'Zakary', 'Runolfsson', 'flo35@example.org', '1-372-282-3726', '2018-12-09 13:02:17', '2016-09-05 07:50:00');
INSERT INTO `users` (`id`, `first_name`, `last_name`, `email`, `phone`, `create_at`, `update_at`) VALUES (75, 'Domenick', 'Hane', 'xhagenes@example.net', '231.704.3757x546', '2015-07-13 05:33:26', '2021-01-21 06:17:56');
INSERT INTO `users` (`id`, `first_name`, `last_name`, `email`, `phone`, `create_at`, `update_at`) VALUES (76, 'Layla', 'Beier', 'heaney.brycen@example.com', '+14(6)5522699786', '2011-10-08 23:16:57', '2015-06-12 03:30:35');
INSERT INTO `users` (`id`, `first_name`, `last_name`, `email`, `phone`, `create_at`, `update_at`) VALUES (77, 'Noble', 'Lynch', 'kaitlyn.tromp@example.net', '+40(8)6337574712', '2012-10-02 10:46:02', '2018-01-02 19:43:41');
INSERT INTO `users` (`id`, `first_name`, `last_name`, `email`, `phone`, `create_at`, `update_at`) VALUES (78, 'Sylvester', 'Kling', 'faye.hoeger@example.com', '457-499-6847x0347', '2015-01-29 14:44:51', '2019-12-04 21:21:37');
INSERT INTO `users` (`id`, `first_name`, `last_name`, `email`, `phone`, `create_at`, `update_at`) VALUES (79, 'Prince', 'Leffler', 'wendy.steuber@example.net', '441.284.3194x746', '2019-09-30 12:20:35', '2019-10-04 09:51:43');
INSERT INTO `users` (`id`, `first_name`, `last_name`, `email`, `phone`, `create_at`, `update_at`) VALUES (80, 'Bulah', 'Dibbert', 'hadley19@example.com', '050.642.3296', '2019-06-03 17:24:46', '2013-02-08 08:51:33');
INSERT INTO `users` (`id`, `first_name`, `last_name`, `email`, `phone`, `create_at`, `update_at`) VALUES (81, 'Kadin', 'Pacocha', 'plubowitz@example.com', '+99(9)7640644231', '2020-02-18 05:36:40', '2017-07-11 23:20:59');
INSERT INTO `users` (`id`, `first_name`, `last_name`, `email`, `phone`, `create_at`, `update_at`) VALUES (82, 'Leslie', 'Blanda', 'cremin.reed@example.org', '1-643-546-5864', '2016-04-21 08:25:43', '2014-12-18 07:54:33');
INSERT INTO `users` (`id`, `first_name`, `last_name`, `email`, `phone`, `create_at`, `update_at`) VALUES (83, 'Esmeralda', 'Bogisich', 'rene46@example.org', '518-419-2432x68458', '2018-11-25 01:57:03', '2014-07-20 20:02:08');
INSERT INTO `users` (`id`, `first_name`, `last_name`, `email`, `phone`, `create_at`, `update_at`) VALUES (84, 'Trycia', 'Labadie', 'boehm.evert@example.com', '516.213.2409x9894', '2019-06-22 18:30:00', '2011-03-31 11:16:14');
INSERT INTO `users` (`id`, `first_name`, `last_name`, `email`, `phone`, `create_at`, `update_at`) VALUES (85, 'Boris', 'Reynolds', 'iemard@example.net', '372.755.0151', '2017-09-01 08:12:04', '2015-10-29 06:57:59');
INSERT INTO `users` (`id`, `first_name`, `last_name`, `email`, `phone`, `create_at`, `update_at`) VALUES (86, 'Clara', 'Bins', 'halvorson.payton@example.net', '573.892.9101', '2016-05-05 21:13:17', '2013-04-02 02:01:53');
INSERT INTO `users` (`id`, `first_name`, `last_name`, `email`, `phone`, `create_at`, `update_at`) VALUES (87, 'Christ', 'Wiza', 'tevin11@example.com', '298.769.1275', '2017-11-22 20:55:24', '2018-04-03 03:31:28');
INSERT INTO `users` (`id`, `first_name`, `last_name`, `email`, `phone`, `create_at`, `update_at`) VALUES (88, 'Abigail', 'Mosciski', 'allison.fritsch@example.com', '244.190.6397', '2011-05-17 19:50:07', '2018-12-27 19:54:54');
INSERT INTO `users` (`id`, `first_name`, `last_name`, `email`, `phone`, `create_at`, `update_at`) VALUES (89, 'Kayla', 'Hirthe', 'sklocko@example.com', '598-039-3126x065', '2018-09-18 01:44:00', '2017-07-17 22:00:20');
INSERT INTO `users` (`id`, `first_name`, `last_name`, `email`, `phone`, `create_at`, `update_at`) VALUES (90, 'Jerel', 'Williamson', 'macy.torp@example.net', '443-106-0986x21158', '2015-11-18 03:48:34', '2011-12-25 06:23:12');
INSERT INTO `users` (`id`, `first_name`, `last_name`, `email`, `phone`, `create_at`, `update_at`) VALUES (91, 'Stefanie', 'Bartell', 'jayden01@example.org', '1-853-471-1713x8799', '2013-02-15 14:49:27', '2013-05-21 22:21:30');
INSERT INTO `users` (`id`, `first_name`, `last_name`, `email`, `phone`, `create_at`, `update_at`) VALUES (92, 'Winnifred', 'Hermiston', 'bkirlin@example.net', '678-968-6205x54037', '2012-03-31 06:00:35', '2014-11-14 00:45:07');
INSERT INTO `users` (`id`, `first_name`, `last_name`, `email`, `phone`, `create_at`, `update_at`) VALUES (93, 'Rosalinda', 'Wisozk', 'ena.runolfsson@example.net', '(262)142-2256', '2011-05-18 16:38:02', '2016-07-16 03:04:20');
INSERT INTO `users` (`id`, `first_name`, `last_name`, `email`, `phone`, `create_at`, `update_at`) VALUES (94, 'Elijah', 'Jones', 'grady.verna@example.net', '033-837-5824', '2016-09-10 07:40:00', '2018-07-02 19:23:14');
INSERT INTO `users` (`id`, `first_name`, `last_name`, `email`, `phone`, `create_at`, `update_at`) VALUES (95, 'Adeline', 'Ortiz', 'johnston.myrtle@example.com', '232-829-9932x0616', '2020-02-04 04:10:06', '2016-05-24 16:28:40');
INSERT INTO `users` (`id`, `first_name`, `last_name`, `email`, `phone`, `create_at`, `update_at`) VALUES (96, 'Adela', 'Sporer', 'ecorkery@example.com', '(853)324-0515', '2017-05-18 11:29:07', '2014-06-07 19:52:34');
INSERT INTO `users` (`id`, `first_name`, `last_name`, `email`, `phone`, `create_at`, `update_at`) VALUES (97, 'Alverta', 'Durgan', 'schulist.caden@example.com', '362.692.1475x92736', '2011-05-15 04:03:09', '2011-05-17 12:20:39');
INSERT INTO `users` (`id`, `first_name`, `last_name`, `email`, `phone`, `create_at`, `update_at`) VALUES (98, 'Monroe', 'Bechtelar', 'maudie70@example.com', '(928)507-4915x708', '2018-03-21 02:42:02', '2013-03-09 09:46:51');
INSERT INTO `users` (`id`, `first_name`, `last_name`, `email`, `phone`, `create_at`, `update_at`) VALUES (99, 'Edgardo', 'McCullough', 'coty.kuphal@example.org', '271.015.8045x547', '2018-01-29 16:35:51', '2020-06-29 14:20:55');
INSERT INTO `users` (`id`, `first_name`, `last_name`, `email`, `phone`, `create_at`, `update_at`) VALUES (100, 'Kenyon', 'Labadie', 'jschroeder@example.com', '(192)447-5444x4170', '2015-06-25 13:18:44', '2019-07-16 15:28:04');
INSERT INTO `users` (`id`, `first_name`, `last_name`, `email`, `phone`, `create_at`, `update_at`) VALUES (101, 'Onie', 'Braun', 'stehr.aiyana@example.org', '08776214248', '2018-05-12 02:24:10', '2018-06-19 12:06:17');
INSERT INTO `users` (`id`, `first_name`, `last_name`, `email`, `phone`, `create_at`, `update_at`) VALUES (102, 'Delia', 'Ebert', 'skirlin@example.com', '859-948-8097x7288', '2019-05-02 16:15:53', '2014-09-05 13:33:17');
INSERT INTO `users` (`id`, `first_name`, `last_name`, `email`, `phone`, `create_at`, `update_at`) VALUES (103, 'Zetta', 'Schuppe', 'vandervort.helene@example.com', '248-739-3814x760', '2012-09-01 04:00:58', '2017-09-07 08:42:45');
INSERT INTO `users` (`id`, `first_name`, `last_name`, `email`, `phone`, `create_at`, `update_at`) VALUES (104, 'Lilian', 'Feil', 'hstreich@example.net', '766.640.2117', '2013-10-26 08:32:25', '2016-10-30 04:06:57');
INSERT INTO `users` (`id`, `first_name`, `last_name`, `email`, `phone`, `create_at`, `update_at`) VALUES (105, 'Josefa', 'Lebsack', 'okautzer@example.com', '782-140-9006', '2015-03-05 09:31:23', '2020-09-28 06:54:33');
INSERT INTO `users` (`id`, `first_name`, `last_name`, `email`, `phone`, `create_at`, `update_at`) VALUES (106, 'Pedro', 'Harris', 'pierce.blanda@example.org', '1-403-662-0481x914', '2019-01-22 08:30:43', '2019-10-23 12:45:44');
INSERT INTO `users` (`id`, `first_name`, `last_name`, `email`, `phone`, `create_at`, `update_at`) VALUES (107, 'Gilbert', 'Kovacek', 'kris96@example.net', '+13(4)0363815323', '2015-07-31 09:30:47', '2017-01-29 15:00:29');
INSERT INTO `users` (`id`, `first_name`, `last_name`, `email`, `phone`, `create_at`, `update_at`) VALUES (108, 'Stone', 'Greenholt', 'scotty.orn@example.net', '576.769.5016x2809', '2012-10-18 10:23:30', '2011-12-30 22:24:29');
INSERT INTO `users` (`id`, `first_name`, `last_name`, `email`, `phone`, `create_at`, `update_at`) VALUES (109, 'Kaylee', 'Oberbrunner', 'bergnaum.foster@example.com', '163.467.6450x828', '2011-11-07 05:52:43', '2015-01-09 22:01:53');
INSERT INTO `users` (`id`, `first_name`, `last_name`, `email`, `phone`, `create_at`, `update_at`) VALUES (110, 'Christy', 'Zulauf', 'soledad65@example.net', '(144)920-4460x484', '2019-10-19 11:52:38', '2015-07-15 08:55:52');
INSERT INTO `users` (`id`, `first_name`, `last_name`, `email`, `phone`, `create_at`, `update_at`) VALUES (111, 'Marcelino', 'Mraz', 'jgrimes@example.org', '+72(6)5033454723', '2013-01-05 07:45:13', '2011-06-23 13:49:48');
INSERT INTO `users` (`id`, `first_name`, `last_name`, `email`, `phone`, `create_at`, `update_at`) VALUES (112, 'Briana', 'Runolfsson', 'durgan.mohammad@example.org', '339-386-4333x98899', '2012-08-22 13:56:00', '2012-10-13 01:36:47');
INSERT INTO `users` (`id`, `first_name`, `last_name`, `email`, `phone`, `create_at`, `update_at`) VALUES (113, 'Pearline', 'Connelly', 'izabella46@example.com', '04142280781', '2015-12-12 00:44:04', '2013-09-22 05:15:21');
INSERT INTO `users` (`id`, `first_name`, `last_name`, `email`, `phone`, `create_at`, `update_at`) VALUES (114, 'Beulah', 'Treutel', 'willms.cassandre@example.com', '(259)504-2457x07654', '2019-06-01 11:29:55', '2019-05-24 04:49:56');
INSERT INTO `users` (`id`, `first_name`, `last_name`, `email`, `phone`, `create_at`, `update_at`) VALUES (115, 'Malika', 'Marvin', 'vkuphal@example.net', '+17(8)0216565959', '2019-01-13 04:41:27', '2019-03-28 00:22:01');
INSERT INTO `users` (`id`, `first_name`, `last_name`, `email`, `phone`, `create_at`, `update_at`) VALUES (116, 'Erick', 'Heller', 'toney.aufderhar@example.org', '791-734-7811', '2013-01-12 19:49:24', '2013-08-24 14:41:47');
INSERT INTO `users` (`id`, `first_name`, `last_name`, `email`, `phone`, `create_at`, `update_at`) VALUES (117, 'Terrell', 'Gibson', 'ubarrows@example.net', '(879)261-1477', '2020-09-20 02:22:23', '2012-01-31 22:58:35');
INSERT INTO `users` (`id`, `first_name`, `last_name`, `email`, `phone`, `create_at`, `update_at`) VALUES (118, 'Clyde', 'Carter', 'faustino23@example.net', '(818)523-6492', '2016-08-10 02:46:00', '2016-03-31 15:31:10');
INSERT INTO `users` (`id`, `first_name`, `last_name`, `email`, `phone`, `create_at`, `update_at`) VALUES (119, 'Otilia', 'Casper', 'kayla67@example.net', '(967)034-4208x655', '2017-12-04 12:50:25', '2013-11-21 02:51:51');
INSERT INTO `users` (`id`, `first_name`, `last_name`, `email`, `phone`, `create_at`, `update_at`) VALUES (120, 'Rod', 'Lubowitz', 'larry.weber@example.org', '(978)982-7912', '2019-10-09 14:00:51', '2011-11-09 18:50:27');
INSERT INTO `users` (`id`, `first_name`, `last_name`, `email`, `phone`, `create_at`, `update_at`) VALUES (121, 'Tiffany', 'Jacobs', 'justine.wunsch@example.net', '(077)817-0824x3452', '2015-04-08 22:40:13', '2018-10-09 01:21:28');
INSERT INTO `users` (`id`, `first_name`, `last_name`, `email`, `phone`, `create_at`, `update_at`) VALUES (122, 'Mary', 'Haley', 'mclaughlin.solon@example.org', '(482)324-9571x577', '2012-04-24 16:30:02', '2013-08-06 12:05:38');
INSERT INTO `users` (`id`, `first_name`, `last_name`, `email`, `phone`, `create_at`, `update_at`) VALUES (123, 'Shaylee', 'Harber', 'jbashirian@example.com', '1-230-859-0129x5331', '2017-07-06 07:44:54', '2020-06-13 18:25:19');
INSERT INTO `users` (`id`, `first_name`, `last_name`, `email`, `phone`, `create_at`, `update_at`) VALUES (124, 'Joe', 'Herzog', 'deichmann@example.org', '+09(9)4420346680', '2016-01-10 17:53:31', '2018-06-09 22:11:49');
INSERT INTO `users` (`id`, `first_name`, `last_name`, `email`, `phone`, `create_at`, `update_at`) VALUES (125, 'Delmer', 'Kuvalis', 'zoey68@example.net', '262.580.7075x1698', '2011-05-10 17:59:18', '2015-09-09 20:57:19');
INSERT INTO `users` (`id`, `first_name`, `last_name`, `email`, `phone`, `create_at`, `update_at`) VALUES (126, 'Addie', 'Stehr', 'zbrown@example.com', '1-274-363-8320', '2020-08-05 04:29:12', '2016-08-26 18:13:06');
INSERT INTO `users` (`id`, `first_name`, `last_name`, `email`, `phone`, `create_at`, `update_at`) VALUES (127, 'Delfina', 'Hilpert', 'osinski.garfield@example.com', '043-716-7851x5319', '2013-02-10 05:49:19', '2016-10-26 21:25:23');
INSERT INTO `users` (`id`, `first_name`, `last_name`, `email`, `phone`, `create_at`, `update_at`) VALUES (128, 'Hailie', 'Satterfield', 'kcrist@example.net', '00901251519', '2017-01-01 22:18:20', '2014-12-03 06:42:09');
INSERT INTO `users` (`id`, `first_name`, `last_name`, `email`, `phone`, `create_at`, `update_at`) VALUES (129, 'Therese', 'Yost', 'runte.ceasar@example.net', '241.088.7674x94031', '2013-07-02 22:45:09', '2014-08-13 01:44:25');
INSERT INTO `users` (`id`, `first_name`, `last_name`, `email`, `phone`, `create_at`, `update_at`) VALUES (130, 'Marjory', 'Haag', 'rlangworth@example.org', '712.810.1403x97376', '2011-05-14 14:25:35', '2014-01-09 12:10:51');
INSERT INTO `users` (`id`, `first_name`, `last_name`, `email`, `phone`, `create_at`, `update_at`) VALUES (131, 'Jennyfer', 'Jenkins', 'hboyer@example.net', '842-100-6566', '2021-02-09 14:52:59', '2013-07-29 14:54:44');
INSERT INTO `users` (`id`, `first_name`, `last_name`, `email`, `phone`, `create_at`, `update_at`) VALUES (132, 'Maurice', 'Cruickshank', 'yazmin68@example.org', '231.162.7397x686', '2018-06-30 17:51:34', '2015-01-08 20:18:40');
INSERT INTO `users` (`id`, `first_name`, `last_name`, `email`, `phone`, `create_at`, `update_at`) VALUES (133, 'Norris', 'Willms', 'ucassin@example.com', '143-342-4538x85313', '2020-12-09 21:16:10', '2018-12-01 20:18:54');
INSERT INTO `users` (`id`, `first_name`, `last_name`, `email`, `phone`, `create_at`, `update_at`) VALUES (134, 'Tyrel', 'Tromp', 'caitlyn.frami@example.com', '(107)217-0434', '2017-06-05 12:48:50', '2016-06-25 04:50:03');
INSERT INTO `users` (`id`, `first_name`, `last_name`, `email`, `phone`, `create_at`, `update_at`) VALUES (135, 'Brayan', 'McLaughlin', 'domenic.ortiz@example.com', '637-972-7740x40019', '2015-07-25 15:04:26', '2011-11-18 17:38:14');
INSERT INTO `users` (`id`, `first_name`, `last_name`, `email`, `phone`, `create_at`, `update_at`) VALUES (136, 'Kaleb', 'Medhurst', 'mark.daniel@example.org', '1-488-448-6835', '2019-03-07 16:26:01', '2019-01-10 07:22:19');
INSERT INTO `users` (`id`, `first_name`, `last_name`, `email`, `phone`, `create_at`, `update_at`) VALUES (137, 'Trudie', 'Weissnat', 'agoodwin@example.org', '732-037-3890x97474', '2013-06-13 05:09:54', '2016-05-12 16:38:09');
INSERT INTO `users` (`id`, `first_name`, `last_name`, `email`, `phone`, `create_at`, `update_at`) VALUES (138, 'Josephine', 'VonRueden', 'elaina18@example.net', '283-799-8725x78214', '2017-10-27 06:14:51', '2020-06-11 12:16:21');
INSERT INTO `users` (`id`, `first_name`, `last_name`, `email`, `phone`, `create_at`, `update_at`) VALUES (139, 'Nick', 'Lemke', 'wilderman.cordell@example.com', '(252)676-3584x18483', '2019-11-05 21:41:33', '2015-11-21 12:50:42');
INSERT INTO `users` (`id`, `first_name`, `last_name`, `email`, `phone`, `create_at`, `update_at`) VALUES (140, 'Kelsi', 'Wolff', 'justus25@example.org', '(709)037-0440', '2012-08-13 22:01:12', '2012-12-12 04:43:21');
INSERT INTO `users` (`id`, `first_name`, `last_name`, `email`, `phone`, `create_at`, `update_at`) VALUES (141, 'Tara', 'Abbott', 'eric40@example.org', '1-884-584-5406', '2016-03-06 20:16:40', '2019-03-30 17:28:10');
INSERT INTO `users` (`id`, `first_name`, `last_name`, `email`, `phone`, `create_at`, `update_at`) VALUES (142, 'Valentin', 'Hilll', 'vandervort.abigale@example.org', '(170)839-6255x049', '2018-06-02 13:29:17', '2015-04-28 09:05:17');
INSERT INTO `users` (`id`, `first_name`, `last_name`, `email`, `phone`, `create_at`, `update_at`) VALUES (143, 'Alessandra', 'Keeling', 'padberg.emmanuelle@example.net', '(766)576-1312', '2019-04-06 04:50:21', '2018-09-30 15:36:44');
INSERT INTO `users` (`id`, `first_name`, `last_name`, `email`, `phone`, `create_at`, `update_at`) VALUES (144, 'Marlin', 'Bashirian', 'schultz.alvah@example.net', '1-335-849-1281x6356', '2017-06-30 20:29:45', '2020-03-12 23:58:31');
INSERT INTO `users` (`id`, `first_name`, `last_name`, `email`, `phone`, `create_at`, `update_at`) VALUES (145, 'Asha', 'Grimes', 'brett99@example.org', '268-948-3587', '2012-07-28 21:31:50', '2018-06-22 01:45:26');
INSERT INTO `users` (`id`, `first_name`, `last_name`, `email`, `phone`, `create_at`, `update_at`) VALUES (146, 'Candice', 'Mayer', 'clarissa.bergstrom@example.org', '(017)234-1902x64719', '2012-12-20 01:50:59', '2019-04-20 07:40:39');
INSERT INTO `users` (`id`, `first_name`, `last_name`, `email`, `phone`, `create_at`, `update_at`) VALUES (147, 'Arno', 'Hoppe', 'tremaine.schowalter@example.net', '(784)540-9323', '2015-02-25 08:00:52', '2017-01-18 16:53:52');
INSERT INTO `users` (`id`, `first_name`, `last_name`, `email`, `phone`, `create_at`, `update_at`) VALUES (148, 'Filomena', 'Grady', 'gpouros@example.org', '1-009-100-2964x0863', '2011-09-21 09:21:22', '2016-01-27 00:25:40');
INSERT INTO `users` (`id`, `first_name`, `last_name`, `email`, `phone`, `create_at`, `update_at`) VALUES (149, 'Mara', 'Wintheiser', 'alverta61@example.org', '1-372-719-1477x53426', '2012-09-28 09:33:50', '2013-09-07 06:18:24');
INSERT INTO `users` (`id`, `first_name`, `last_name`, `email`, `phone`, `create_at`, `update_at`) VALUES (150, 'Kamren', 'Quigley', 'ykozey@example.com', '667-218-4430x64610', '2017-05-11 13:08:10', '2012-04-27 12:05:54');
INSERT INTO `users` (`id`, `first_name`, `last_name`, `email`, `phone`, `create_at`, `update_at`) VALUES (151, 'Kaleigh', 'Grady', 'thurman77@example.net', '1-895-119-3160x08858', '2012-04-09 10:20:06', '2017-09-07 14:06:42');
INSERT INTO `users` (`id`, `first_name`, `last_name`, `email`, `phone`, `create_at`, `update_at`) VALUES (152, 'Devon', 'Breitenberg', 'rodolfo.schmidt@example.org', '(899)142-8434', '2014-08-17 10:19:49', '2012-10-04 13:37:07');
INSERT INTO `users` (`id`, `first_name`, `last_name`, `email`, `phone`, `create_at`, `update_at`) VALUES (153, 'Cathryn', 'Rutherford', 'anastacio.daugherty@example.com', '513-444-2909', '2019-07-21 00:05:38', '2014-01-17 21:56:37');
INSERT INTO `users` (`id`, `first_name`, `last_name`, `email`, `phone`, `create_at`, `update_at`) VALUES (154, 'Aron', 'Emard', 'marcos22@example.net', '740-201-2308x12278', '2012-05-30 14:09:43', '2020-10-31 04:25:41');
INSERT INTO `users` (`id`, `first_name`, `last_name`, `email`, `phone`, `create_at`, `update_at`) VALUES (155, 'Kamryn', 'Fay', 'kailey.deckow@example.com', '(595)165-1578x2850', '2011-09-16 01:24:00', '2013-06-29 14:55:13');
INSERT INTO `users` (`id`, `first_name`, `last_name`, `email`, `phone`, `create_at`, `update_at`) VALUES (156, 'Amani', 'Bailey', 'delta74@example.com', '(502)461-4741x5226', '2012-01-25 07:33:29', '2015-10-25 18:07:28');
INSERT INTO `users` (`id`, `first_name`, `last_name`, `email`, `phone`, `create_at`, `update_at`) VALUES (157, 'Jalon', 'Runte', 'boehm.garry@example.net', '516-763-7696', '2019-09-27 16:39:01', '2019-07-23 03:16:31');
INSERT INTO `users` (`id`, `first_name`, `last_name`, `email`, `phone`, `create_at`, `update_at`) VALUES (158, 'Darren', 'Daugherty', 'ubahringer@example.com', '(302)348-5713x6674', '2012-02-27 10:40:37', '2020-03-05 14:43:01');
INSERT INTO `users` (`id`, `first_name`, `last_name`, `email`, `phone`, `create_at`, `update_at`) VALUES (159, 'Danyka', 'Veum', 'schuppe.eleanore@example.org', '01082800565', '2016-04-27 19:48:30', '2019-12-26 00:41:17');
INSERT INTO `users` (`id`, `first_name`, `last_name`, `email`, `phone`, `create_at`, `update_at`) VALUES (160, 'Jacey', 'Hartmann', 'addie.cummings@example.org', '07712717253', '2018-09-21 08:08:56', '2014-12-15 13:53:24');
INSERT INTO `users` (`id`, `first_name`, `last_name`, `email`, `phone`, `create_at`, `update_at`) VALUES (161, 'Lenna', 'Rath', 'magali.eichmann@example.net', '+33(1)5345777912', '2014-02-09 02:54:23', '2014-01-31 15:25:06');
INSERT INTO `users` (`id`, `first_name`, `last_name`, `email`, `phone`, `create_at`, `update_at`) VALUES (162, 'Magnus', 'Fahey', 'abshire.nasir@example.com', '381-706-2276', '2017-02-18 16:38:16', '2015-12-23 10:28:02');
INSERT INTO `users` (`id`, `first_name`, `last_name`, `email`, `phone`, `create_at`, `update_at`) VALUES (163, 'Leila', 'D\'Amore', 'bartoletti.isom@example.com', '384.466.3194x8644', '2018-01-15 20:55:18', '2015-12-14 18:26:06');
INSERT INTO `users` (`id`, `first_name`, `last_name`, `email`, `phone`, `create_at`, `update_at`) VALUES (164, 'Rowland', 'Becker', 'sipes.kiarra@example.com', '1-251-764-7328x631', '2016-12-24 03:32:29', '2015-02-06 02:25:03');
INSERT INTO `users` (`id`, `first_name`, `last_name`, `email`, `phone`, `create_at`, `update_at`) VALUES (165, 'Isac', 'Toy', 'mertz.roger@example.com', '1-120-667-2963', '2016-07-21 15:22:23', '2018-04-11 21:01:39');
INSERT INTO `users` (`id`, `first_name`, `last_name`, `email`, `phone`, `create_at`, `update_at`) VALUES (166, 'Brad', 'Wisozk', 'gay.walter@example.com', '1-127-821-2496x11223', '2015-11-24 20:48:35', '2011-11-14 02:25:02');
INSERT INTO `users` (`id`, `first_name`, `last_name`, `email`, `phone`, `create_at`, `update_at`) VALUES (167, 'Amina', 'Gleichner', 'charles.langosh@example.org', '789.706.1474', '2015-12-19 15:42:21', '2013-03-16 06:55:17');
INSERT INTO `users` (`id`, `first_name`, `last_name`, `email`, `phone`, `create_at`, `update_at`) VALUES (168, 'Eric', 'Bashirian', 'ojenkins@example.com', '(196)424-2337x21092', '2015-03-03 18:01:13', '2011-02-19 09:24:38');
INSERT INTO `users` (`id`, `first_name`, `last_name`, `email`, `phone`, `create_at`, `update_at`) VALUES (169, 'Francisca', 'Swaniawski', 'leland.runte@example.org', '532-270-8644x066', '2013-09-15 11:45:29', '2021-01-18 15:33:54');
INSERT INTO `users` (`id`, `first_name`, `last_name`, `email`, `phone`, `create_at`, `update_at`) VALUES (170, 'Rodolfo', 'Will', 'erdman.lucious@example.com', '(514)796-6748x0653', '2020-12-11 08:03:33', '2014-05-08 01:21:08');
INSERT INTO `users` (`id`, `first_name`, `last_name`, `email`, `phone`, `create_at`, `update_at`) VALUES (171, 'Filomena', 'Gulgowski', 'gleason.lon@example.net', '087.662.8179', '2011-02-24 08:37:09', '2015-08-20 16:25:16');
INSERT INTO `users` (`id`, `first_name`, `last_name`, `email`, `phone`, `create_at`, `update_at`) VALUES (172, 'Ross', 'Krajcik', 'xwaters@example.com', '09813741836', '2014-01-05 21:20:16', '2019-12-24 07:13:02');
INSERT INTO `users` (`id`, `first_name`, `last_name`, `email`, `phone`, `create_at`, `update_at`) VALUES (173, 'Frida', 'Eichmann', 'alford64@example.com', '+96(7)0349167758', '2015-09-15 08:20:36', '2018-09-26 00:49:53');
INSERT INTO `users` (`id`, `first_name`, `last_name`, `email`, `phone`, `create_at`, `update_at`) VALUES (174, 'Roscoe', 'Eichmann', 'javonte.balistreri@example.com', '272.617.3260', '2012-08-15 09:26:03', '2016-05-26 23:22:28');
INSERT INTO `users` (`id`, `first_name`, `last_name`, `email`, `phone`, `create_at`, `update_at`) VALUES (175, 'Jettie', 'Gerhold', 'sbartoletti@example.net', '544-555-5424x649', '2013-07-21 02:39:30', '2012-05-25 21:06:16');
INSERT INTO `users` (`id`, `first_name`, `last_name`, `email`, `phone`, `create_at`, `update_at`) VALUES (176, 'Amelie', 'Murphy', 'plesch@example.net', '140-433-6362x1318', '2018-10-12 13:14:50', '2019-09-30 13:18:16');
INSERT INTO `users` (`id`, `first_name`, `last_name`, `email`, `phone`, `create_at`, `update_at`) VALUES (177, 'Eino', 'Torphy', 'skrajcik@example.org', '056.579.3303x5786', '2015-01-15 06:55:49', '2013-01-02 05:34:57');
INSERT INTO `users` (`id`, `first_name`, `last_name`, `email`, `phone`, `create_at`, `update_at`) VALUES (178, 'Rhiannon', 'Lueilwitz', 'gislason.nichole@example.net', '(437)108-6374x89532', '2013-06-17 11:34:30', '2013-01-07 17:26:30');
INSERT INTO `users` (`id`, `first_name`, `last_name`, `email`, `phone`, `create_at`, `update_at`) VALUES (179, 'Jarrett', 'Bartell', 'rick.adams@example.org', '997-120-7265x2905', '2020-03-29 16:25:18', '2019-09-23 22:07:30');
INSERT INTO `users` (`id`, `first_name`, `last_name`, `email`, `phone`, `create_at`, `update_at`) VALUES (180, 'Henri', 'Bosco', 'mraz.francesco@example.net', '08465273746', '2015-10-25 16:59:47', '2016-01-17 18:21:00');
INSERT INTO `users` (`id`, `first_name`, `last_name`, `email`, `phone`, `create_at`, `update_at`) VALUES (181, 'Furman', 'Morissette', 'walker.jason@example.org', '930-466-3939x9661', '2011-05-26 05:09:23', '2012-09-09 03:41:36');
INSERT INTO `users` (`id`, `first_name`, `last_name`, `email`, `phone`, `create_at`, `update_at`) VALUES (182, 'Izaiah', 'Oberbrunner', 'rae.lubowitz@example.com', '786.343.5464', '2013-07-27 03:47:19', '2020-12-25 01:06:25');
INSERT INTO `users` (`id`, `first_name`, `last_name`, `email`, `phone`, `create_at`, `update_at`) VALUES (183, 'Isabelle', 'Turcotte', 'tianna10@example.net', '07649896093', '2013-08-26 05:15:30', '2015-09-27 13:41:45');
INSERT INTO `users` (`id`, `first_name`, `last_name`, `email`, `phone`, `create_at`, `update_at`) VALUES (184, 'Eino', 'Turcotte', 'fredrick.runolfsson@example.com', '1-436-568-6132', '2012-05-21 23:44:14', '2018-08-09 03:18:10');
INSERT INTO `users` (`id`, `first_name`, `last_name`, `email`, `phone`, `create_at`, `update_at`) VALUES (185, 'Alvera', 'Green', 'yrowe@example.com', '111.964.4158x5859', '2019-10-03 19:08:50', '2012-12-29 04:13:33');
INSERT INTO `users` (`id`, `first_name`, `last_name`, `email`, `phone`, `create_at`, `update_at`) VALUES (186, 'Ruben', 'Schaden', 'christy00@example.org', '071-067-7982', '2015-09-17 05:25:32', '2012-03-26 22:44:07');
INSERT INTO `users` (`id`, `first_name`, `last_name`, `email`, `phone`, `create_at`, `update_at`) VALUES (187, 'Carissa', 'Lemke', 'tyson31@example.com', '00711637737', '2017-03-04 13:56:44', '2011-05-28 08:57:54');
INSERT INTO `users` (`id`, `first_name`, `last_name`, `email`, `phone`, `create_at`, `update_at`) VALUES (188, 'Delaney', 'Terry', 'creilly@example.org', '+73(0)1939327516', '2013-12-18 09:16:37', '2013-11-23 04:40:37');
INSERT INTO `users` (`id`, `first_name`, `last_name`, `email`, `phone`, `create_at`, `update_at`) VALUES (189, 'Jettie', 'Hettinger', 'raynor.cassidy@example.net', '594.041.0701x97374', '2018-12-10 14:34:00', '2016-10-08 07:08:18');
INSERT INTO `users` (`id`, `first_name`, `last_name`, `email`, `phone`, `create_at`, `update_at`) VALUES (190, 'Aaliyah', 'Swaniawski', 'hodkiewicz.ena@example.org', '02006407253', '2017-10-01 01:04:07', '2013-01-13 19:57:03');
INSERT INTO `users` (`id`, `first_name`, `last_name`, `email`, `phone`, `create_at`, `update_at`) VALUES (191, 'Frederick', 'Lesch', 'deckow.elvera@example.com', '256.831.0024', '2020-01-28 20:54:08', '2013-02-17 05:25:11');
INSERT INTO `users` (`id`, `first_name`, `last_name`, `email`, `phone`, `create_at`, `update_at`) VALUES (192, 'Guy', 'Legros', 'gage.boyer@example.com', '1-921-088-0989x62845', '2019-02-14 15:06:54', '2012-11-30 21:57:02');
INSERT INTO `users` (`id`, `first_name`, `last_name`, `email`, `phone`, `create_at`, `update_at`) VALUES (193, 'Missouri', 'Mitchell', 'mparisian@example.org', '210-211-1901', '2020-02-17 01:43:00', '2014-11-08 15:16:32');
INSERT INTO `users` (`id`, `first_name`, `last_name`, `email`, `phone`, `create_at`, `update_at`) VALUES (194, 'Nestor', 'Schmeler', 'lilyan40@example.com', '1-168-315-4887x3451', '2012-11-02 05:34:41', '2011-11-24 14:49:54');
INSERT INTO `users` (`id`, `first_name`, `last_name`, `email`, `phone`, `create_at`, `update_at`) VALUES (195, 'Rosella', 'Schultz', 'wiza.wendell@example.org', '1-159-582-2776', '2017-11-22 05:21:41', '2011-11-19 02:39:40');
INSERT INTO `users` (`id`, `first_name`, `last_name`, `email`, `phone`, `create_at`, `update_at`) VALUES (196, 'Abdullah', 'Hodkiewicz', 'brandon.jones@example.com', '(886)275-5959x5956', '2020-08-16 17:36:29', '2014-10-10 18:11:11');
INSERT INTO `users` (`id`, `first_name`, `last_name`, `email`, `phone`, `create_at`, `update_at`) VALUES (197, 'Ottis', 'Cole', 'zechariah93@example.com', '1-604-559-6201', '2013-09-08 04:19:31', '2017-06-12 16:01:48');
INSERT INTO `users` (`id`, `first_name`, `last_name`, `email`, `phone`, `create_at`, `update_at`) VALUES (198, 'Jamaal', 'Collins', 'madalyn19@example.org', '663-761-4704x535', '2014-11-30 19:03:56', '2011-12-25 03:59:12');
INSERT INTO `users` (`id`, `first_name`, `last_name`, `email`, `phone`, `create_at`, `update_at`) VALUES (199, 'Thaddeus', 'Hessel', 'ernser.johnpaul@example.net', '1-317-695-0387x960', '2019-11-25 23:46:35', '2015-10-04 10:19:16');
INSERT INTO `users` (`id`, `first_name`, `last_name`, `email`, `phone`, `create_at`, `update_at`) VALUES (200, 'Julius', 'Friesen', 'felicita98@example.com', '1-109-827-8972x647', '2011-06-19 15:11:45', '2017-09-27 11:03:54');


#
# TABLE STRUCTURE FOR: users_like
#

DROP TABLE IF EXISTS `users_like`;

CREATE TABLE `users_like` (
  `id` int(10) unsigned NOT NULL AUTO_INCREMENT,
  `media_id` int(10) unsigned NOT NULL,
  `messages_id` int(10) unsigned NOT NULL,
  `users_id` int(10) unsigned NOT NULL,
  `like_id` int(10) unsigned NOT NULL,
  `created_at` datetime DEFAULT current_timestamp(),
  `updated_at` datetime DEFAULT current_timestamp() ON UPDATE current_timestamp(),
  PRIMARY KEY (`id`)
) ENGINE=InnoDB AUTO_INCREMENT=201 DEFAULT CHARSET=utf8mb4 COLLATE=utf8mb4_unicode_ci;

INSERT INTO `users_like` (`id`, `media_id`, `messages_id`, `users_id`, `like_id`, `created_at`, `updated_at`) VALUES (1, 53, 189, 52, 1, '2018-09-30 01:57:56', '2019-06-27 14:52:01');
INSERT INTO `users_like` (`id`, `media_id`, `messages_id`, `users_id`, `like_id`, `created_at`, `updated_at`) VALUES (2, 41, 158, 50, 2, '2018-07-17 04:28:26', '2020-03-10 09:28:03');
INSERT INTO `users_like` (`id`, `media_id`, `messages_id`, `users_id`, `like_id`, `created_at`, `updated_at`) VALUES (3, 64, 39, 132, 2, '2011-11-09 20:07:59', '2011-04-13 12:02:52');
INSERT INTO `users_like` (`id`, `media_id`, `messages_id`, `users_id`, `like_id`, `created_at`, `updated_at`) VALUES (4, 192, 183, 6, 2, '2017-09-22 16:02:23', '2012-02-21 08:31:19');
INSERT INTO `users_like` (`id`, `media_id`, `messages_id`, `users_id`, `like_id`, `created_at`, `updated_at`) VALUES (5, 57, 181, 57, 1, '2015-10-06 05:40:53', '2011-12-17 07:37:18');
INSERT INTO `users_like` (`id`, `media_id`, `messages_id`, `users_id`, `like_id`, `created_at`, `updated_at`) VALUES (6, 175, 136, 38, 2, '2011-09-01 22:24:49', '2013-08-23 22:29:00');
INSERT INTO `users_like` (`id`, `media_id`, `messages_id`, `users_id`, `like_id`, `created_at`, `updated_at`) VALUES (7, 51, 141, 198, 2, '2019-06-22 20:08:52', '2019-12-31 06:43:15');
INSERT INTO `users_like` (`id`, `media_id`, `messages_id`, `users_id`, `like_id`, `created_at`, `updated_at`) VALUES (8, 40, 70, 184, 1, '2018-02-12 19:31:12', '2017-03-28 09:51:22');
INSERT INTO `users_like` (`id`, `media_id`, `messages_id`, `users_id`, `like_id`, `created_at`, `updated_at`) VALUES (9, 45, 17, 198, 1, '2017-03-07 02:52:56', '2016-06-06 13:03:53');
INSERT INTO `users_like` (`id`, `media_id`, `messages_id`, `users_id`, `like_id`, `created_at`, `updated_at`) VALUES (10, 174, 76, 101, 2, '2018-05-02 00:37:19', '2015-02-15 14:16:00');
INSERT INTO `users_like` (`id`, `media_id`, `messages_id`, `users_id`, `like_id`, `created_at`, `updated_at`) VALUES (11, 128, 27, 160, 2, '2014-05-11 12:25:49', '2017-01-12 20:35:46');
INSERT INTO `users_like` (`id`, `media_id`, `messages_id`, `users_id`, `like_id`, `created_at`, `updated_at`) VALUES (12, 200, 76, 149, 1, '2015-04-19 22:08:22', '2014-11-22 09:48:04');
INSERT INTO `users_like` (`id`, `media_id`, `messages_id`, `users_id`, `like_id`, `created_at`, `updated_at`) VALUES (13, 41, 96, 86, 2, '2019-06-17 22:37:56', '2014-02-28 10:06:28');
INSERT INTO `users_like` (`id`, `media_id`, `messages_id`, `users_id`, `like_id`, `created_at`, `updated_at`) VALUES (14, 137, 146, 120, 2, '2011-12-19 11:35:07', '2011-03-25 01:36:13');
INSERT INTO `users_like` (`id`, `media_id`, `messages_id`, `users_id`, `like_id`, `created_at`, `updated_at`) VALUES (15, 12, 192, 88, 1, '2015-03-02 10:34:48', '2018-08-22 23:36:35');
INSERT INTO `users_like` (`id`, `media_id`, `messages_id`, `users_id`, `like_id`, `created_at`, `updated_at`) VALUES (16, 66, 147, 179, 1, '2018-12-27 11:32:01', '2011-10-31 08:24:42');
INSERT INTO `users_like` (`id`, `media_id`, `messages_id`, `users_id`, `like_id`, `created_at`, `updated_at`) VALUES (17, 90, 160, 46, 1, '2012-01-27 22:32:42', '2020-09-02 07:15:15');
INSERT INTO `users_like` (`id`, `media_id`, `messages_id`, `users_id`, `like_id`, `created_at`, `updated_at`) VALUES (18, 52, 56, 179, 2, '2019-04-03 04:35:25', '2016-02-17 16:52:02');
INSERT INTO `users_like` (`id`, `media_id`, `messages_id`, `users_id`, `like_id`, `created_at`, `updated_at`) VALUES (19, 190, 194, 176, 2, '2015-11-19 21:09:27', '2018-03-28 16:16:46');
INSERT INTO `users_like` (`id`, `media_id`, `messages_id`, `users_id`, `like_id`, `created_at`, `updated_at`) VALUES (20, 5, 198, 128, 2, '2013-07-01 10:57:45', '2012-07-23 11:06:37');
INSERT INTO `users_like` (`id`, `media_id`, `messages_id`, `users_id`, `like_id`, `created_at`, `updated_at`) VALUES (21, 34, 128, 6, 1, '2015-09-27 21:32:43', '2016-09-18 03:19:41');
INSERT INTO `users_like` (`id`, `media_id`, `messages_id`, `users_id`, `like_id`, `created_at`, `updated_at`) VALUES (22, 77, 142, 64, 1, '2020-01-14 18:11:16', '2016-04-26 03:58:21');
INSERT INTO `users_like` (`id`, `media_id`, `messages_id`, `users_id`, `like_id`, `created_at`, `updated_at`) VALUES (23, 126, 19, 90, 2, '2012-10-27 10:24:54', '2012-04-20 03:03:04');
INSERT INTO `users_like` (`id`, `media_id`, `messages_id`, `users_id`, `like_id`, `created_at`, `updated_at`) VALUES (24, 123, 200, 85, 2, '2019-12-08 18:34:49', '2013-02-14 15:00:10');
INSERT INTO `users_like` (`id`, `media_id`, `messages_id`, `users_id`, `like_id`, `created_at`, `updated_at`) VALUES (25, 45, 66, 75, 1, '2011-04-15 01:23:47', '2016-08-11 18:18:27');
INSERT INTO `users_like` (`id`, `media_id`, `messages_id`, `users_id`, `like_id`, `created_at`, `updated_at`) VALUES (26, 132, 117, 189, 1, '2015-10-23 13:11:53', '2017-08-22 15:57:00');
INSERT INTO `users_like` (`id`, `media_id`, `messages_id`, `users_id`, `like_id`, `created_at`, `updated_at`) VALUES (27, 93, 71, 200, 1, '2012-11-09 08:07:48', '2015-01-02 22:10:10');
INSERT INTO `users_like` (`id`, `media_id`, `messages_id`, `users_id`, `like_id`, `created_at`, `updated_at`) VALUES (28, 101, 72, 76, 1, '2013-02-25 18:28:47', '2013-08-31 08:42:43');
INSERT INTO `users_like` (`id`, `media_id`, `messages_id`, `users_id`, `like_id`, `created_at`, `updated_at`) VALUES (29, 74, 163, 7, 2, '2015-03-10 13:05:30', '2013-03-11 07:34:31');
INSERT INTO `users_like` (`id`, `media_id`, `messages_id`, `users_id`, `like_id`, `created_at`, `updated_at`) VALUES (30, 68, 59, 132, 2, '2016-05-01 13:35:42', '2011-11-07 08:08:27');
INSERT INTO `users_like` (`id`, `media_id`, `messages_id`, `users_id`, `like_id`, `created_at`, `updated_at`) VALUES (31, 200, 110, 200, 2, '2019-01-04 14:18:28', '2020-10-17 05:45:37');
INSERT INTO `users_like` (`id`, `media_id`, `messages_id`, `users_id`, `like_id`, `created_at`, `updated_at`) VALUES (32, 178, 146, 172, 1, '2014-03-06 11:07:59', '2018-07-24 13:11:27');
INSERT INTO `users_like` (`id`, `media_id`, `messages_id`, `users_id`, `like_id`, `created_at`, `updated_at`) VALUES (33, 189, 37, 141, 1, '2019-03-11 07:37:47', '2013-01-31 02:08:37');
INSERT INTO `users_like` (`id`, `media_id`, `messages_id`, `users_id`, `like_id`, `created_at`, `updated_at`) VALUES (34, 98, 67, 184, 1, '2020-10-07 20:14:59', '2017-11-03 09:25:12');
INSERT INTO `users_like` (`id`, `media_id`, `messages_id`, `users_id`, `like_id`, `created_at`, `updated_at`) VALUES (35, 48, 31, 31, 2, '2018-12-19 14:24:00', '2016-04-22 00:09:54');
INSERT INTO `users_like` (`id`, `media_id`, `messages_id`, `users_id`, `like_id`, `created_at`, `updated_at`) VALUES (36, 188, 198, 50, 1, '2016-01-18 04:19:47', '2017-02-27 12:04:49');
INSERT INTO `users_like` (`id`, `media_id`, `messages_id`, `users_id`, `like_id`, `created_at`, `updated_at`) VALUES (37, 169, 41, 123, 2, '2016-01-12 09:03:52', '2017-05-25 02:37:20');
INSERT INTO `users_like` (`id`, `media_id`, `messages_id`, `users_id`, `like_id`, `created_at`, `updated_at`) VALUES (38, 79, 31, 87, 2, '2014-02-16 13:35:32', '2020-07-04 22:41:05');
INSERT INTO `users_like` (`id`, `media_id`, `messages_id`, `users_id`, `like_id`, `created_at`, `updated_at`) VALUES (39, 124, 80, 82, 2, '2018-10-06 09:09:01', '2013-12-21 19:27:15');
INSERT INTO `users_like` (`id`, `media_id`, `messages_id`, `users_id`, `like_id`, `created_at`, `updated_at`) VALUES (40, 30, 48, 187, 1, '2013-09-16 18:21:47', '2017-07-21 23:32:55');
INSERT INTO `users_like` (`id`, `media_id`, `messages_id`, `users_id`, `like_id`, `created_at`, `updated_at`) VALUES (41, 129, 183, 74, 1, '2015-03-31 13:40:32', '2016-05-09 13:00:45');
INSERT INTO `users_like` (`id`, `media_id`, `messages_id`, `users_id`, `like_id`, `created_at`, `updated_at`) VALUES (42, 16, 77, 61, 2, '2015-02-24 17:13:59', '2012-07-06 03:57:22');
INSERT INTO `users_like` (`id`, `media_id`, `messages_id`, `users_id`, `like_id`, `created_at`, `updated_at`) VALUES (43, 193, 42, 112, 2, '2016-10-23 04:21:50', '2015-12-22 05:52:54');
INSERT INTO `users_like` (`id`, `media_id`, `messages_id`, `users_id`, `like_id`, `created_at`, `updated_at`) VALUES (44, 103, 31, 105, 2, '2012-01-11 05:23:34', '2015-03-19 00:54:43');
INSERT INTO `users_like` (`id`, `media_id`, `messages_id`, `users_id`, `like_id`, `created_at`, `updated_at`) VALUES (45, 74, 50, 7, 1, '2012-08-19 02:49:35', '2015-08-30 23:18:46');
INSERT INTO `users_like` (`id`, `media_id`, `messages_id`, `users_id`, `like_id`, `created_at`, `updated_at`) VALUES (46, 169, 51, 43, 1, '2015-12-18 16:46:27', '2019-10-21 01:33:50');
INSERT INTO `users_like` (`id`, `media_id`, `messages_id`, `users_id`, `like_id`, `created_at`, `updated_at`) VALUES (47, 53, 45, 164, 1, '2020-07-05 05:28:43', '2015-06-08 21:12:15');
INSERT INTO `users_like` (`id`, `media_id`, `messages_id`, `users_id`, `like_id`, `created_at`, `updated_at`) VALUES (48, 87, 178, 114, 2, '2016-06-19 09:05:13', '2016-07-21 17:35:29');
INSERT INTO `users_like` (`id`, `media_id`, `messages_id`, `users_id`, `like_id`, `created_at`, `updated_at`) VALUES (49, 116, 153, 193, 2, '2014-09-23 15:49:15', '2011-05-03 10:53:15');
INSERT INTO `users_like` (`id`, `media_id`, `messages_id`, `users_id`, `like_id`, `created_at`, `updated_at`) VALUES (50, 127, 165, 130, 1, '2013-01-09 17:50:06', '2016-10-23 15:41:37');
INSERT INTO `users_like` (`id`, `media_id`, `messages_id`, `users_id`, `like_id`, `created_at`, `updated_at`) VALUES (51, 121, 30, 194, 2, '2013-07-15 22:58:19', '2012-05-08 07:26:36');
INSERT INTO `users_like` (`id`, `media_id`, `messages_id`, `users_id`, `like_id`, `created_at`, `updated_at`) VALUES (52, 24, 86, 81, 1, '2015-05-25 06:25:20', '2018-04-21 17:03:51');
INSERT INTO `users_like` (`id`, `media_id`, `messages_id`, `users_id`, `like_id`, `created_at`, `updated_at`) VALUES (53, 15, 120, 136, 1, '2020-07-20 12:26:51', '2012-04-22 12:42:10');
INSERT INTO `users_like` (`id`, `media_id`, `messages_id`, `users_id`, `like_id`, `created_at`, `updated_at`) VALUES (54, 51, 165, 131, 1, '2011-05-24 16:00:23', '2014-03-15 08:41:04');
INSERT INTO `users_like` (`id`, `media_id`, `messages_id`, `users_id`, `like_id`, `created_at`, `updated_at`) VALUES (55, 200, 173, 134, 2, '2017-04-09 13:02:45', '2015-12-04 21:56:07');
INSERT INTO `users_like` (`id`, `media_id`, `messages_id`, `users_id`, `like_id`, `created_at`, `updated_at`) VALUES (56, 43, 188, 88, 1, '2015-12-08 04:50:34', '2017-10-12 13:38:56');
INSERT INTO `users_like` (`id`, `media_id`, `messages_id`, `users_id`, `like_id`, `created_at`, `updated_at`) VALUES (57, 148, 155, 189, 1, '2019-03-16 19:48:22', '2020-06-03 16:45:09');
INSERT INTO `users_like` (`id`, `media_id`, `messages_id`, `users_id`, `like_id`, `created_at`, `updated_at`) VALUES (58, 190, 11, 62, 1, '2016-06-20 20:57:19', '2014-10-29 08:12:21');
INSERT INTO `users_like` (`id`, `media_id`, `messages_id`, `users_id`, `like_id`, `created_at`, `updated_at`) VALUES (59, 103, 84, 90, 1, '2014-04-28 16:42:45', '2014-03-02 23:42:12');
INSERT INTO `users_like` (`id`, `media_id`, `messages_id`, `users_id`, `like_id`, `created_at`, `updated_at`) VALUES (60, 30, 30, 47, 1, '2020-01-04 06:25:10', '2013-03-07 22:30:06');
INSERT INTO `users_like` (`id`, `media_id`, `messages_id`, `users_id`, `like_id`, `created_at`, `updated_at`) VALUES (61, 177, 51, 42, 2, '2011-09-18 23:10:02', '2011-09-14 11:47:27');
INSERT INTO `users_like` (`id`, `media_id`, `messages_id`, `users_id`, `like_id`, `created_at`, `updated_at`) VALUES (62, 123, 145, 25, 1, '2013-07-10 11:23:17', '2012-03-31 03:49:23');
INSERT INTO `users_like` (`id`, `media_id`, `messages_id`, `users_id`, `like_id`, `created_at`, `updated_at`) VALUES (63, 165, 146, 97, 2, '2019-11-15 22:44:18', '2018-09-25 15:06:33');
INSERT INTO `users_like` (`id`, `media_id`, `messages_id`, `users_id`, `like_id`, `created_at`, `updated_at`) VALUES (64, 35, 79, 53, 1, '2012-07-08 22:22:17', '2019-03-18 09:24:32');
INSERT INTO `users_like` (`id`, `media_id`, `messages_id`, `users_id`, `like_id`, `created_at`, `updated_at`) VALUES (65, 1, 82, 180, 1, '2016-10-02 04:35:14', '2020-10-08 21:13:27');
INSERT INTO `users_like` (`id`, `media_id`, `messages_id`, `users_id`, `like_id`, `created_at`, `updated_at`) VALUES (66, 46, 25, 133, 1, '2017-01-24 21:38:45', '2017-03-10 05:25:23');
INSERT INTO `users_like` (`id`, `media_id`, `messages_id`, `users_id`, `like_id`, `created_at`, `updated_at`) VALUES (67, 33, 69, 138, 1, '2014-12-12 22:40:53', '2018-07-16 17:02:06');
INSERT INTO `users_like` (`id`, `media_id`, `messages_id`, `users_id`, `like_id`, `created_at`, `updated_at`) VALUES (68, 16, 200, 122, 1, '2018-08-20 22:52:40', '2016-11-06 11:32:26');
INSERT INTO `users_like` (`id`, `media_id`, `messages_id`, `users_id`, `like_id`, `created_at`, `updated_at`) VALUES (69, 151, 89, 198, 1, '2013-01-02 14:09:54', '2019-02-01 19:46:29');
INSERT INTO `users_like` (`id`, `media_id`, `messages_id`, `users_id`, `like_id`, `created_at`, `updated_at`) VALUES (70, 137, 72, 149, 2, '2013-08-12 04:53:06', '2011-08-19 10:44:49');
INSERT INTO `users_like` (`id`, `media_id`, `messages_id`, `users_id`, `like_id`, `created_at`, `updated_at`) VALUES (71, 150, 84, 24, 1, '2015-02-21 04:09:38', '2014-10-02 12:32:27');
INSERT INTO `users_like` (`id`, `media_id`, `messages_id`, `users_id`, `like_id`, `created_at`, `updated_at`) VALUES (72, 25, 129, 3, 1, '2016-03-10 04:25:34', '2016-08-04 00:32:13');
INSERT INTO `users_like` (`id`, `media_id`, `messages_id`, `users_id`, `like_id`, `created_at`, `updated_at`) VALUES (73, 115, 132, 164, 2, '2012-11-11 00:43:30', '2012-01-07 15:01:51');
INSERT INTO `users_like` (`id`, `media_id`, `messages_id`, `users_id`, `like_id`, `created_at`, `updated_at`) VALUES (74, 163, 34, 100, 1, '2015-11-07 21:15:07', '2019-02-10 15:06:34');
INSERT INTO `users_like` (`id`, `media_id`, `messages_id`, `users_id`, `like_id`, `created_at`, `updated_at`) VALUES (75, 99, 42, 33, 1, '2015-01-31 02:46:01', '2011-06-26 20:15:09');
INSERT INTO `users_like` (`id`, `media_id`, `messages_id`, `users_id`, `like_id`, `created_at`, `updated_at`) VALUES (76, 187, 39, 108, 1, '2011-11-10 22:28:45', '2015-11-19 21:27:51');
INSERT INTO `users_like` (`id`, `media_id`, `messages_id`, `users_id`, `like_id`, `created_at`, `updated_at`) VALUES (77, 21, 112, 177, 1, '2016-11-05 05:01:32', '2018-01-21 23:47:53');
INSERT INTO `users_like` (`id`, `media_id`, `messages_id`, `users_id`, `like_id`, `created_at`, `updated_at`) VALUES (78, 137, 103, 99, 2, '2014-11-03 23:16:32', '2016-06-02 14:54:48');
INSERT INTO `users_like` (`id`, `media_id`, `messages_id`, `users_id`, `like_id`, `created_at`, `updated_at`) VALUES (79, 180, 182, 167, 1, '2018-08-19 16:06:31', '2016-08-20 11:14:28');
INSERT INTO `users_like` (`id`, `media_id`, `messages_id`, `users_id`, `like_id`, `created_at`, `updated_at`) VALUES (80, 161, 146, 33, 1, '2019-10-02 20:33:54', '2011-08-25 10:12:40');
INSERT INTO `users_like` (`id`, `media_id`, `messages_id`, `users_id`, `like_id`, `created_at`, `updated_at`) VALUES (81, 5, 164, 46, 2, '2018-09-13 11:19:46', '2021-01-09 19:44:20');
INSERT INTO `users_like` (`id`, `media_id`, `messages_id`, `users_id`, `like_id`, `created_at`, `updated_at`) VALUES (82, 140, 75, 78, 1, '2011-06-02 13:13:54', '2012-12-24 13:32:40');
INSERT INTO `users_like` (`id`, `media_id`, `messages_id`, `users_id`, `like_id`, `created_at`, `updated_at`) VALUES (83, 67, 182, 40, 2, '2015-11-15 14:18:21', '2018-08-19 01:49:27');
INSERT INTO `users_like` (`id`, `media_id`, `messages_id`, `users_id`, `like_id`, `created_at`, `updated_at`) VALUES (84, 163, 81, 1, 2, '2018-05-02 21:46:15', '2018-06-30 08:45:41');
INSERT INTO `users_like` (`id`, `media_id`, `messages_id`, `users_id`, `like_id`, `created_at`, `updated_at`) VALUES (85, 64, 197, 186, 2, '2015-08-04 11:29:26', '2017-07-01 16:07:46');
INSERT INTO `users_like` (`id`, `media_id`, `messages_id`, `users_id`, `like_id`, `created_at`, `updated_at`) VALUES (86, 128, 50, 22, 1, '2016-08-28 01:23:58', '2019-08-02 09:10:35');
INSERT INTO `users_like` (`id`, `media_id`, `messages_id`, `users_id`, `like_id`, `created_at`, `updated_at`) VALUES (87, 9, 67, 171, 2, '2016-06-22 20:27:12', '2018-09-26 14:37:18');
INSERT INTO `users_like` (`id`, `media_id`, `messages_id`, `users_id`, `like_id`, `created_at`, `updated_at`) VALUES (88, 181, 110, 132, 1, '2012-07-25 08:59:29', '2021-01-01 06:21:38');
INSERT INTO `users_like` (`id`, `media_id`, `messages_id`, `users_id`, `like_id`, `created_at`, `updated_at`) VALUES (89, 30, 2, 30, 2, '2012-08-20 16:00:12', '2017-01-12 17:21:02');
INSERT INTO `users_like` (`id`, `media_id`, `messages_id`, `users_id`, `like_id`, `created_at`, `updated_at`) VALUES (90, 33, 62, 65, 2, '2014-12-08 12:17:45', '2013-01-01 05:09:15');
INSERT INTO `users_like` (`id`, `media_id`, `messages_id`, `users_id`, `like_id`, `created_at`, `updated_at`) VALUES (91, 178, 2, 109, 1, '2020-12-30 23:31:51', '2014-11-26 23:36:37');
INSERT INTO `users_like` (`id`, `media_id`, `messages_id`, `users_id`, `like_id`, `created_at`, `updated_at`) VALUES (92, 200, 181, 123, 1, '2011-07-12 05:01:50', '2020-12-03 19:32:58');
INSERT INTO `users_like` (`id`, `media_id`, `messages_id`, `users_id`, `like_id`, `created_at`, `updated_at`) VALUES (93, 186, 143, 108, 2, '2016-06-21 05:21:05', '2014-09-02 15:55:11');
INSERT INTO `users_like` (`id`, `media_id`, `messages_id`, `users_id`, `like_id`, `created_at`, `updated_at`) VALUES (94, 48, 13, 7, 1, '2017-06-26 23:05:09', '2012-06-14 02:31:49');
INSERT INTO `users_like` (`id`, `media_id`, `messages_id`, `users_id`, `like_id`, `created_at`, `updated_at`) VALUES (95, 149, 17, 63, 2, '2011-04-03 09:20:28', '2015-08-16 03:22:02');
INSERT INTO `users_like` (`id`, `media_id`, `messages_id`, `users_id`, `like_id`, `created_at`, `updated_at`) VALUES (96, 63, 13, 200, 1, '2016-11-13 14:28:11', '2014-04-20 16:38:15');
INSERT INTO `users_like` (`id`, `media_id`, `messages_id`, `users_id`, `like_id`, `created_at`, `updated_at`) VALUES (97, 152, 91, 14, 2, '2019-06-30 13:02:06', '2015-10-12 04:43:29');
INSERT INTO `users_like` (`id`, `media_id`, `messages_id`, `users_id`, `like_id`, `created_at`, `updated_at`) VALUES (98, 107, 68, 150, 2, '2020-08-27 22:21:57', '2019-02-14 05:22:02');
INSERT INTO `users_like` (`id`, `media_id`, `messages_id`, `users_id`, `like_id`, `created_at`, `updated_at`) VALUES (99, 70, 33, 80, 1, '2016-07-15 10:46:43', '2014-05-04 10:14:58');
INSERT INTO `users_like` (`id`, `media_id`, `messages_id`, `users_id`, `like_id`, `created_at`, `updated_at`) VALUES (100, 11, 5, 120, 1, '2015-06-05 20:18:23', '2016-10-01 09:33:16');
INSERT INTO `users_like` (`id`, `media_id`, `messages_id`, `users_id`, `like_id`, `created_at`, `updated_at`) VALUES (101, 189, 63, 127, 2, '2011-06-28 21:08:35', '2014-08-31 14:31:48');
INSERT INTO `users_like` (`id`, `media_id`, `messages_id`, `users_id`, `like_id`, `created_at`, `updated_at`) VALUES (102, 182, 195, 7, 2, '2016-05-06 13:31:51', '2016-03-20 00:40:16');
INSERT INTO `users_like` (`id`, `media_id`, `messages_id`, `users_id`, `like_id`, `created_at`, `updated_at`) VALUES (103, 101, 37, 60, 1, '2017-01-18 01:50:15', '2013-11-25 21:15:22');
INSERT INTO `users_like` (`id`, `media_id`, `messages_id`, `users_id`, `like_id`, `created_at`, `updated_at`) VALUES (104, 51, 148, 115, 1, '2016-07-03 16:30:35', '2013-10-28 16:37:02');
INSERT INTO `users_like` (`id`, `media_id`, `messages_id`, `users_id`, `like_id`, `created_at`, `updated_at`) VALUES (105, 18, 124, 125, 2, '2013-01-31 20:40:44', '2015-11-08 10:16:30');
INSERT INTO `users_like` (`id`, `media_id`, `messages_id`, `users_id`, `like_id`, `created_at`, `updated_at`) VALUES (106, 177, 80, 52, 1, '2012-05-17 06:01:27', '2015-07-31 02:24:18');
INSERT INTO `users_like` (`id`, `media_id`, `messages_id`, `users_id`, `like_id`, `created_at`, `updated_at`) VALUES (107, 130, 4, 119, 2, '2020-06-20 07:06:42', '2017-06-12 10:41:45');
INSERT INTO `users_like` (`id`, `media_id`, `messages_id`, `users_id`, `like_id`, `created_at`, `updated_at`) VALUES (108, 53, 188, 27, 2, '2020-06-01 12:45:48', '2013-12-08 21:38:43');
INSERT INTO `users_like` (`id`, `media_id`, `messages_id`, `users_id`, `like_id`, `created_at`, `updated_at`) VALUES (109, 124, 3, 173, 2, '2011-05-09 21:38:36', '2019-05-13 00:43:51');
INSERT INTO `users_like` (`id`, `media_id`, `messages_id`, `users_id`, `like_id`, `created_at`, `updated_at`) VALUES (110, 96, 120, 153, 2, '2015-03-25 23:55:31', '2014-05-01 04:51:09');
INSERT INTO `users_like` (`id`, `media_id`, `messages_id`, `users_id`, `like_id`, `created_at`, `updated_at`) VALUES (111, 164, 73, 184, 1, '2011-04-09 04:56:25', '2013-05-13 15:30:59');
INSERT INTO `users_like` (`id`, `media_id`, `messages_id`, `users_id`, `like_id`, `created_at`, `updated_at`) VALUES (112, 29, 123, 49, 2, '2011-12-06 23:01:12', '2011-08-15 15:02:21');
INSERT INTO `users_like` (`id`, `media_id`, `messages_id`, `users_id`, `like_id`, `created_at`, `updated_at`) VALUES (113, 153, 14, 187, 1, '2011-10-18 09:00:47', '2012-02-05 00:16:38');
INSERT INTO `users_like` (`id`, `media_id`, `messages_id`, `users_id`, `like_id`, `created_at`, `updated_at`) VALUES (114, 173, 25, 161, 2, '2019-09-03 01:36:46', '2016-09-18 12:37:58');
INSERT INTO `users_like` (`id`, `media_id`, `messages_id`, `users_id`, `like_id`, `created_at`, `updated_at`) VALUES (115, 89, 65, 188, 1, '2018-09-12 13:22:00', '2011-08-15 21:05:20');
INSERT INTO `users_like` (`id`, `media_id`, `messages_id`, `users_id`, `like_id`, `created_at`, `updated_at`) VALUES (116, 98, 8, 23, 2, '2020-10-12 14:05:03', '2019-04-05 09:44:29');
INSERT INTO `users_like` (`id`, `media_id`, `messages_id`, `users_id`, `like_id`, `created_at`, `updated_at`) VALUES (117, 58, 68, 153, 1, '2015-11-08 08:06:40', '2011-09-07 01:34:49');
INSERT INTO `users_like` (`id`, `media_id`, `messages_id`, `users_id`, `like_id`, `created_at`, `updated_at`) VALUES (118, 82, 105, 58, 2, '2013-04-24 18:55:45', '2014-12-15 22:22:28');
INSERT INTO `users_like` (`id`, `media_id`, `messages_id`, `users_id`, `like_id`, `created_at`, `updated_at`) VALUES (119, 85, 123, 89, 1, '2011-12-17 05:34:57', '2015-06-08 20:03:17');
INSERT INTO `users_like` (`id`, `media_id`, `messages_id`, `users_id`, `like_id`, `created_at`, `updated_at`) VALUES (120, 138, 130, 67, 1, '2015-04-17 21:16:03', '2018-05-04 08:15:53');
INSERT INTO `users_like` (`id`, `media_id`, `messages_id`, `users_id`, `like_id`, `created_at`, `updated_at`) VALUES (121, 132, 5, 62, 2, '2012-12-24 22:44:10', '2015-09-19 09:38:07');
INSERT INTO `users_like` (`id`, `media_id`, `messages_id`, `users_id`, `like_id`, `created_at`, `updated_at`) VALUES (122, 68, 66, 185, 1, '2017-06-29 20:08:36', '2019-10-27 15:01:32');
INSERT INTO `users_like` (`id`, `media_id`, `messages_id`, `users_id`, `like_id`, `created_at`, `updated_at`) VALUES (123, 106, 75, 168, 1, '2012-06-06 15:15:40', '2015-09-21 23:38:58');
INSERT INTO `users_like` (`id`, `media_id`, `messages_id`, `users_id`, `like_id`, `created_at`, `updated_at`) VALUES (124, 40, 158, 3, 2, '2019-07-13 10:10:03', '2020-08-26 23:46:40');
INSERT INTO `users_like` (`id`, `media_id`, `messages_id`, `users_id`, `like_id`, `created_at`, `updated_at`) VALUES (125, 61, 92, 172, 2, '2020-09-30 01:22:54', '2013-02-23 10:05:35');
INSERT INTO `users_like` (`id`, `media_id`, `messages_id`, `users_id`, `like_id`, `created_at`, `updated_at`) VALUES (126, 24, 195, 194, 1, '2020-09-24 12:54:19', '2017-08-16 12:41:06');
INSERT INTO `users_like` (`id`, `media_id`, `messages_id`, `users_id`, `like_id`, `created_at`, `updated_at`) VALUES (127, 6, 34, 129, 2, '2016-11-11 14:05:51', '2020-04-21 03:28:57');
INSERT INTO `users_like` (`id`, `media_id`, `messages_id`, `users_id`, `like_id`, `created_at`, `updated_at`) VALUES (128, 117, 88, 15, 2, '2013-02-18 06:46:50', '2020-01-27 00:54:40');
INSERT INTO `users_like` (`id`, `media_id`, `messages_id`, `users_id`, `like_id`, `created_at`, `updated_at`) VALUES (129, 41, 82, 7, 1, '2017-10-15 14:35:56', '2016-06-20 23:47:18');
INSERT INTO `users_like` (`id`, `media_id`, `messages_id`, `users_id`, `like_id`, `created_at`, `updated_at`) VALUES (130, 63, 63, 170, 2, '2015-02-26 01:14:20', '2018-12-28 15:36:12');
INSERT INTO `users_like` (`id`, `media_id`, `messages_id`, `users_id`, `like_id`, `created_at`, `updated_at`) VALUES (131, 119, 127, 165, 2, '2015-04-24 06:00:12', '2011-03-19 01:51:30');
INSERT INTO `users_like` (`id`, `media_id`, `messages_id`, `users_id`, `like_id`, `created_at`, `updated_at`) VALUES (132, 132, 66, 149, 2, '2018-03-31 16:12:27', '2018-04-21 17:24:36');
INSERT INTO `users_like` (`id`, `media_id`, `messages_id`, `users_id`, `like_id`, `created_at`, `updated_at`) VALUES (133, 136, 49, 24, 2, '2013-03-19 13:34:51', '2011-05-01 01:07:41');
INSERT INTO `users_like` (`id`, `media_id`, `messages_id`, `users_id`, `like_id`, `created_at`, `updated_at`) VALUES (134, 3, 115, 194, 2, '2020-12-27 03:38:23', '2016-04-10 02:11:51');
INSERT INTO `users_like` (`id`, `media_id`, `messages_id`, `users_id`, `like_id`, `created_at`, `updated_at`) VALUES (135, 189, 17, 30, 2, '2016-11-14 05:50:43', '2016-03-14 23:10:49');
INSERT INTO `users_like` (`id`, `media_id`, `messages_id`, `users_id`, `like_id`, `created_at`, `updated_at`) VALUES (136, 24, 139, 184, 2, '2015-07-20 21:14:30', '2014-03-08 23:36:38');
INSERT INTO `users_like` (`id`, `media_id`, `messages_id`, `users_id`, `like_id`, `created_at`, `updated_at`) VALUES (137, 122, 77, 91, 2, '2015-05-01 20:35:21', '2018-12-20 23:20:18');
INSERT INTO `users_like` (`id`, `media_id`, `messages_id`, `users_id`, `like_id`, `created_at`, `updated_at`) VALUES (138, 97, 78, 61, 1, '2016-12-08 08:55:10', '2013-01-08 05:42:56');
INSERT INTO `users_like` (`id`, `media_id`, `messages_id`, `users_id`, `like_id`, `created_at`, `updated_at`) VALUES (139, 84, 14, 23, 2, '2019-07-19 08:24:59', '2013-06-20 21:23:44');
INSERT INTO `users_like` (`id`, `media_id`, `messages_id`, `users_id`, `like_id`, `created_at`, `updated_at`) VALUES (140, 79, 28, 1, 2, '2014-12-21 12:50:46', '2015-04-28 00:10:41');
INSERT INTO `users_like` (`id`, `media_id`, `messages_id`, `users_id`, `like_id`, `created_at`, `updated_at`) VALUES (141, 145, 176, 43, 2, '2015-01-23 20:09:47', '2017-11-09 21:21:31');
INSERT INTO `users_like` (`id`, `media_id`, `messages_id`, `users_id`, `like_id`, `created_at`, `updated_at`) VALUES (142, 3, 46, 71, 1, '2011-11-18 19:32:08', '2017-04-03 03:40:14');
INSERT INTO `users_like` (`id`, `media_id`, `messages_id`, `users_id`, `like_id`, `created_at`, `updated_at`) VALUES (143, 36, 43, 41, 2, '2013-12-13 12:19:51', '2012-06-26 16:59:23');
INSERT INTO `users_like` (`id`, `media_id`, `messages_id`, `users_id`, `like_id`, `created_at`, `updated_at`) VALUES (144, 71, 41, 177, 1, '2014-06-23 14:31:35', '2011-06-30 23:25:21');
INSERT INTO `users_like` (`id`, `media_id`, `messages_id`, `users_id`, `like_id`, `created_at`, `updated_at`) VALUES (145, 138, 134, 30, 1, '2016-05-09 10:32:47', '2019-04-09 07:04:03');
INSERT INTO `users_like` (`id`, `media_id`, `messages_id`, `users_id`, `like_id`, `created_at`, `updated_at`) VALUES (146, 61, 50, 67, 2, '2017-08-01 11:18:30', '2015-12-14 13:42:19');
INSERT INTO `users_like` (`id`, `media_id`, `messages_id`, `users_id`, `like_id`, `created_at`, `updated_at`) VALUES (147, 113, 73, 12, 2, '2020-11-05 05:25:02', '2021-01-28 19:03:40');
INSERT INTO `users_like` (`id`, `media_id`, `messages_id`, `users_id`, `like_id`, `created_at`, `updated_at`) VALUES (148, 167, 142, 192, 2, '2018-08-21 01:00:11', '2013-03-21 07:42:10');
INSERT INTO `users_like` (`id`, `media_id`, `messages_id`, `users_id`, `like_id`, `created_at`, `updated_at`) VALUES (149, 104, 182, 74, 1, '2020-03-14 17:53:54', '2017-06-05 05:43:19');
INSERT INTO `users_like` (`id`, `media_id`, `messages_id`, `users_id`, `like_id`, `created_at`, `updated_at`) VALUES (150, 141, 22, 47, 2, '2017-03-30 19:45:14', '2015-03-28 19:43:12');
INSERT INTO `users_like` (`id`, `media_id`, `messages_id`, `users_id`, `like_id`, `created_at`, `updated_at`) VALUES (151, 168, 72, 142, 2, '2019-01-08 21:50:00', '2013-01-24 02:28:32');
INSERT INTO `users_like` (`id`, `media_id`, `messages_id`, `users_id`, `like_id`, `created_at`, `updated_at`) VALUES (152, 162, 178, 4, 1, '2015-05-02 18:05:50', '2017-07-21 17:05:34');
INSERT INTO `users_like` (`id`, `media_id`, `messages_id`, `users_id`, `like_id`, `created_at`, `updated_at`) VALUES (153, 48, 92, 1, 2, '2017-09-12 18:56:46', '2015-04-16 23:28:11');
INSERT INTO `users_like` (`id`, `media_id`, `messages_id`, `users_id`, `like_id`, `created_at`, `updated_at`) VALUES (154, 2, 17, 77, 2, '2015-10-09 22:21:14', '2015-09-14 19:18:58');
INSERT INTO `users_like` (`id`, `media_id`, `messages_id`, `users_id`, `like_id`, `created_at`, `updated_at`) VALUES (155, 161, 16, 49, 1, '2013-05-06 21:48:52', '2016-01-15 07:02:39');
INSERT INTO `users_like` (`id`, `media_id`, `messages_id`, `users_id`, `like_id`, `created_at`, `updated_at`) VALUES (156, 8, 160, 157, 1, '2018-04-04 11:29:11', '2015-01-03 06:46:20');
INSERT INTO `users_like` (`id`, `media_id`, `messages_id`, `users_id`, `like_id`, `created_at`, `updated_at`) VALUES (157, 11, 101, 140, 2, '2019-02-11 23:52:34', '2013-10-05 11:31:56');
INSERT INTO `users_like` (`id`, `media_id`, `messages_id`, `users_id`, `like_id`, `created_at`, `updated_at`) VALUES (158, 168, 176, 87, 1, '2019-11-08 06:28:16', '2019-07-30 01:07:34');
INSERT INTO `users_like` (`id`, `media_id`, `messages_id`, `users_id`, `like_id`, `created_at`, `updated_at`) VALUES (159, 118, 10, 168, 1, '2015-02-27 11:00:40', '2014-03-10 16:09:36');
INSERT INTO `users_like` (`id`, `media_id`, `messages_id`, `users_id`, `like_id`, `created_at`, `updated_at`) VALUES (160, 126, 14, 181, 2, '2012-08-04 12:03:52', '2019-06-06 08:21:03');
INSERT INTO `users_like` (`id`, `media_id`, `messages_id`, `users_id`, `like_id`, `created_at`, `updated_at`) VALUES (161, 167, 64, 162, 2, '2012-07-17 09:00:03', '2014-11-13 03:07:04');
INSERT INTO `users_like` (`id`, `media_id`, `messages_id`, `users_id`, `like_id`, `created_at`, `updated_at`) VALUES (162, 34, 27, 47, 1, '2018-06-06 07:51:33', '2018-09-01 06:47:38');
INSERT INTO `users_like` (`id`, `media_id`, `messages_id`, `users_id`, `like_id`, `created_at`, `updated_at`) VALUES (163, 65, 45, 103, 1, '2017-08-15 19:55:06', '2016-03-24 03:15:02');
INSERT INTO `users_like` (`id`, `media_id`, `messages_id`, `users_id`, `like_id`, `created_at`, `updated_at`) VALUES (164, 94, 163, 73, 2, '2011-08-21 11:19:26', '2015-02-22 23:00:48');
INSERT INTO `users_like` (`id`, `media_id`, `messages_id`, `users_id`, `like_id`, `created_at`, `updated_at`) VALUES (165, 75, 182, 166, 2, '2019-02-07 03:53:48', '2015-04-01 05:51:24');
INSERT INTO `users_like` (`id`, `media_id`, `messages_id`, `users_id`, `like_id`, `created_at`, `updated_at`) VALUES (166, 46, 166, 79, 1, '2020-07-06 17:22:30', '2012-05-23 20:33:09');
INSERT INTO `users_like` (`id`, `media_id`, `messages_id`, `users_id`, `like_id`, `created_at`, `updated_at`) VALUES (167, 65, 20, 61, 2, '2014-05-19 01:39:11', '2012-06-10 09:58:56');
INSERT INTO `users_like` (`id`, `media_id`, `messages_id`, `users_id`, `like_id`, `created_at`, `updated_at`) VALUES (168, 75, 129, 5, 1, '2018-11-06 23:18:34', '2018-07-06 02:15:50');
INSERT INTO `users_like` (`id`, `media_id`, `messages_id`, `users_id`, `like_id`, `created_at`, `updated_at`) VALUES (169, 20, 78, 141, 1, '2014-02-03 08:39:18', '2013-11-15 12:03:32');
INSERT INTO `users_like` (`id`, `media_id`, `messages_id`, `users_id`, `like_id`, `created_at`, `updated_at`) VALUES (170, 14, 109, 74, 2, '2014-06-05 10:25:12', '2018-12-15 01:18:04');
INSERT INTO `users_like` (`id`, `media_id`, `messages_id`, `users_id`, `like_id`, `created_at`, `updated_at`) VALUES (171, 183, 74, 44, 1, '2014-02-15 22:41:58', '2012-02-05 16:54:46');
INSERT INTO `users_like` (`id`, `media_id`, `messages_id`, `users_id`, `like_id`, `created_at`, `updated_at`) VALUES (172, 30, 60, 24, 1, '2019-12-09 16:50:22', '2020-02-15 03:55:53');
INSERT INTO `users_like` (`id`, `media_id`, `messages_id`, `users_id`, `like_id`, `created_at`, `updated_at`) VALUES (173, 171, 188, 84, 2, '2019-08-02 23:58:37', '2016-11-03 17:30:17');
INSERT INTO `users_like` (`id`, `media_id`, `messages_id`, `users_id`, `like_id`, `created_at`, `updated_at`) VALUES (174, 135, 197, 75, 2, '2017-02-03 18:45:22', '2018-07-13 16:13:50');
INSERT INTO `users_like` (`id`, `media_id`, `messages_id`, `users_id`, `like_id`, `created_at`, `updated_at`) VALUES (175, 105, 17, 76, 2, '2012-03-19 05:38:18', '2016-04-07 17:41:35');
INSERT INTO `users_like` (`id`, `media_id`, `messages_id`, `users_id`, `like_id`, `created_at`, `updated_at`) VALUES (176, 59, 151, 43, 1, '2020-05-20 18:33:08', '2012-09-13 06:47:10');
INSERT INTO `users_like` (`id`, `media_id`, `messages_id`, `users_id`, `like_id`, `created_at`, `updated_at`) VALUES (177, 27, 133, 28, 2, '2016-06-14 20:53:05', '2019-08-31 22:04:20');
INSERT INTO `users_like` (`id`, `media_id`, `messages_id`, `users_id`, `like_id`, `created_at`, `updated_at`) VALUES (178, 92, 112, 30, 1, '2020-07-18 09:51:09', '2020-01-04 06:25:13');
INSERT INTO `users_like` (`id`, `media_id`, `messages_id`, `users_id`, `like_id`, `created_at`, `updated_at`) VALUES (179, 124, 163, 183, 1, '2014-12-09 11:03:13', '2018-02-23 19:20:53');
INSERT INTO `users_like` (`id`, `media_id`, `messages_id`, `users_id`, `like_id`, `created_at`, `updated_at`) VALUES (180, 110, 18, 179, 1, '2011-05-10 16:52:37', '2015-11-27 08:39:54');
INSERT INTO `users_like` (`id`, `media_id`, `messages_id`, `users_id`, `like_id`, `created_at`, `updated_at`) VALUES (181, 189, 20, 74, 1, '2013-07-19 03:20:28', '2017-03-15 01:04:08');
INSERT INTO `users_like` (`id`, `media_id`, `messages_id`, `users_id`, `like_id`, `created_at`, `updated_at`) VALUES (182, 141, 196, 119, 2, '2018-08-29 05:21:41', '2018-06-18 06:03:54');
INSERT INTO `users_like` (`id`, `media_id`, `messages_id`, `users_id`, `like_id`, `created_at`, `updated_at`) VALUES (183, 68, 129, 179, 1, '2011-12-11 22:38:06', '2011-07-01 02:11:56');
INSERT INTO `users_like` (`id`, `media_id`, `messages_id`, `users_id`, `like_id`, `created_at`, `updated_at`) VALUES (184, 79, 11, 142, 2, '2012-09-28 17:32:29', '2018-06-30 10:58:54');
INSERT INTO `users_like` (`id`, `media_id`, `messages_id`, `users_id`, `like_id`, `created_at`, `updated_at`) VALUES (185, 156, 36, 148, 2, '2011-02-18 19:39:04', '2019-09-15 14:09:43');
INSERT INTO `users_like` (`id`, `media_id`, `messages_id`, `users_id`, `like_id`, `created_at`, `updated_at`) VALUES (186, 124, 111, 167, 2, '2017-03-20 02:46:40', '2014-04-11 01:49:38');
INSERT INTO `users_like` (`id`, `media_id`, `messages_id`, `users_id`, `like_id`, `created_at`, `updated_at`) VALUES (187, 120, 117, 23, 1, '2016-11-16 20:58:46', '2015-08-08 13:58:44');
INSERT INTO `users_like` (`id`, `media_id`, `messages_id`, `users_id`, `like_id`, `created_at`, `updated_at`) VALUES (188, 180, 140, 12, 2, '2013-09-27 09:50:56', '2018-07-10 19:17:40');
INSERT INTO `users_like` (`id`, `media_id`, `messages_id`, `users_id`, `like_id`, `created_at`, `updated_at`) VALUES (189, 94, 101, 19, 1, '2015-02-28 13:06:51', '2016-04-06 01:59:14');
INSERT INTO `users_like` (`id`, `media_id`, `messages_id`, `users_id`, `like_id`, `created_at`, `updated_at`) VALUES (190, 136, 86, 120, 2, '2020-03-03 02:09:33', '2017-10-11 23:10:16');
INSERT INTO `users_like` (`id`, `media_id`, `messages_id`, `users_id`, `like_id`, `created_at`, `updated_at`) VALUES (191, 62, 133, 171, 2, '2017-08-12 09:01:50', '2020-08-12 12:35:38');
INSERT INTO `users_like` (`id`, `media_id`, `messages_id`, `users_id`, `like_id`, `created_at`, `updated_at`) VALUES (192, 69, 108, 12, 1, '2019-09-17 20:52:01', '2014-08-26 11:54:49');
INSERT INTO `users_like` (`id`, `media_id`, `messages_id`, `users_id`, `like_id`, `created_at`, `updated_at`) VALUES (193, 82, 157, 46, 2, '2015-04-29 04:24:01', '2017-10-02 06:16:33');
INSERT INTO `users_like` (`id`, `media_id`, `messages_id`, `users_id`, `like_id`, `created_at`, `updated_at`) VALUES (194, 193, 195, 91, 2, '2017-08-11 21:35:55', '2019-08-27 09:54:39');
INSERT INTO `users_like` (`id`, `media_id`, `messages_id`, `users_id`, `like_id`, `created_at`, `updated_at`) VALUES (195, 188, 123, 109, 2, '2019-05-29 15:36:43', '2017-12-31 18:18:05');
INSERT INTO `users_like` (`id`, `media_id`, `messages_id`, `users_id`, `like_id`, `created_at`, `updated_at`) VALUES (196, 11, 17, 116, 1, '2020-12-11 07:11:59', '2020-12-17 15:57:06');
INSERT INTO `users_like` (`id`, `media_id`, `messages_id`, `users_id`, `like_id`, `created_at`, `updated_at`) VALUES (197, 57, 172, 177, 1, '2020-06-23 11:00:32', '2017-11-22 01:38:34');
INSERT INTO `users_like` (`id`, `media_id`, `messages_id`, `users_id`, `like_id`, `created_at`, `updated_at`) VALUES (198, 110, 160, 91, 2, '2020-01-19 22:48:17', '2014-02-18 02:22:29');
INSERT INTO `users_like` (`id`, `media_id`, `messages_id`, `users_id`, `like_id`, `created_at`, `updated_at`) VALUES (199, 84, 149, 34, 2, '2014-05-12 12:06:01', '2017-05-26 12:02:43');
INSERT INTO `users_like` (`id`, `media_id`, `messages_id`, `users_id`, `like_id`, `created_at`, `updated_at`) VALUES (200, 16, 178, 80, 1, '2012-06-23 17:17:32', '2012-02-25 10:55:59');


