-- MySQL dump 10.13  Distrib 8.0.23, for Linux (x86_64)
--
-- Host: localhost    Database: vk
-- ------------------------------------------------------
-- Server version	8.0.23-0ubuntu0.20.04.1

/*!40101 SET @OLD_CHARACTER_SET_CLIENT=@@CHARACTER_SET_CLIENT */;
/*!40101 SET @OLD_CHARACTER_SET_RESULTS=@@CHARACTER_SET_RESULTS */;
/*!40101 SET @OLD_COLLATION_CONNECTION=@@COLLATION_CONNECTION */;
/*!50503 SET NAMES utf8mb4 */;
/*!40103 SET @OLD_TIME_ZONE=@@TIME_ZONE */;
/*!40103 SET TIME_ZONE='+00:00' */;
/*!40014 SET @OLD_UNIQUE_CHECKS=@@UNIQUE_CHECKS, UNIQUE_CHECKS=0 */;
/*!40014 SET @OLD_FOREIGN_KEY_CHECKS=@@FOREIGN_KEY_CHECKS, FOREIGN_KEY_CHECKS=0 */;
/*!40101 SET @OLD_SQL_MODE=@@SQL_MODE, SQL_MODE='NO_AUTO_VALUE_ON_ZERO' */;
/*!40111 SET @OLD_SQL_NOTES=@@SQL_NOTES, SQL_NOTES=0 */;

--
-- Table structure for table `communities`
--

DROP TABLE IF EXISTS `communities`;
/*!40101 SET @saved_cs_client     = @@character_set_client */;
/*!50503 SET character_set_client = utf8mb4 */;
CREATE TABLE `communities` (
  `id` int unsigned NOT NULL AUTO_INCREMENT,
  `name` varchar(150) CHARACTER SET utf8mb4 COLLATE utf8mb4_unicode_ci NOT NULL,
  `created_at` datetime DEFAULT CURRENT_TIMESTAMP,
  `updated_at` datetime DEFAULT CURRENT_TIMESTAMP ON UPDATE CURRENT_TIMESTAMP,
  PRIMARY KEY (`id`),
  UNIQUE KEY `name` (`name`)
) ENGINE=InnoDB AUTO_INCREMENT=201 DEFAULT CHARSET=utf8mb4 COLLATE=utf8mb4_unicode_ci;
/*!40101 SET character_set_client = @saved_cs_client */;

--
-- Dumping data for table `communities`
--

LOCK TABLES `communities` WRITE;
/*!40000 ALTER TABLE `communities` DISABLE KEYS */;
INSERT INTO `communities` VALUES (1,'Est ut iusto.','2014-02-10 19:00:59','2016-08-06 10:55:06'),(2,'Non rerum quasi.','2020-02-09 17:07:35','2021-02-19 14:37:55'),(3,'Vitae porro.','2015-12-02 21:19:43','2021-02-19 14:37:55'),(4,'Temporibus consequatur quis et sed.','2012-06-26 03:54:57','2015-03-04 22:18:59'),(5,'Vel consequuntur voluptatem.','2014-12-29 06:29:53','2015-05-19 07:32:36'),(6,'Velit omnis porro.','2020-03-27 21:43:44','2021-02-19 14:37:55'),(7,'Sit libero harum.','2016-09-05 06:48:33','2021-02-19 14:37:55'),(8,'Eveniet ratione laboriosam.','2018-06-26 01:03:48','2021-02-19 14:37:55'),(9,'Sint est laudantium sit.','2014-10-07 07:04:10','2017-09-04 23:04:59'),(10,'Omnis a possimus eveniet.','2018-06-17 21:41:02','2021-02-19 14:37:55'),(11,'Quos nisi possimus.','2020-12-02 14:41:39','2021-02-19 14:37:55'),(12,'Nihil sed deserunt omnis.','2016-09-18 13:38:26','2021-02-19 14:37:55'),(13,'Fugiat numquam quaerat.','2020-03-21 01:15:42','2021-02-19 14:37:55'),(14,'Dolores suscipit voluptatem totam.','2016-03-07 05:58:51','2021-02-19 14:37:55'),(15,'Nam deserunt.','2018-01-09 11:03:08','2021-02-19 14:37:55'),(16,'Amet aut harum recusandae.','2014-05-11 01:45:48','2020-05-26 13:27:53'),(17,'Facilis voluptatem suscipit non.','2018-07-12 08:21:31','2021-02-19 14:37:55'),(18,'At excepturi nemo.','2020-03-03 15:31:46','2021-02-19 14:37:55'),(19,'Reiciendis eos consequuntur tempore.','2017-03-30 05:20:17','2019-07-31 19:01:27'),(20,'Eos laborum rem sint.','2019-05-16 23:45:23','2021-02-19 14:37:55');
/*!40000 ALTER TABLE `communities` ENABLE KEYS */;
UNLOCK TABLES;

--
-- Table structure for table `communities_users`
--

DROP TABLE IF EXISTS `communities_users`;
/*!40101 SET @saved_cs_client     = @@character_set_client */;
/*!50503 SET character_set_client = utf8mb4 */;
CREATE TABLE `communities_users` (
  `community_id` int unsigned NOT NULL,
  `user_id` int unsigned NOT NULL,
  `created_at` datetime DEFAULT CURRENT_TIMESTAMP,
  PRIMARY KEY (`community_id`,`user_id`)
) ENGINE=InnoDB DEFAULT CHARSET=utf8mb4 COLLATE=utf8mb4_unicode_ci;
/*!40101 SET character_set_client = @saved_cs_client */;

--
-- Dumping data for table `communities_users`
--

LOCK TABLES `communities_users` WRITE;
/*!40000 ALTER TABLE `communities_users` DISABLE KEYS */;
INSERT INTO `communities_users` VALUES (1,11,'2014-07-25 18:29:21'),(1,48,'2018-01-01 12:53:13'),(1,54,'2017-11-07 13:24:05'),(1,58,'2015-05-30 10:28:59'),(1,75,'2013-01-27 19:58:06'),(1,87,'2011-05-25 11:50:15'),(1,90,'2014-04-24 08:42:19'),(1,117,'2015-10-01 09:14:11'),(1,121,'2018-01-26 01:14:44'),(1,187,'2013-08-17 04:18:12'),(2,7,'2015-04-05 15:41:24'),(2,14,'2021-01-23 17:40:36'),(2,44,'2011-10-23 03:55:25'),(2,86,'2012-07-12 11:29:06'),(2,92,'2012-12-24 17:08:39'),(2,98,'2011-11-19 22:58:37'),(2,172,'2013-12-15 13:47:43'),(3,17,'2012-02-21 16:40:14'),(3,31,'2020-01-26 17:04:58'),(3,40,'2012-01-12 04:37:15'),(3,77,'2017-07-02 00:19:48'),(3,107,'2012-10-10 18:31:21'),(3,113,'2012-06-03 06:32:48'),(3,155,'2019-12-29 05:32:32'),(3,163,'2019-11-12 20:24:10'),(3,180,'2017-11-06 14:10:47'),(4,3,'2017-08-25 13:55:59'),(4,6,'2019-09-12 22:24:27'),(4,8,'2015-12-19 12:42:47'),(4,19,'2015-08-02 01:28:07'),(4,47,'2012-05-18 04:48:39'),(4,82,'2016-09-06 19:41:38'),(4,93,'2013-11-18 12:34:55'),(4,96,'2017-07-06 17:49:37'),(4,102,'2014-08-17 09:32:53'),(4,111,'2020-03-06 17:02:14'),(4,131,'2017-11-26 19:18:39'),(4,171,'2016-12-11 12:23:13'),(5,30,'2018-02-05 23:37:39'),(5,42,'2015-12-12 14:04:32'),(5,53,'2015-02-16 23:29:02'),(5,73,'2013-02-18 16:44:05'),(5,139,'2020-04-08 20:33:10'),(5,151,'2014-02-20 06:48:04'),(5,159,'2018-10-15 05:27:11'),(5,163,'2017-07-06 07:00:27'),(5,190,'2020-04-19 12:42:03'),(6,20,'2020-03-24 10:37:09'),(6,55,'2014-08-03 10:48:24'),(6,133,'2014-10-23 15:50:31'),(6,134,'2018-11-20 02:54:54'),(6,161,'2011-06-28 02:03:19'),(6,186,'2012-12-13 16:10:11'),(7,68,'2013-10-03 19:13:02'),(7,95,'2017-10-16 05:50:50'),(7,143,'2021-01-21 00:34:32'),(7,156,'2015-05-19 08:28:47'),(7,158,'2017-03-17 19:20:50'),(7,174,'2014-06-19 19:32:28'),(7,177,'2014-11-28 09:48:09'),(8,7,'2017-11-13 20:22:49'),(8,22,'2016-05-18 18:11:01'),(8,28,'2017-02-04 18:21:45'),(8,29,'2019-10-25 12:20:15'),(8,35,'2016-09-10 07:32:40'),(8,47,'2015-05-31 20:13:54'),(8,54,'2013-12-31 15:33:30'),(8,64,'2015-11-10 22:48:57'),(8,83,'2011-11-18 02:34:34'),(8,87,'2019-10-16 18:21:38'),(8,89,'2016-08-30 23:50:45'),(8,106,'2015-10-24 20:37:40'),(8,107,'2013-01-19 05:17:50'),(8,168,'2011-12-28 19:19:42'),(8,184,'2019-07-22 10:59:15'),(9,14,'2018-01-27 19:16:11'),(9,29,'2013-08-21 01:49:14'),(9,40,'2018-06-04 16:17:22'),(9,44,'2016-04-14 21:31:13'),(9,65,'2012-10-22 10:31:02'),(9,66,'2011-03-15 09:43:07'),(9,67,'2012-06-17 05:02:10'),(9,87,'2017-01-20 06:09:58'),(9,112,'2016-11-17 03:28:45'),(9,119,'2012-03-01 08:39:34'),(9,153,'2015-02-15 09:19:20'),(9,178,'2012-12-13 05:29:06'),(9,187,'2018-05-15 02:41:24'),(9,195,'2017-10-20 11:18:48'),(9,198,'2011-09-08 18:13:42'),(10,15,'2015-01-27 15:44:02'),(10,19,'2016-02-11 00:18:18'),(10,33,'2015-04-18 10:47:36'),(10,46,'2014-01-01 00:55:27'),(10,53,'2014-06-28 00:33:12'),(10,63,'2020-05-17 09:49:02'),(10,68,'2014-01-25 03:17:36'),(10,71,'2011-06-15 13:27:34'),(10,77,'2014-06-21 00:06:59'),(10,102,'2012-09-06 01:11:48'),(10,119,'2014-02-09 01:52:27'),(10,123,'2013-02-26 18:15:05'),(10,137,'2012-01-13 09:34:23'),(11,23,'2016-08-27 06:12:54'),(11,26,'2016-07-12 01:26:25'),(11,33,'2011-04-27 19:29:28'),(11,80,'2019-06-09 07:49:56'),(11,101,'2015-08-27 05:21:01'),(11,143,'2014-01-03 18:50:07'),(11,150,'2017-11-23 14:12:54'),(12,24,'2020-07-05 15:50:04'),(12,68,'2015-05-31 19:57:45'),(12,71,'2017-12-14 08:20:52'),(12,80,'2020-02-19 03:43:30'),(12,115,'2012-08-15 12:12:10'),(12,183,'2015-06-01 19:01:17'),(12,184,'2016-08-31 14:59:04'),(13,5,'2017-02-12 13:22:57'),(13,18,'2020-11-13 00:25:47'),(13,62,'2018-05-11 04:40:41'),(13,152,'2016-07-01 15:01:41'),(13,172,'2016-12-04 08:24:21'),(13,182,'2020-11-16 02:14:43'),(14,9,'2020-06-17 09:31:21'),(14,16,'2011-08-18 16:35:45'),(14,36,'2013-02-06 23:53:07'),(14,51,'2020-09-26 23:41:57'),(14,70,'2012-07-17 03:26:06'),(14,92,'2011-04-27 08:23:55'),(14,136,'2015-01-18 09:00:05'),(14,145,'2011-07-04 12:49:54'),(14,153,'2017-11-20 16:08:37'),(14,155,'2012-05-19 08:27:15'),(14,165,'2019-11-18 20:10:25'),(14,190,'2015-10-15 10:51:18'),(15,2,'2011-06-25 02:48:15'),(15,5,'2011-10-11 13:45:43'),(15,40,'2015-11-11 09:38:15'),(15,45,'2018-05-11 00:27:47'),(15,64,'2018-07-10 19:04:53'),(15,76,'2019-05-15 10:19:14'),(15,78,'2011-06-18 20:26:42'),(15,82,'2013-06-23 06:36:09'),(15,95,'2017-03-22 19:10:55'),(15,141,'2019-07-15 05:55:36'),(15,151,'2017-11-19 22:03:14'),(15,157,'2014-04-22 14:02:15'),(15,158,'2012-12-13 13:20:24'),(15,184,'2011-07-11 14:34:39'),(16,47,'2019-02-18 10:05:17'),(16,58,'2020-11-13 06:06:07'),(16,89,'2016-11-05 10:17:42'),(16,112,'2012-05-27 11:20:38'),(16,119,'2018-04-09 02:01:55'),(16,122,'2019-11-28 17:42:05'),(16,150,'2015-02-01 09:11:37'),(16,152,'2011-10-26 16:55:58'),(16,169,'2020-02-11 08:46:34'),(17,29,'2014-11-25 09:18:29'),(17,31,'2014-08-15 22:20:19'),(17,35,'2014-05-18 07:52:51'),(17,42,'2015-10-10 17:03:40'),(17,43,'2012-11-01 09:39:47'),(17,46,'2018-09-08 03:59:17'),(17,64,'2018-07-25 18:16:39'),(17,67,'2020-11-09 19:00:14'),(17,99,'2020-02-03 01:55:05'),(17,109,'2019-09-26 01:12:45'),(17,123,'2012-12-22 09:51:11'),(17,138,'2012-06-26 20:27:50'),(17,151,'2014-10-28 21:42:27'),(17,170,'2014-08-17 11:46:41'),(17,189,'2016-03-01 16:40:34'),(18,17,'2017-08-09 01:25:24'),(18,39,'2020-05-07 22:48:56'),(18,60,'2020-09-05 04:29:58'),(18,79,'2016-02-23 09:11:06'),(18,93,'2013-06-26 20:58:02'),(18,134,'2018-06-24 11:58:28'),(18,188,'2019-09-23 16:48:20'),(19,69,'2019-07-04 05:14:01'),(19,75,'2015-12-29 10:59:39'),(19,76,'2016-08-25 11:08:27'),(19,78,'2016-11-27 06:49:56'),(19,96,'2015-04-24 15:01:08'),(19,100,'2019-01-08 05:56:03'),(19,161,'2018-02-07 01:17:42'),(19,169,'2020-07-13 12:40:28'),(20,11,'2017-11-16 21:07:05'),(20,20,'2017-07-15 04:40:56'),(20,53,'2021-02-08 12:30:35'),(20,65,'2018-01-02 08:00:25'),(20,77,'2015-08-09 14:47:23'),(20,103,'2013-06-11 16:38:14'),(20,143,'2016-06-10 05:43:02'),(20,163,'2019-03-11 08:17:41'),(20,172,'2017-05-03 12:33:51'),(20,180,'2015-01-03 20:35:39'),(20,188,'2018-06-14 04:39:17'),(20,196,'2018-05-15 12:53:37');
/*!40000 ALTER TABLE `communities_users` ENABLE KEYS */;
UNLOCK TABLES;

--
-- Table structure for table `friendship`
--

DROP TABLE IF EXISTS `friendship`;
/*!40101 SET @saved_cs_client     = @@character_set_client */;
/*!50503 SET character_set_client = utf8mb4 */;
CREATE TABLE `friendship` (
  `user_id` int unsigned NOT NULL,
  `friend_id` int unsigned NOT NULL,
  `status_id` int unsigned NOT NULL,
  `requested_at` datetime DEFAULT CURRENT_TIMESTAMP,
  `confirmed_at` datetime DEFAULT NULL,
  `created_at` datetime DEFAULT CURRENT_TIMESTAMP,
  `updated_at` datetime DEFAULT CURRENT_TIMESTAMP ON UPDATE CURRENT_TIMESTAMP,
  PRIMARY KEY (`user_id`,`friend_id`)
) ENGINE=InnoDB DEFAULT CHARSET=utf8mb4 COLLATE=utf8mb4_unicode_ci;
/*!40101 SET character_set_client = @saved_cs_client */;

--
-- Dumping data for table `friendship`
--

LOCK TABLES `friendship` WRITE;
/*!40000 ALTER TABLE `friendship` DISABLE KEYS */;
INSERT INTO `friendship` VALUES (1,145,2,'2011-12-10 10:05:55','2018-02-04 20:29:40','2013-04-08 21:12:08','2021-02-19 14:33:47'),(2,78,3,'2012-08-19 23:24:02','2013-05-21 12:10:52','2019-01-10 06:55:31','2021-02-19 14:33:47'),(2,79,3,'2011-06-15 13:08:04','2011-11-14 13:36:31','2011-09-30 04:02:28','2021-02-19 14:33:47'),(4,68,2,'2020-06-20 08:16:33','2014-04-09 08:33:28','2020-04-20 13:04:42','2021-02-19 14:33:47'),(5,150,2,'2014-06-24 09:33:59','2018-07-18 20:46:07','2016-05-14 19:30:10','2021-02-19 14:33:47'),(6,103,3,'2012-07-29 09:38:57','2016-12-13 14:36:46','2017-05-27 09:18:30','2021-02-19 14:33:47'),(8,90,1,'2018-05-12 07:56:15','2012-04-09 07:28:11','2012-03-13 13:04:19','2021-02-19 14:33:47'),(9,86,1,'2015-10-01 07:25:08','2012-09-26 01:43:27','2016-07-21 02:20:59','2021-02-19 14:33:47'),(9,158,1,'2018-09-28 07:31:16','2011-05-16 23:44:40','2017-08-17 19:19:20','2021-02-19 14:33:47'),(11,161,2,'2017-07-01 19:49:01','2016-12-06 06:06:47','2015-11-30 14:46:06','2021-02-19 14:33:47'),(13,64,3,'2014-08-22 07:08:07','2016-12-27 02:48:49','2015-01-01 06:31:48','2021-02-19 14:33:47'),(13,114,2,'2011-03-17 11:09:34','2013-07-18 07:21:01','2014-03-29 07:07:30','2021-02-19 14:33:47'),(13,116,1,'2012-05-15 09:39:39','2019-05-10 10:41:28','2015-06-12 02:06:46','2021-02-19 14:33:47'),(15,119,3,'2020-11-11 09:52:12','2012-05-02 05:09:12','2011-07-31 04:18:39','2021-02-19 14:33:47'),(16,166,3,'2016-01-31 07:12:44','2017-12-07 17:24:56','2019-08-04 06:48:53','2021-02-19 14:33:47'),(19,29,1,'2019-10-13 16:41:04','2011-04-09 05:43:38','2012-02-24 04:49:04','2021-02-19 14:33:47'),(19,63,2,'2018-02-14 17:38:17','2015-06-15 19:16:56','2014-01-01 05:38:37','2021-02-19 14:33:47'),(21,9,2,'2021-01-11 06:39:56','2015-07-20 15:59:42','2013-02-14 13:36:51','2021-02-19 14:33:47'),(21,142,3,'2017-10-06 08:19:21','2012-07-23 20:16:56','2012-08-04 14:31:16','2021-02-19 14:33:47'),(27,98,3,'2018-03-09 10:52:50','2021-01-14 05:30:08','2020-05-31 07:36:11','2021-02-19 14:33:47'),(28,81,3,'2013-10-15 07:51:37','2013-05-16 02:31:24','2014-09-02 13:44:53','2021-02-19 14:33:47'),(29,61,2,'2013-04-11 22:02:36','2017-08-11 19:37:39','2015-11-04 21:55:47','2021-02-19 14:33:47'),(30,79,1,'2016-08-03 11:29:18','2013-07-10 08:38:20','2018-01-22 07:14:36','2021-02-19 14:33:47'),(31,31,2,'2013-04-05 13:03:07','2019-08-28 15:48:51','2012-02-05 01:55:06','2021-02-19 14:33:47'),(31,42,2,'2011-03-18 00:03:25','2016-08-12 20:35:36','2017-10-05 22:28:18','2021-02-19 14:33:47'),(31,45,3,'2014-03-14 09:33:11','2012-02-19 15:07:49','2014-02-10 13:25:18','2021-02-19 14:33:47'),(31,120,1,'2011-05-27 01:10:52','2018-03-20 21:04:16','2017-04-11 06:53:43','2021-02-19 14:33:47'),(32,93,1,'2011-05-01 10:38:20','2013-10-13 07:32:43','2013-03-05 10:32:26','2021-02-19 14:33:47'),(35,42,3,'2011-02-26 10:01:47','2017-05-22 16:12:32','2014-12-28 10:03:23','2021-02-19 14:33:47'),(35,103,2,'2012-09-29 00:44:19','2020-08-12 09:54:03','2020-05-17 21:17:41','2021-02-19 14:33:47'),(37,67,1,'2019-08-28 06:07:36','2017-02-23 17:11:52','2018-11-25 08:38:13','2021-02-19 14:33:47'),(37,86,1,'2018-02-16 19:17:52','2017-08-22 07:03:47','2019-08-15 02:44:01','2021-02-19 14:33:47'),(37,162,3,'2019-03-28 07:04:53','2017-01-05 17:13:50','2014-09-13 02:43:43','2021-02-19 14:33:47'),(38,29,3,'2019-06-09 04:52:07','2012-06-05 16:52:37','2019-03-11 02:20:02','2021-02-19 14:31:07'),(38,36,1,'2016-12-25 03:51:01','2017-09-16 15:59:42','2015-12-23 11:40:53','2021-02-19 14:33:47'),(38,158,2,'2013-10-22 18:27:08','2013-09-27 02:29:47','2021-01-13 01:57:33','2021-02-19 14:33:47'),(38,159,1,'2011-12-26 06:12:30','2015-03-05 16:20:58','2014-11-15 00:56:19','2021-02-19 14:33:47'),(39,106,1,'2020-07-08 22:29:27','2018-07-22 23:05:44','2012-02-10 20:19:23','2021-02-19 14:33:47'),(39,145,1,'2018-11-01 04:33:53','2019-08-11 20:58:28','2018-09-22 21:49:23','2021-02-19 14:33:47'),(43,67,3,'2014-07-29 07:54:49','2016-12-07 12:00:50','2019-06-07 07:04:57','2021-02-19 14:33:47'),(43,169,1,'2020-05-23 11:22:46','2014-01-07 06:11:32','2020-11-07 00:14:45','2021-02-19 14:33:47'),(44,17,1,'2017-11-08 19:40:03','2015-02-06 10:26:13','2018-05-03 03:08:40','2021-02-19 14:33:47'),(46,56,1,'2020-02-20 02:15:22','2011-02-24 22:16:28','2016-11-24 10:24:46','2021-02-19 14:33:47'),(46,70,1,'2013-11-04 06:49:17','2020-02-22 06:29:28','2011-03-01 20:05:48','2021-02-19 14:33:47'),(50,18,2,'2020-07-03 02:15:53','2017-10-26 03:51:09','2013-12-04 05:06:33','2021-02-19 14:33:47'),(50,97,2,'2020-01-06 17:20:22','2016-11-06 17:35:52','2020-06-30 04:46:59','2021-02-19 14:33:47'),(54,79,2,'2018-11-01 21:05:30','2013-08-05 14:25:52','2018-12-31 22:25:49','2021-02-19 14:33:47'),(54,133,2,'2018-09-30 07:54:32','2013-05-23 12:35:23','2021-02-02 19:24:13','2021-02-19 14:33:47'),(55,82,1,'2014-11-15 12:48:20','2019-02-10 13:40:05','2018-01-08 10:01:29','2021-02-19 14:33:47'),(58,43,1,'2014-12-30 10:35:21','2020-12-10 00:52:52','2014-02-14 09:43:33','2021-02-19 14:33:47'),(58,162,1,'2014-08-17 16:11:46','2015-07-19 05:48:43','2012-05-13 11:30:36','2021-02-19 14:33:47'),(62,86,3,'2011-09-18 15:30:51','2012-02-17 21:52:11','2020-10-06 13:07:04','2021-02-19 14:33:47'),(64,7,2,'2016-04-01 09:33:24','2014-05-06 20:32:49','2015-11-30 02:30:30','2021-02-19 14:33:47'),(64,63,1,'2017-03-31 07:36:36','2015-03-19 19:39:59','2020-02-27 11:03:49','2021-02-19 14:33:47'),(64,171,2,'2018-02-23 02:23:29','2012-03-01 04:36:56','2020-05-14 07:21:21','2021-02-19 14:33:47'),(64,173,3,'2012-11-03 03:30:49','2013-05-15 17:41:46','2016-03-28 17:20:48','2021-02-19 14:33:47'),(65,152,2,'2016-10-14 10:26:34','2012-08-03 21:34:53','2016-08-04 06:28:02','2021-02-19 14:33:47'),(67,58,1,'2014-01-29 02:12:57','2011-07-29 10:59:11','2012-07-13 11:54:08','2021-02-19 14:33:47'),(68,134,3,'2020-02-25 10:17:25','2017-12-31 17:26:01','2016-04-23 12:06:21','2021-02-19 14:33:47'),(70,96,3,'2020-01-01 08:33:19','2016-01-22 12:32:45','2018-06-02 08:44:41','2021-02-19 14:33:47'),(71,18,2,'2012-05-09 05:06:28','2020-09-19 02:48:43','2017-01-11 16:04:22','2021-02-19 14:33:47'),(74,64,1,'2018-03-20 23:25:07','2020-01-17 15:05:39','2017-07-08 06:25:17','2021-02-19 14:33:47'),(74,77,2,'2014-05-06 20:30:15','2016-11-22 20:46:16','2016-09-22 23:45:58','2021-02-19 14:33:47'),(74,87,1,'2013-12-26 04:52:30','2014-11-13 04:49:51','2017-04-14 04:46:26','2021-02-19 14:33:47'),(74,125,1,'2013-07-12 00:07:21','2014-04-08 00:58:03','2011-05-05 04:51:07','2021-02-19 14:33:47'),(74,133,1,'2016-12-18 17:50:22','2011-08-07 12:18:26','2019-08-21 09:36:41','2021-02-19 14:33:47'),(75,25,3,'2013-05-27 04:56:14','2011-04-17 10:04:25','2020-03-10 22:12:58','2021-02-19 14:33:47'),(75,161,2,'2018-09-30 09:20:08','2018-03-08 21:16:10','2018-12-29 12:00:07','2021-02-19 14:33:47'),(77,106,3,'2016-05-10 08:56:44','2015-09-11 05:06:46','2020-10-03 22:41:13','2021-02-19 14:33:47'),(78,142,3,'2020-11-08 05:01:22','2014-11-15 02:38:24','2014-01-25 23:45:08','2021-02-19 14:33:47'),(78,148,2,'2020-06-27 09:21:17','2017-10-21 01:53:00','2018-11-10 09:17:38','2021-02-19 14:33:47'),(78,175,1,'2013-04-24 23:43:01','2011-09-24 07:28:28','2011-02-28 10:40:54','2021-02-19 14:33:47'),(79,33,3,'2016-05-15 16:54:32','2017-03-28 21:00:38','2019-05-20 12:34:04','2021-02-19 14:33:47'),(79,99,1,'2015-08-08 05:16:14','2015-11-12 06:17:33','2014-08-07 19:00:59','2021-02-19 14:33:47'),(80,152,1,'2021-01-22 02:41:34','2018-05-22 08:03:17','2012-10-13 12:51:02','2021-02-19 14:33:47'),(83,6,2,'2015-02-10 23:59:37','2019-08-04 09:28:19','2020-12-14 06:03:42','2021-02-19 14:33:47'),(83,48,3,'2020-05-09 00:54:57','2012-08-15 17:14:43','2015-01-15 02:27:36','2021-02-19 14:33:47'),(85,137,3,'2012-07-05 18:45:32','2014-08-19 10:16:12','2016-12-27 01:12:05','2021-02-19 14:33:47'),(85,160,2,'2013-09-03 23:25:43','2020-04-15 17:00:38','2013-06-03 04:49:40','2021-02-19 14:33:47'),(86,31,2,'2017-07-25 02:26:59','2016-05-20 08:15:07','2020-08-21 20:24:52','2021-02-19 14:33:47'),(89,126,2,'2011-11-26 22:43:15','2012-05-22 05:56:05','2019-10-26 14:50:27','2021-02-19 14:33:47'),(89,176,1,'2018-09-04 05:43:02','2011-04-23 00:42:36','2018-07-06 15:02:41','2021-02-19 14:33:47'),(91,148,2,'2019-05-04 15:10:18','2018-04-13 18:36:30','2012-02-23 08:30:22','2021-02-19 14:33:47'),(91,155,1,'2015-01-20 11:01:10','2021-01-08 16:09:11','2012-09-26 04:29:23','2021-02-19 14:33:47'),(91,180,3,'2012-08-22 09:47:08','2020-05-18 09:31:23','2011-07-26 15:14:58','2021-02-19 14:33:47'),(93,6,1,'2014-01-03 05:42:28','2015-07-18 10:16:58','2013-06-14 01:56:41','2021-02-19 14:33:47'),(95,190,1,'2020-05-10 03:02:11','2014-01-07 23:38:44','2011-10-24 22:20:36','2021-02-19 14:33:47'),(97,197,2,'2018-09-14 18:22:58','2011-06-09 04:04:09','2019-12-22 15:41:27','2021-02-19 14:33:47'),(99,65,3,'2012-06-27 11:33:45','2021-01-04 02:42:36','2017-06-26 13:59:06','2021-02-19 14:33:47'),(99,77,1,'2015-12-08 18:46:10','2015-06-05 04:53:02','2020-10-30 21:36:33','2021-02-19 14:33:47'),(99,83,2,'2017-11-14 06:17:44','2015-08-27 05:00:32','2016-10-11 13:23:11','2021-02-19 14:33:47'),(99,98,2,'2015-04-18 03:00:16','2015-08-02 20:17:48','2020-01-12 15:03:57','2021-02-19 14:33:47'),(100,111,1,'2017-05-04 22:16:01','2019-09-15 19:52:56','2014-01-11 15:38:00','2021-02-19 14:33:47'),(100,148,3,'2018-04-27 11:04:40','2015-06-12 22:18:42','2017-03-11 03:11:00','2021-02-19 14:33:47'),(101,47,1,'2018-07-24 06:01:04','2020-04-25 08:11:00','2019-03-12 10:28:16','2021-02-19 14:33:47'),(101,183,2,'2013-03-04 19:59:41','2017-04-27 03:49:05','2016-09-03 00:58:19','2021-02-19 14:33:47'),(102,174,2,'2017-06-25 16:24:40','2018-07-17 15:33:42','2015-03-08 03:16:40','2021-02-19 14:33:47'),(103,70,1,'2013-07-16 08:23:23','2016-08-23 09:15:29','2019-05-09 06:57:35','2021-02-19 14:33:47'),(103,149,3,'2020-12-11 06:49:47','2012-12-01 18:13:39','2011-07-26 08:20:31','2021-02-19 14:33:47'),(105,6,3,'2020-01-25 05:27:23','2020-05-27 16:47:54','2014-07-27 15:25:48','2021-02-19 14:33:47'),(105,143,3,'2012-04-27 10:57:00','2012-06-25 01:43:19','2011-09-18 10:26:30','2021-02-19 14:33:47'),(106,50,3,'2019-05-22 01:17:26','2020-10-24 00:27:39','2020-05-28 06:04:50','2021-02-19 14:33:47'),(107,103,3,'2019-05-30 13:16:07','2020-11-25 12:22:01','2011-08-22 19:06:00','2021-02-19 14:33:47'),(107,193,1,'2012-01-19 17:17:15','2015-05-02 16:59:21','2019-10-09 03:52:53','2021-02-19 14:33:47'),(108,99,1,'2016-10-07 21:28:16','2018-01-20 02:49:41','2014-12-29 01:16:28','2021-02-19 14:33:47'),(109,30,2,'2013-06-21 02:50:33','2019-01-25 18:18:58','2018-06-05 05:07:09','2021-02-19 14:33:47'),(109,123,1,'2013-12-14 16:47:43','2014-07-19 02:30:44','2015-11-14 06:34:56','2021-02-19 14:33:47'),(111,29,3,'2014-12-06 08:06:01','2017-01-06 15:00:26','2017-10-21 12:23:31','2021-02-19 14:33:47'),(111,92,1,'2019-03-22 14:27:53','2015-08-25 06:40:01','2014-03-27 18:32:31','2021-02-19 14:33:47'),(113,86,3,'2016-07-31 01:40:17','2019-05-29 18:28:55','2011-08-01 23:15:33','2021-02-19 14:33:47'),(115,120,1,'2013-08-08 13:50:15','2018-06-10 07:07:58','2011-05-28 09:37:37','2021-02-19 14:33:47'),(115,154,1,'2016-05-01 21:29:01','2016-12-26 20:24:20','2018-11-12 02:21:50','2021-02-19 14:33:47'),(117,7,1,'2011-07-11 20:12:29','2011-07-31 08:17:37','2019-09-11 03:37:34','2021-02-19 14:33:47'),(117,25,2,'2018-07-16 06:48:38','2017-07-18 11:01:27','2018-06-23 13:29:38','2021-02-19 14:33:47'),(117,85,1,'2014-08-14 15:07:26','2014-10-06 17:51:48','2018-03-20 16:32:05','2021-02-19 14:33:47'),(117,185,1,'2014-03-01 09:12:07','2012-07-30 13:59:52','2018-05-14 12:54:35','2021-02-19 14:33:47'),(118,24,2,'2012-01-31 20:34:49','2016-01-21 10:50:36','2011-10-18 14:40:35','2021-02-19 14:33:47'),(119,62,1,'2011-04-05 05:08:12','2014-06-26 16:00:41','2015-04-30 20:35:40','2021-02-19 14:33:47'),(120,119,2,'2013-05-17 16:59:03','2014-07-12 13:26:15','2020-01-13 15:28:34','2021-02-19 14:33:47'),(124,12,1,'2016-09-06 08:53:02','2015-11-10 04:39:25','2018-06-24 01:10:56','2021-02-19 14:33:47'),(124,70,3,'2014-12-31 14:21:19','2013-11-07 13:24:47','2014-10-31 06:46:09','2021-02-19 14:33:47'),(125,124,3,'2011-09-16 16:48:43','2019-01-05 07:05:00','2013-07-18 04:46:59','2021-02-19 14:33:47'),(126,20,1,'2019-10-01 18:57:59','2017-11-19 19:06:33','2018-05-06 09:01:06','2021-02-19 14:33:47'),(126,41,1,'2020-10-09 00:15:18','2015-01-15 17:00:20','2016-03-26 22:19:08','2021-02-19 14:33:47'),(126,100,2,'2013-12-28 08:23:28','2019-05-26 16:35:29','2021-02-10 15:06:13','2021-02-19 14:33:47'),(127,151,1,'2012-06-25 00:20:39','2015-07-02 04:04:06','2016-06-16 10:56:50','2021-02-19 14:33:47'),(128,185,1,'2013-02-20 11:00:15','2015-01-22 21:52:45','2018-02-15 13:02:38','2021-02-19 14:33:47'),(129,69,1,'2016-12-10 15:21:16','2014-01-02 12:25:08','2019-06-15 05:19:09','2021-02-19 14:33:47'),(131,121,3,'2015-10-26 19:22:08','2015-10-12 05:42:13','2015-01-28 00:40:38','2021-02-19 14:33:47'),(132,74,1,'2016-01-29 23:50:46','2020-08-28 17:34:51','2017-08-21 16:57:48','2021-02-19 14:33:47'),(132,178,2,'2020-11-27 23:54:19','2015-10-25 10:10:17','2014-11-01 19:35:30','2021-02-19 14:33:47'),(134,1,3,'2012-12-13 03:19:56','2011-04-01 10:44:12','2019-04-05 22:25:02','2021-02-19 14:33:47'),(135,177,2,'2020-05-23 18:23:37','2011-10-29 03:29:09','2014-11-12 03:08:32','2021-02-19 14:33:47'),(136,39,2,'2016-11-12 18:08:50','2019-03-24 04:23:10','2012-08-23 16:43:23','2021-02-19 14:33:47'),(136,145,1,'2016-09-02 08:10:39','2018-09-17 22:16:06','2012-01-29 23:19:36','2021-02-19 14:33:47'),(137,53,1,'2017-05-29 09:25:08','2018-10-11 09:17:14','2016-04-08 10:29:29','2021-02-19 14:33:47'),(140,55,1,'2016-04-13 03:05:50','2015-01-19 17:26:37','2015-08-17 18:42:54','2021-02-19 14:33:47'),(140,115,3,'2019-01-31 18:46:38','2014-07-24 18:38:37','2018-07-26 16:00:06','2021-02-19 14:33:47'),(140,141,1,'2015-01-24 04:54:29','2013-12-22 08:50:41','2019-11-25 20:23:56','2021-02-19 14:33:47'),(141,63,2,'2013-06-18 10:44:53','2013-07-10 15:17:10','2018-01-06 03:23:44','2021-02-19 14:33:47'),(143,179,2,'2011-08-10 17:08:44','2014-03-30 08:36:37','2017-07-11 09:55:54','2021-02-19 14:33:47'),(144,83,2,'2016-08-10 08:44:23','2018-10-14 23:22:02','2015-10-09 03:57:00','2021-02-19 14:33:47'),(144,89,2,'2012-09-16 21:27:30','2011-07-03 07:41:59','2014-05-06 17:12:21','2021-02-19 14:33:47'),(144,95,3,'2015-06-16 10:34:46','2013-05-30 22:09:31','2020-04-01 22:53:08','2021-02-19 14:33:47'),(146,81,3,'2016-09-18 14:30:06','2012-11-22 15:08:37','2015-02-01 21:52:46','2021-02-19 14:33:47'),(146,150,2,'2011-11-16 03:10:07','2019-06-19 06:59:39','2016-03-27 00:06:37','2021-02-19 14:33:47'),(147,103,2,'2014-11-15 08:13:56','2011-08-20 15:28:48','2017-09-17 20:38:31','2021-02-19 14:33:47'),(147,152,2,'2019-08-08 17:05:26','2012-02-09 07:56:50','2021-01-05 12:37:26','2021-02-19 14:33:47'),(150,21,3,'2020-06-05 21:25:04','2015-06-07 16:58:00','2011-12-29 15:50:16','2021-02-19 14:33:47'),(150,126,3,'2011-04-13 00:11:23','2013-02-02 07:28:49','2011-05-01 10:20:44','2021-02-19 14:33:47'),(151,41,1,'2013-05-01 03:15:42','2016-08-23 12:00:30','2020-02-19 01:18:04','2021-02-19 14:33:47'),(154,54,1,'2019-11-28 18:34:35','2020-07-20 15:01:08','2014-10-23 11:19:59','2021-02-19 14:33:47'),(154,61,1,'2012-04-18 20:45:49','2011-02-20 15:04:37','2017-03-01 08:38:42','2021-02-19 14:33:47'),(154,148,3,'2012-12-12 00:47:19','2017-11-09 21:55:44','2011-10-12 21:39:52','2021-02-19 14:33:47'),(155,94,1,'2011-10-04 16:11:29','2012-06-22 01:54:26','2017-11-03 05:41:13','2021-02-19 14:33:47'),(159,33,2,'2020-05-31 12:22:55','2019-12-04 22:57:38','2019-09-22 18:37:18','2021-02-19 14:33:47'),(159,37,2,'2017-01-27 06:27:56','2012-02-28 16:31:39','2015-08-23 11:45:22','2021-02-19 14:33:47'),(160,83,1,'2014-01-22 11:18:04','2019-09-01 20:17:48','2016-01-25 23:45:22','2021-02-19 14:33:47'),(160,136,1,'2013-02-09 10:57:20','2015-12-19 12:11:30','2011-09-27 14:10:48','2021-02-19 14:33:47'),(161,65,2,'2017-05-22 23:24:29','2013-09-11 14:22:28','2018-07-22 14:17:56','2021-02-19 14:33:47'),(162,42,1,'2018-04-08 22:00:38','2019-02-20 14:09:47','2020-10-26 02:59:09','2021-02-19 14:33:47'),(164,4,2,'2017-04-30 07:47:38','2013-12-08 02:33:29','2019-12-06 09:03:01','2021-02-19 14:33:47'),(164,14,1,'2011-05-21 08:35:12','2011-06-19 04:18:42','2013-05-05 23:54:35','2021-02-19 14:33:47'),(164,34,1,'2020-03-17 06:12:03','2016-12-12 22:04:44','2014-10-30 22:13:50','2021-02-19 14:33:47'),(164,198,2,'2012-05-04 07:21:47','2020-07-03 06:09:00','2018-05-06 07:56:41','2021-02-19 14:33:47'),(165,86,2,'2018-06-24 23:17:49','2017-12-09 08:33:21','2014-11-23 17:59:07','2021-02-19 14:33:47'),(166,27,1,'2016-04-23 17:20:34','2015-09-04 23:57:16','2014-11-21 08:02:45','2021-02-19 14:33:47'),(167,25,2,'2015-03-13 00:16:56','2020-06-17 01:19:49','2016-02-08 20:48:49','2021-02-19 14:33:47'),(169,186,3,'2015-10-28 08:14:30','2020-07-31 09:20:35','2016-11-27 11:14:59','2021-02-19 14:33:47'),(170,171,2,'2015-07-21 09:09:05','2013-08-20 13:32:39','2014-12-26 17:45:37','2021-02-19 14:33:47'),(172,117,3,'2017-02-28 03:04:42','2014-01-12 15:03:57','2018-06-08 08:02:54','2021-02-19 14:33:47'),(174,7,3,'2017-03-10 15:35:00','2012-06-23 13:32:44','2014-11-02 05:13:51','2021-02-19 14:33:47'),(174,174,1,'2016-08-08 16:02:57','2016-07-05 02:59:47','2019-07-29 20:08:20','2021-02-19 14:33:47'),(175,70,2,'2011-03-10 11:27:22','2018-01-31 15:46:13','2019-01-23 16:53:29','2021-02-19 14:33:47'),(175,181,3,'2012-08-01 16:24:50','2020-05-09 13:22:55','2016-09-03 13:06:45','2021-02-19 14:33:47'),(176,119,1,'2020-02-12 09:36:42','2012-12-13 05:28:46','2014-04-13 21:33:02','2021-02-19 14:33:47'),(176,164,1,'2012-08-24 05:43:32','2017-09-09 19:35:06','2013-04-08 00:54:14','2021-02-19 14:33:47'),(177,39,2,'2017-03-03 12:02:57','2013-06-05 07:10:27','2013-07-29 00:39:14','2021-02-19 14:33:47'),(178,37,3,'2016-09-14 06:03:28','2018-02-10 09:28:20','2015-01-28 18:59:36','2021-02-19 14:33:47'),(179,78,3,'2020-06-29 12:26:14','2012-05-15 19:06:35','2015-11-01 19:00:22','2021-02-19 14:33:47'),(179,86,1,'2012-03-18 20:40:43','2016-10-27 00:30:32','2020-08-29 22:05:55','2021-02-19 14:33:47'),(179,116,2,'2015-10-27 08:43:50','2019-03-12 10:58:02','2018-08-21 12:16:13','2021-02-19 14:33:47'),(180,69,3,'2019-12-19 11:32:44','2019-10-31 00:13:58','2018-11-03 10:12:09','2021-02-19 14:33:47'),(181,184,2,'2013-11-24 19:41:20','2020-07-15 23:58:37','2018-05-29 17:07:51','2021-02-19 14:33:47'),(182,141,1,'2013-12-18 07:25:51','2020-08-11 12:21:54','2011-10-18 10:36:35','2021-02-19 14:33:47'),(182,164,2,'2016-06-18 07:08:53','2018-01-07 21:58:15','2015-11-21 00:03:12','2021-02-19 14:33:47'),(183,103,1,'2012-02-25 08:14:40','2011-05-25 03:53:55','2012-05-27 19:02:55','2021-02-19 14:33:47'),(184,57,2,'2012-10-09 19:12:19','2015-09-13 21:38:16','2014-10-21 10:01:38','2021-02-19 14:33:47'),(184,140,3,'2015-01-19 11:19:22','2017-07-21 10:52:03','2018-06-20 20:07:15','2021-02-19 14:33:47'),(186,197,1,'2011-12-08 22:39:23','2019-11-25 12:36:47','2018-09-11 05:22:56','2021-02-19 14:33:47'),(187,122,1,'2020-04-09 21:12:35','2011-11-02 06:24:43','2015-09-29 07:29:24','2021-02-19 14:33:47'),(189,185,1,'2019-12-12 16:20:52','2015-02-06 00:03:13','2016-04-11 13:50:04','2021-02-19 14:33:47'),(190,10,2,'2021-02-12 15:34:44','2019-02-14 18:53:40','2018-10-06 11:53:05','2021-02-19 14:33:47'),(194,71,1,'2018-12-04 11:08:40','2015-05-20 14:34:55','2013-10-05 19:53:53','2021-02-19 14:33:47'),(194,122,2,'2017-03-18 20:32:30','2016-01-08 12:41:46','2020-11-26 16:27:31','2021-02-19 14:33:47'),(195,54,3,'2020-01-18 16:28:55','2012-01-03 03:14:14','2020-02-09 21:13:55','2021-02-19 14:33:47'),(196,62,1,'2011-09-10 07:38:23','2014-07-15 21:37:18','2012-07-01 23:42:24','2021-02-19 14:33:47'),(196,81,1,'2015-09-02 09:36:47','2018-12-08 16:46:10','2016-11-19 12:19:39','2021-02-19 14:33:47'),(198,82,2,'2018-11-16 00:21:09','2018-05-15 11:24:53','2017-05-10 01:25:38','2021-02-19 14:33:47'),(199,199,3,'2013-05-15 02:50:26','2015-01-20 10:22:57','2013-11-09 13:06:08','2021-02-19 14:33:47');
/*!40000 ALTER TABLE `friendship` ENABLE KEYS */;
UNLOCK TABLES;

--
-- Table structure for table `friendship_statuses`
--

DROP TABLE IF EXISTS `friendship_statuses`;
/*!40101 SET @saved_cs_client     = @@character_set_client */;
/*!50503 SET character_set_client = utf8mb4 */;
CREATE TABLE `friendship_statuses` (
  `id` int unsigned NOT NULL AUTO_INCREMENT,
  `name` varchar(150) CHARACTER SET utf8mb4 COLLATE utf8mb4_unicode_ci NOT NULL,
  `created_at` datetime DEFAULT CURRENT_TIMESTAMP,
  `updated_at` datetime DEFAULT CURRENT_TIMESTAMP ON UPDATE CURRENT_TIMESTAMP,
  PRIMARY KEY (`id`),
  UNIQUE KEY `name` (`name`)
) ENGINE=InnoDB AUTO_INCREMENT=4 DEFAULT CHARSET=utf8mb4 COLLATE=utf8mb4_unicode_ci;
/*!40101 SET character_set_client = @saved_cs_client */;

--
-- Dumping data for table `friendship_statuses`
--

LOCK TABLES `friendship_statuses` WRITE;
/*!40000 ALTER TABLE `friendship_statuses` DISABLE KEYS */;
INSERT INTO `friendship_statuses` VALUES (1,'requested','2021-02-19 14:29:58','2021-02-19 14:29:58'),(2,'confirmed','2021-02-19 14:29:58','2021-02-19 14:29:58'),(3,'rejected','2021-02-19 14:29:58','2021-02-19 14:29:58');
/*!40000 ALTER TABLE `friendship_statuses` ENABLE KEYS */;
UNLOCK TABLES;

--
-- Table structure for table `like_status`
--

DROP TABLE IF EXISTS `like_status`;
/*!40101 SET @saved_cs_client     = @@character_set_client */;
/*!50503 SET character_set_client = utf8mb4 */;
CREATE TABLE `like_status` (
  `id` int unsigned NOT NULL AUTO_INCREMENT,
  `name` varchar(150) CHARACTER SET utf8mb4 COLLATE utf8mb4_unicode_ci NOT NULL,
  `created_at` datetime DEFAULT CURRENT_TIMESTAMP,
  `updated_at` datetime DEFAULT CURRENT_TIMESTAMP ON UPDATE CURRENT_TIMESTAMP,
  PRIMARY KEY (`id`),
  UNIQUE KEY `name` (`name`)
) ENGINE=InnoDB AUTO_INCREMENT=3 DEFAULT CHARSET=utf8mb4 COLLATE=utf8mb4_unicode_ci;
/*!40101 SET character_set_client = @saved_cs_client */;

--
-- Dumping data for table `like_status`
--

LOCK TABLES `like_status` WRITE;
/*!40000 ALTER TABLE `like_status` DISABLE KEYS */;
INSERT INTO `like_status` VALUES (1,'Like','2019-04-19 13:31:29','2021-02-19 16:40:15'),(2,' Dislike','2016-12-14 04:05:58','2021-02-19 16:40:15');
/*!40000 ALTER TABLE `like_status` ENABLE KEYS */;
UNLOCK TABLES;

--
-- Table structure for table `media`
--

DROP TABLE IF EXISTS `media`;
/*!40101 SET @saved_cs_client     = @@character_set_client */;
/*!50503 SET character_set_client = utf8mb4 */;
CREATE TABLE `media` (
  `id` int unsigned NOT NULL AUTO_INCREMENT,
  `user_id` int unsigned NOT NULL,
  `filename` varchar(255) CHARACTER SET utf8mb4 COLLATE utf8mb4_unicode_ci NOT NULL,
  `size` int NOT NULL,
  `metadata` varchar(255) CHARACTER SET utf8mb4 COLLATE utf8mb4_unicode_ci NOT NULL,
  `media_type_id` int unsigned NOT NULL,
  `created_at` datetime DEFAULT CURRENT_TIMESTAMP,
  `updated_at` datetime DEFAULT CURRENT_TIMESTAMP ON UPDATE CURRENT_TIMESTAMP,
  PRIMARY KEY (`id`)
) ENGINE=InnoDB AUTO_INCREMENT=201 DEFAULT CHARSET=utf8mb4 COLLATE=utf8mb4_unicode_ci;
/*!40101 SET character_set_client = @saved_cs_client */;

--
-- Dumping data for table `media`
--

LOCK TABLES `media` WRITE;
/*!40000 ALTER TABLE `media` DISABLE KEYS */;
INSERT INTO `media` VALUES (1,96,'http://dropbox.net/vk/Johns.mpg',133741,'{\"owner\":\"Duncan Johns\"}',1,'2011-02-16 09:40:31','2021-02-19 13:24:41'),(2,65,'http://dropbox.net/vk/Keeling.mpg',346913618,'{\"owner\":\"Elise Keeling\"}',2,'2012-01-26 09:34:05','2021-02-19 13:24:30'),(3,145,'http://dropbox.net/vk/Collins.mp3',323570,'{\"owner\":\"Dale Collins\"}',3,'2019-12-23 19:05:57','2021-02-19 13:24:30'),(4,63,'http://dropbox.net/vk/Stehr.mp3',90993,'{\"owner\":\"Jana Stehr\"}',3,'2015-12-29 01:09:22','2021-02-19 13:24:30'),(5,139,'http://dropbox.net/vk/Trantow.avi',922260,'{\"owner\":\"Jaqueline Trantow\"}',2,'2012-04-28 11:52:20','2021-02-19 13:24:41'),(6,69,'http://dropbox.net/vk/Kertzmann.avi',200077,'{\"owner\":\"Ethan Kertzmann\"}',3,'2017-12-26 12:18:15','2021-02-19 13:24:41'),(7,32,'http://dropbox.net/vk/Boyer.avi',223605,'{\"owner\":\"Ryan Boyer\"}',3,'2012-11-06 16:19:22','2021-02-19 13:24:41'),(8,81,'http://dropbox.net/vk/Pacocha.mp3',507796,'{\"owner\":\"Leonard Pacocha\"}',3,'2020-07-06 21:09:00','2021-02-19 13:24:41'),(9,103,'http://dropbox.net/vk/Torp.mp3',858165,'{\"owner\":\"Carlotta Torp\"}',2,'2012-07-24 00:37:01','2021-02-19 13:24:41'),(10,27,'http://dropbox.net/vk/Durgan.jpg',21327016,'{\"owner\":\"Earline Durgan\"}',3,'2016-07-01 15:54:14','2021-02-19 13:24:30'),(11,11,'http://dropbox.net/vk/Reichel.mpg',757436,'{\"owner\":\"Bella Reichel\"}',2,'2019-01-04 20:57:39','2021-02-19 13:24:41'),(12,32,'http://dropbox.net/vk/Boyer.avi',202685,'{\"owner\":\"Ryan Boyer\"}',3,'2021-02-07 11:36:45','2021-02-19 13:24:41'),(13,195,'http://dropbox.net/vk/Lang.mpg',731120,'{\"owner\":\"Viva Lang\"}',2,'2014-07-11 13:23:18','2021-02-19 13:24:41'),(14,101,'http://dropbox.net/vk/Corkery.avi',37546,'{\"owner\":\"Wendell Corkery\"}',1,'2017-11-07 23:52:51','2021-02-19 13:24:41'),(15,159,'http://dropbox.net/vk/Haley.mp3',984369,'{\"owner\":\"Ayden Haley\"}',3,'2012-11-09 09:54:42','2021-02-19 13:24:41'),(16,140,'http://dropbox.net/vk/Schowalter.avi',799206,'{\"owner\":\"Nicklaus Schowalter\"}',2,'2011-12-03 20:53:02','2021-02-19 13:24:41'),(17,38,'http://dropbox.net/vk/Lueilwitz.jpg',56615484,'{\"owner\":\"Danny Lueilwitz\"}',2,'2019-04-08 15:14:54','2021-02-19 13:24:30'),(18,179,'http://dropbox.net/vk/Spinka.jpg',32926,'{\"owner\":\"Elyse Spinka\"}',3,'2020-06-20 05:00:27','2021-02-19 13:24:41'),(19,6,'http://dropbox.net/vk/Braun.mp3',757013,'{\"owner\":\"Erika Braun\"}',2,'2012-08-06 02:25:20','2021-02-19 13:24:41'),(20,22,'http://dropbox.net/vk/Kulas.avi',5309088,'{\"owner\":\"Armando Kulas\"}',2,'2015-06-14 03:08:36','2021-02-19 13:24:30'),(21,107,'http://dropbox.net/vk/Nienow.jpg',676287,'{\"owner\":\"Zula Nienow\"}',1,'2019-09-27 06:33:57','2021-02-19 13:24:41'),(22,188,'http://dropbox.net/vk/Dare.avi',984077,'{\"owner\":\"Jerel Dare\"}',2,'2014-06-26 16:08:29','2021-02-19 13:24:30'),(23,62,'http://dropbox.net/vk/Willms.avi',439010,'{\"owner\":\"Jettie Willms\"}',1,'2012-03-07 15:05:31','2021-02-19 13:24:30'),(24,100,'http://dropbox.net/vk/Bernhard.mp3',807522,'{\"owner\":\"Korbin Bernhard\"}',2,'2012-06-21 04:50:27','2021-02-19 13:24:30'),(25,186,'http://dropbox.net/vk/Mayert.avi',819689,'{\"owner\":\"Orville Mayert\"}',2,'2017-02-16 07:35:20','2021-02-19 13:24:30'),(26,134,'http://dropbox.net/vk/Gottlieb.mpg',100396,'{\"owner\":\"Jeramie Gottlieb\"}',2,'2017-04-25 09:06:02','2021-02-19 13:24:41'),(27,55,'http://dropbox.net/vk/Conroy.avi',463118,'{\"owner\":\"Shemar Conroy\"}',1,'2014-08-28 17:40:13','2021-02-19 13:24:41'),(28,113,'http://dropbox.net/vk/Kessler.avi',94263026,'{\"owner\":\"Tabitha Kessler\"}',2,'2015-06-02 20:50:26','2021-02-19 13:24:30'),(29,154,'http://dropbox.net/vk/Howell.jpg',116107735,'{\"owner\":\"Dolores Howell\"}',2,'2017-10-01 21:56:52','2021-02-19 13:24:30'),(30,29,'http://dropbox.net/vk/Schulist.mpg',1004405,'{\"owner\":\"Jensen Schulist\"}',3,'2014-10-14 20:08:59','2021-02-19 13:24:41'),(31,73,'http://dropbox.net/vk/Dicki.mpg',856984453,'{\"owner\":\"Alexis Dicki\"}',3,'2011-11-15 18:21:24','2021-02-19 13:24:30'),(32,128,'http://dropbox.net/vk/Hyatt.mp3',777410,'{\"owner\":\"Eliza Hyatt\"}',1,'2020-01-18 00:34:08','2021-02-19 13:24:30'),(33,42,'http://dropbox.net/vk/Wintheiser.mp3',622672,'{\"owner\":\"Lucious Wintheiser\"}',3,'2016-05-02 05:02:52','2021-02-19 13:24:41'),(34,193,'http://dropbox.net/vk/McGlynn.avi',93375,'{\"owner\":\"Emmalee McGlynn\"}',3,'2016-10-25 01:13:09','2021-02-19 13:24:30'),(35,75,'http://dropbox.net/vk/Ortiz.jpg',280549550,'{\"owner\":\"Vesta Ortiz\"}',2,'2016-02-25 19:30:54','2021-02-19 13:24:30'),(36,132,'http://dropbox.net/vk/Jacobson.mpg',2670112,'{\"owner\":\"Angelita Jacobson\"}',2,'2013-04-19 23:50:27','2021-02-19 13:24:30'),(37,183,'http://dropbox.net/vk/Hermann.mpg',90144,'{\"owner\":\"Graham Hermann\"}',3,'2019-01-04 08:50:06','2021-02-19 13:24:41'),(38,161,'http://dropbox.net/vk/Hammes.mpg',96120,'{\"owner\":\"Marcel Hammes\"}',1,'2020-02-01 19:12:31','2021-02-19 13:24:30'),(39,33,'http://dropbox.net/vk/Kassulke.jpg',572707,'{\"owner\":\"Ivy Kassulke\"}',2,'2014-11-03 04:54:03','2021-02-19 13:24:41'),(40,135,'http://dropbox.net/vk/Hyatt.jpg',583101,'{\"owner\":\"Brianne Hyatt\"}',2,'2012-10-20 16:37:09','2021-02-19 13:24:41'),(41,46,'http://dropbox.net/vk/Walker.mp3',187387,'{\"owner\":\"Reggie Walker\"}',3,'2019-05-04 19:38:49','2021-02-19 13:24:41'),(42,189,'http://dropbox.net/vk/Harvey.mp3',384399930,'{\"owner\":\"Genevieve Harvey\"}',1,'2016-01-30 04:21:00','2021-02-19 13:24:30'),(43,168,'http://dropbox.net/vk/Gleason.mpg',98658,'{\"owner\":\"Joy Gleason\"}',1,'2018-03-04 01:27:36','2021-02-19 13:24:30'),(44,108,'http://dropbox.net/vk/Jones.jpg',177631,'{\"owner\":\"Elwin Jones\"}',2,'2012-11-14 18:10:56','2021-02-19 13:24:41'),(45,184,'http://dropbox.net/vk/Hermiston.jpg',315993,'{\"owner\":\"Nathanael Hermiston\"}',1,'2015-03-14 04:19:56','2021-02-19 13:24:41'),(46,20,'http://dropbox.net/vk/Dickinson.mpg',423106,'{\"owner\":\"Elfrieda Dickinson\"}',2,'2014-05-18 22:03:27','2021-02-19 13:24:30'),(47,133,'http://dropbox.net/vk/Willms.mpg',74948879,'{\"owner\":\"London Willms\"}',3,'2012-07-28 19:41:32','2021-02-19 13:24:30'),(48,96,'http://dropbox.net/vk/Johns.mpg',135831204,'{\"owner\":\"Duncan Johns\"}',3,'2013-08-01 07:20:09','2021-02-19 13:24:30'),(49,11,'http://dropbox.net/vk/Reichel.avi',37074,'{\"owner\":\"Bella Reichel\"}',2,'2015-08-14 13:22:34','2021-02-19 13:24:41'),(50,84,'http://dropbox.net/vk/Parker.avi',12543497,'{\"owner\":\"Aiyana Parker\"}',1,'2014-01-02 10:04:32','2021-02-19 13:24:30'),(51,164,'http://dropbox.net/vk/Cormier.mp3',3060597,'{\"owner\":\"Leif Cormier\"}',2,'2018-12-16 11:10:31','2021-02-19 13:24:30'),(52,5,'http://dropbox.net/vk/Mohr.mpg',771699,'{\"owner\":\"Carrie Mohr\"}',1,'2018-04-15 12:51:22','2021-02-19 13:24:30'),(53,94,'http://dropbox.net/vk/Rice.mpg',9237679,'{\"owner\":\"Liam Rice\"}',2,'2019-07-11 12:13:57','2021-02-19 13:24:30'),(54,52,'http://dropbox.net/vk/Fahey.jpg',81845019,'{\"owner\":\"Loyce Fahey\"}',3,'2013-12-13 04:30:41','2021-02-19 13:24:30'),(55,66,'http://dropbox.net/vk/Cremin.mpg',227390,'{\"owner\":\"Frederic Cremin\"}',2,'2014-08-04 10:16:57','2021-02-19 13:24:41'),(56,117,'http://dropbox.net/vk/King.mp3',85263,'{\"owner\":\"Braeden King\"}',2,'2015-01-19 10:43:05','2021-02-19 13:24:30'),(57,29,'http://dropbox.net/vk/Schulist.jpg',15730,'{\"owner\":\"Jensen Schulist\"}',2,'2019-03-31 18:09:34','2021-02-19 13:24:41'),(58,91,'http://dropbox.net/vk/Turcotte.mp3',386480,'{\"owner\":\"Emmalee Turcotte\"}',1,'2019-03-13 18:24:46','2021-02-19 13:24:41'),(59,118,'http://dropbox.net/vk/Spencer.jpg',15925,'{\"owner\":\"Watson Spencer\"}',2,'2013-09-04 07:05:43','2021-02-19 13:24:30'),(60,5,'http://dropbox.net/vk/Mohr.mpg',6775113,'{\"owner\":\"Carrie Mohr\"}',1,'2013-01-23 17:43:32','2021-02-19 13:24:30'),(61,33,'http://dropbox.net/vk/Kassulke.avi',7489639,'{\"owner\":\"Ivy Kassulke\"}',3,'2015-10-12 10:35:12','2021-02-19 13:24:30'),(62,135,'http://dropbox.net/vk/Hyatt.jpg',875213,'{\"owner\":\"Brianne Hyatt\"}',1,'2020-05-08 11:24:04','2021-02-19 13:24:41'),(63,187,'http://dropbox.net/vk/Powlowski.mpg',8390863,'{\"owner\":\"Julia Powlowski\"}',3,'2017-12-19 09:23:36','2021-02-19 13:24:30'),(64,194,'http://dropbox.net/vk/Donnelly.jpg',206622,'{\"owner\":\"Wilbert Donnelly\"}',1,'2016-08-12 19:34:03','2021-02-19 13:24:41'),(65,44,'http://dropbox.net/vk/Armstrong.jpg',397475,'{\"owner\":\"Joshua Armstrong\"}',3,'2019-09-20 02:45:06','2021-02-19 13:24:41'),(66,193,'http://dropbox.net/vk/McGlynn.avi',553335928,'{\"owner\":\"Emmalee McGlynn\"}',1,'2014-06-11 14:39:10','2021-02-19 13:24:30'),(67,147,'http://dropbox.net/vk/Heidenreich.avi',357507,'{\"owner\":\"Elisa Heidenreich\"}',1,'2014-10-17 04:07:57','2021-02-19 13:24:41'),(68,156,'http://dropbox.net/vk/Graham.mpg',84678,'{\"owner\":\"Khalid Graham\"}',3,'2015-10-28 14:27:32','2021-02-19 13:24:30'),(69,183,'http://dropbox.net/vk/Hermann.mp3',58737,'{\"owner\":\"Graham Hermann\"}',1,'2020-12-14 23:32:04','2021-02-19 13:24:30'),(70,187,'http://dropbox.net/vk/Powlowski.avi',585113,'{\"owner\":\"Julia Powlowski\"}',3,'2012-02-06 10:40:35','2021-02-19 13:24:41'),(71,191,'http://dropbox.net/vk/Fisher.mpg',843042,'{\"owner\":\"Ethel Fisher\"}',3,'2020-12-20 04:54:20','2021-02-19 13:24:41'),(72,78,'http://dropbox.net/vk/Koelpin.jpg',52643,'{\"owner\":\"Jane Koelpin\"}',3,'2014-01-25 21:08:44','2021-02-19 13:24:30'),(73,111,'http://dropbox.net/vk/Stoltenberg.mpg',449873,'{\"owner\":\"Llewellyn Stoltenberg\"}',2,'2011-09-12 16:15:24','2021-02-19 13:24:41'),(74,48,'http://dropbox.net/vk/Welch.avi',10146278,'{\"owner\":\"Jaleel Welch\"}',1,'2018-09-30 22:40:11','2021-02-19 13:24:30'),(75,2,'http://dropbox.net/vk/Cruickshank.jpg',347396,'{\"owner\":\"Albin Cruickshank\"}',3,'2015-04-30 08:24:01','2021-02-19 13:24:30'),(76,186,'http://dropbox.net/vk/Mayert.jpg',710238,'{\"owner\":\"Orville Mayert\"}',1,'2015-11-23 01:31:40','2021-02-19 13:24:41'),(77,37,'http://dropbox.net/vk/Corkery.jpg',191572,'{\"owner\":\"Maximillian Corkery\"}',2,'2013-09-25 02:01:22','2021-02-19 13:24:41'),(78,88,'http://dropbox.net/vk/Lind.mpg',817147,'{\"owner\":\"Emanuel Lind\"}',2,'2014-02-17 02:46:39','2021-02-19 13:24:41'),(79,182,'http://dropbox.net/vk/Wiegand.avi',589860,'{\"owner\":\"Caleigh Wiegand\"}',3,'2018-07-28 08:26:36','2021-02-19 13:24:30'),(80,33,'http://dropbox.net/vk/Kassulke.mpg',75084,'{\"owner\":\"Ivy Kassulke\"}',2,'2019-01-09 08:15:58','2021-02-19 13:24:30'),(81,108,'http://dropbox.net/vk/Jones.mpg',501020,'{\"owner\":\"Elwin Jones\"}',1,'2011-12-20 15:03:12','2021-02-19 13:24:41'),(82,94,'http://dropbox.net/vk/Rice.jpg',43661,'{\"owner\":\"Liam Rice\"}',3,'2014-03-21 22:31:59','2021-02-19 13:24:41'),(83,41,'http://dropbox.net/vk/Yost.mpg',705244,'{\"owner\":\"Gerda Yost\"}',3,'2018-11-17 08:56:52','2021-02-19 13:24:41'),(84,146,'http://dropbox.net/vk/Mitchell.jpg',385237,'{\"owner\":\"Katelin Mitchell\"}',2,'2018-04-11 10:19:55','2021-02-19 13:24:41'),(85,51,'http://dropbox.net/vk/Champlin.avi',26472253,'{\"owner\":\"Irma Champlin\"}',2,'2012-12-22 21:08:10','2021-02-19 13:24:30'),(86,52,'http://dropbox.net/vk/Fahey.mpg',660178943,'{\"owner\":\"Loyce Fahey\"}',1,'2016-08-06 02:56:41','2021-02-19 13:24:30'),(87,172,'http://dropbox.net/vk/Wuckert.mp3',744921,'{\"owner\":\"Alison Wuckert\"}',2,'2013-04-17 03:52:05','2021-02-19 13:24:30'),(88,180,'http://dropbox.net/vk/Jaskolski.mp3',800455,'{\"owner\":\"Maymie Jaskolski\"}',1,'2017-06-10 20:33:56','2021-02-19 13:24:41'),(89,109,'http://dropbox.net/vk/Becker.mp3',836564,'{\"owner\":\"Janis Becker\"}',2,'2015-12-09 12:40:51','2021-02-19 13:24:41'),(90,127,'http://dropbox.net/vk/Hahn.jpg',771455,'{\"owner\":\"Adrain Hahn\"}',2,'2014-06-11 06:07:37','2021-02-19 13:24:41'),(91,55,'http://dropbox.net/vk/Conroy.mp3',58774,'{\"owner\":\"Shemar Conroy\"}',3,'2015-04-18 07:36:31','2021-02-19 13:24:30'),(92,171,'http://dropbox.net/vk/Leffler.mpg',337582,'{\"owner\":\"Tyrique Leffler\"}',1,'2013-08-02 14:03:26','2021-02-19 13:24:41'),(93,143,'http://dropbox.net/vk/Kunze.avi',723795,'{\"owner\":\"Nikki Kunze\"}',2,'2019-11-06 00:48:04','2021-02-19 13:24:30'),(94,156,'http://dropbox.net/vk/Graham.mpg',363546,'{\"owner\":\"Khalid Graham\"}',2,'2012-02-18 15:16:36','2021-02-19 13:24:41'),(95,181,'http://dropbox.net/vk/Beer.avi',794987,'{\"owner\":\"Shayna Beer\"}',1,'2017-12-30 21:31:29','2021-02-19 13:24:41'),(96,88,'http://dropbox.net/vk/Lind.mpg',68303479,'{\"owner\":\"Emanuel Lind\"}',1,'2017-08-26 00:19:32','2021-02-19 13:24:30'),(97,66,'http://dropbox.net/vk/Cremin.jpg',656666007,'{\"owner\":\"Frederic Cremin\"}',3,'2016-07-10 11:17:44','2021-02-19 13:24:30'),(98,89,'http://dropbox.net/vk/Cole.mpg',874295,'{\"owner\":\"Tyree Cole\"}',2,'2016-10-24 01:13:06','2021-02-19 13:24:41'),(99,104,'http://dropbox.net/vk/Trantow.jpg',970862329,'{\"owner\":\"Sasha Trantow\"}',3,'2011-10-09 03:44:49','2021-02-19 13:24:30'),(100,187,'http://dropbox.net/vk/Powlowski.avi',976516,'{\"owner\":\"Julia Powlowski\"}',1,'2015-09-15 13:35:08','2021-02-19 13:24:41'),(101,105,'http://dropbox.net/vk/Schneider.mp3',79669103,'{\"owner\":\"Octavia Schneider\"}',2,'2013-12-17 01:18:35','2021-02-19 13:24:30'),(102,131,'http://dropbox.net/vk/Powlowski.mpg',249695,'{\"owner\":\"Beaulah Powlowski\"}',1,'2017-01-03 19:07:32','2021-02-19 13:24:41'),(103,183,'http://dropbox.net/vk/Hermann.avi',308927,'{\"owner\":\"Graham Hermann\"}',1,'2015-11-23 22:32:35','2021-02-19 13:24:41'),(104,192,'http://dropbox.net/vk/Feil.mpg',85392789,'{\"owner\":\"Maye Feil\"}',3,'2011-10-14 03:48:06','2021-02-19 13:24:30'),(105,105,'http://dropbox.net/vk/Schneider.mp3',1268920,'{\"owner\":\"Octavia Schneider\"}',1,'2018-12-09 04:02:49','2021-02-19 13:24:30'),(106,5,'http://dropbox.net/vk/Mohr.mpg',1652185,'{\"owner\":\"Carrie Mohr\"}',2,'2018-01-28 00:04:18','2021-02-19 13:24:30'),(107,34,'http://dropbox.net/vk/Bailey.mp3',14705779,'{\"owner\":\"Willa Bailey\"}',2,'2020-07-23 21:27:31','2021-02-19 13:24:30'),(108,56,'http://dropbox.net/vk/Blanda.mpg',785551,'{\"owner\":\"Pearl Blanda\"}',3,'2015-01-30 00:20:41','2021-02-19 13:24:41'),(109,145,'http://dropbox.net/vk/Collins.mp3',990973,'{\"owner\":\"Dale Collins\"}',1,'2018-06-18 17:35:41','2021-02-19 13:24:41'),(110,169,'http://dropbox.net/vk/Gottlieb.jpg',588213,'{\"owner\":\"Luis Gottlieb\"}',3,'2015-11-16 10:21:31','2021-02-19 13:24:41'),(111,196,'http://dropbox.net/vk/Bradtke.jpg',412446283,'{\"owner\":\"Kaitlyn Bradtke\"}',3,'2011-02-16 05:26:23','2021-02-19 13:24:30'),(112,2,'http://dropbox.net/vk/Cruickshank.avi',958147,'{\"owner\":\"Albin Cruickshank\"}',2,'2017-04-07 07:06:19','2021-02-19 13:24:41'),(113,146,'http://dropbox.net/vk/Mitchell.avi',74856,'{\"owner\":\"Katelin Mitchell\"}',3,'2016-08-30 23:23:10','2021-02-19 13:24:30'),(114,20,'http://dropbox.net/vk/Dickinson.jpg',16098,'{\"owner\":\"Elfrieda Dickinson\"}',2,'2014-08-11 03:52:15','2021-02-19 13:24:41'),(115,10,'http://dropbox.net/vk/Dicki.mpg',196049,'{\"owner\":\"Antonette Dicki\"}',1,'2017-07-16 10:54:23','2021-02-19 13:24:41'),(116,93,'http://dropbox.net/vk/O\'Kon.mpg',78695805,'{\"owner\":\"Burley O\'Kon\"}',1,'2018-12-20 10:52:16','2021-02-19 13:24:30'),(117,132,'http://dropbox.net/vk/Jacobson.avi',87907,'{\"owner\":\"Angelita Jacobson\"}',1,'2020-05-30 12:35:00','2021-02-19 13:24:30'),(118,138,'http://dropbox.net/vk/Nicolas.avi',921950,'{\"owner\":\"Nathan Nicolas\"}',1,'2012-05-27 04:27:42','2021-02-19 13:24:41'),(119,20,'http://dropbox.net/vk/Dickinson.mp3',253380600,'{\"owner\":\"Elfrieda Dickinson\"}',1,'2020-10-15 08:25:55','2021-02-19 13:24:30'),(120,52,'http://dropbox.net/vk/Fahey.jpg',864208852,'{\"owner\":\"Loyce Fahey\"}',1,'2019-07-07 11:33:00','2021-02-19 13:24:30'),(121,98,'http://dropbox.net/vk/Koss.mpg',18823,'{\"owner\":\"Audie Koss\"}',3,'2012-11-12 04:20:22','2021-02-19 13:24:30'),(122,140,'http://dropbox.net/vk/Schowalter.mp3',11603,'{\"owner\":\"Nicklaus Schowalter\"}',1,'2011-10-07 23:46:41','2021-02-19 13:24:41'),(123,136,'http://dropbox.net/vk/Schoen.jpg',282167,'{\"owner\":\"Reynold Schoen\"}',1,'2014-11-30 13:27:52','2021-02-19 13:24:41'),(124,125,'http://dropbox.net/vk/Renner.avi',7865443,'{\"owner\":\"Harry Renner\"}',1,'2013-08-12 21:13:17','2021-02-19 13:24:30'),(125,61,'http://dropbox.net/vk/Dickens.mpg',746505,'{\"owner\":\"Kim Dickens\"}',1,'2019-07-24 10:06:39','2021-02-19 13:24:30'),(126,118,'http://dropbox.net/vk/Spencer.mp3',366024,'{\"owner\":\"Watson Spencer\"}',3,'2020-12-14 16:47:10','2021-02-19 13:24:41'),(127,151,'http://dropbox.net/vk/Kilback.avi',973621,'{\"owner\":\"Augusta Kilback\"}',2,'2019-06-25 19:27:20','2021-02-19 13:24:41'),(128,61,'http://dropbox.net/vk/Dickens.avi',760034,'{\"owner\":\"Kim Dickens\"}',2,'2018-04-24 15:39:25','2021-02-19 13:24:41'),(129,158,'http://dropbox.net/vk/Breitenberg.avi',869309,'{\"owner\":\"Rylee Breitenberg\"}',2,'2018-03-09 21:09:45','2021-02-19 13:24:41'),(130,47,'http://dropbox.net/vk/Sauer.jpg',287233900,'{\"owner\":\"Brian Sauer\"}',3,'2020-11-08 23:39:09','2021-02-19 13:24:30'),(131,11,'http://dropbox.net/vk/Reichel.avi',886479,'{\"owner\":\"Bella Reichel\"}',2,'2015-02-10 12:39:18','2021-02-19 13:24:30'),(132,55,'http://dropbox.net/vk/Conroy.mp3',56440,'{\"owner\":\"Shemar Conroy\"}',2,'2015-09-22 11:34:06','2021-02-19 13:24:41'),(133,128,'http://dropbox.net/vk/Hyatt.mp3',664276,'{\"owner\":\"Eliza Hyatt\"}',3,'2015-07-15 03:03:33','2021-02-19 13:24:41'),(134,39,'http://dropbox.net/vk/Durgan.avi',90535,'{\"owner\":\"Sallie Durgan\"}',1,'2017-03-18 19:54:00','2021-02-19 13:24:30'),(135,184,'http://dropbox.net/vk/Hermiston.avi',79658,'{\"owner\":\"Nathanael Hermiston\"}',3,'2017-10-13 21:22:59','2021-02-19 13:24:30'),(136,66,'http://dropbox.net/vk/Cremin.jpg',94469,'{\"owner\":\"Frederic Cremin\"}',3,'2016-06-29 07:03:52','2021-02-19 13:24:30'),(137,157,'http://dropbox.net/vk/Aufderhar.jpg',142060,'{\"owner\":\"Shayna Aufderhar\"}',1,'2012-01-27 09:16:49','2021-02-19 13:24:41'),(138,19,'http://dropbox.net/vk/Hermann.mp3',57986,'{\"owner\":\"Remington Hermann\"}',3,'2021-01-23 02:08:24','2021-02-19 13:24:30'),(139,40,'http://dropbox.net/vk/Zulauf.mp3',707472,'{\"owner\":\"Max Zulauf\"}',1,'2016-08-18 01:47:43','2021-02-19 13:24:41'),(140,14,'http://dropbox.net/vk/Mayer.mpg',543013,'{\"owner\":\"Bryon Mayer\"}',2,'2017-07-28 04:07:05','2021-02-19 13:24:30'),(141,188,'http://dropbox.net/vk/Dare.mpg',101180,'{\"owner\":\"Jerel Dare\"}',3,'2015-10-25 00:59:25','2021-02-19 13:24:41'),(142,184,'http://dropbox.net/vk/Hermiston.jpg',373485,'{\"owner\":\"Nathanael Hermiston\"}',2,'2014-10-19 00:25:57','2021-02-19 13:24:41'),(143,99,'http://dropbox.net/vk/Schinner.jpg',553885,'{\"owner\":\"Paul Schinner\"}',3,'2014-03-18 14:55:38','2021-02-19 13:24:41'),(144,40,'http://dropbox.net/vk/Zulauf.mpg',638971,'{\"owner\":\"Max Zulauf\"}',3,'2015-06-15 22:24:23','2021-02-19 13:24:41'),(145,67,'http://dropbox.net/vk/Borer.jpg',67422,'{\"owner\":\"Wyatt Borer\"}',1,'2013-10-14 00:32:54','2021-02-19 13:24:30'),(146,141,'http://dropbox.net/vk/Champlin.avi',523199,'{\"owner\":\"Ernestine Champlin\"}',3,'2012-05-20 20:20:14','2021-02-19 13:24:41'),(147,16,'http://dropbox.net/vk/Corwin.jpg',474742,'{\"owner\":\"Andreanne Corwin\"}',3,'2016-05-14 06:53:58','2021-02-19 13:24:30'),(148,130,'http://dropbox.net/vk/Labadie.mp3',42181159,'{\"owner\":\"Brigitte Labadie\"}',3,'2019-03-08 04:31:40','2021-02-19 13:24:30'),(149,150,'http://dropbox.net/vk/Ferry.jpg',689082,'{\"owner\":\"Alysha Ferry\"}',1,'2015-06-07 23:29:29','2021-02-19 13:24:41'),(150,5,'http://dropbox.net/vk/Mohr.mp3',865816,'{\"owner\":\"Carrie Mohr\"}',3,'2017-03-18 20:59:41','2021-02-19 13:24:41'),(151,31,'http://dropbox.net/vk/DuBuque.jpg',251836,'{\"owner\":\"Mervin DuBuque\"}',3,'2011-08-19 20:32:52','2021-02-19 13:24:41'),(152,3,'http://dropbox.net/vk/Abernathy.jpg',14703,'{\"owner\":\"Joanne Abernathy\"}',2,'2020-04-25 14:51:51','2021-02-19 13:24:30'),(153,9,'http://dropbox.net/vk/Champlin.mp3',651729,'{\"owner\":\"Josiah Champlin\"}',1,'2011-04-21 01:08:22','2021-02-19 13:24:41'),(154,86,'http://dropbox.net/vk/Keebler.avi',582599,'{\"owner\":\"Garrick Keebler\"}',1,'2017-01-06 21:39:31','2021-02-19 13:24:30'),(155,53,'http://dropbox.net/vk/Mante.mp3',93390435,'{\"owner\":\"Krystina Mante\"}',1,'2013-02-14 00:58:08','2021-02-19 13:24:30'),(156,170,'http://dropbox.net/vk/Schaefer.avi',823797,'{\"owner\":\"Solon Schaefer\"}',1,'2012-09-09 00:48:23','2021-02-19 13:24:30'),(157,199,'http://dropbox.net/vk/Mayer.jpg',493138,'{\"owner\":\"Lukas Mayer\"}',2,'2019-08-08 18:50:20','2021-02-19 13:24:41'),(158,105,'http://dropbox.net/vk/Schneider.jpg',92412,'{\"owner\":\"Octavia Schneider\"}',3,'2014-02-19 12:53:19','2021-02-19 13:24:30'),(159,35,'http://dropbox.net/vk/West.jpg',500506,'{\"owner\":\"Tyrell West\"}',1,'2011-10-19 05:20:41','2021-02-19 13:24:41'),(160,7,'http://dropbox.net/vk/Labadie.mp3',675663,'{\"owner\":\"Elena Labadie\"}',1,'2018-12-15 00:18:15','2021-02-19 13:24:30'),(161,63,'http://dropbox.net/vk/Stehr.mp3',281444,'{\"owner\":\"Jana Stehr\"}',2,'2020-02-27 22:05:23','2021-02-19 13:24:30'),(162,184,'http://dropbox.net/vk/Hermiston.mp3',13115,'{\"owner\":\"Nathanael Hermiston\"}',2,'2015-08-17 00:51:34','2021-02-19 13:24:41'),(163,86,'http://dropbox.net/vk/Keebler.avi',26580009,'{\"owner\":\"Garrick Keebler\"}',2,'2019-04-30 23:30:25','2021-02-19 13:24:30'),(164,10,'http://dropbox.net/vk/Dicki.mp3',1516592,'{\"owner\":\"Antonette Dicki\"}',1,'2014-08-22 03:09:28','2021-02-19 13:24:30'),(165,26,'http://dropbox.net/vk/Casper.jpg',554056,'{\"owner\":\"Ebony Casper\"}',3,'2012-12-21 08:04:22','2021-02-19 13:24:41'),(166,174,'http://dropbox.net/vk/Conn.mp3',243523,'{\"owner\":\"Delmer Conn\"}',3,'2013-10-09 10:43:56','2021-02-19 13:24:30'),(167,16,'http://dropbox.net/vk/Corwin.mp3',720935,'{\"owner\":\"Andreanne Corwin\"}',3,'2018-04-22 21:14:09','2021-02-19 13:24:41'),(168,138,'http://dropbox.net/vk/Nicolas.avi',932510,'{\"owner\":\"Nathan Nicolas\"}',2,'2020-11-14 23:16:29','2021-02-19 13:24:41'),(169,154,'http://dropbox.net/vk/Howell.jpg',53165994,'{\"owner\":\"Dolores Howell\"}',1,'2020-12-23 23:21:02','2021-02-19 13:24:30'),(170,73,'http://dropbox.net/vk/Dicki.mpg',24326,'{\"owner\":\"Alexis Dicki\"}',3,'2013-02-12 08:07:06','2021-02-19 13:24:30'),(171,146,'http://dropbox.net/vk/Mitchell.jpg',8882478,'{\"owner\":\"Katelin Mitchell\"}',2,'2015-12-31 10:08:51','2021-02-19 13:24:30'),(172,186,'http://dropbox.net/vk/Mayert.avi',489743,'{\"owner\":\"Orville Mayert\"}',2,'2011-04-27 18:12:35','2021-02-19 13:24:41'),(173,181,'http://dropbox.net/vk/Beer.mpg',96444916,'{\"owner\":\"Shayna Beer\"}',2,'2016-02-20 07:13:26','2021-02-19 13:24:30'),(174,108,'http://dropbox.net/vk/Jones.jpg',85981,'{\"owner\":\"Elwin Jones\"}',1,'2019-02-25 18:06:45','2021-02-19 13:24:30'),(175,4,'http://dropbox.net/vk/O\'Connell.mp3',318210387,'{\"owner\":\"Hanna O\'Connell\"}',1,'2011-09-18 00:57:11','2021-02-19 13:24:30'),(176,116,'http://dropbox.net/vk/Terry.mp3',647223,'{\"owner\":\"Arnold Terry\"}',3,'2018-12-30 19:34:21','2021-02-19 13:24:30'),(177,44,'http://dropbox.net/vk/Armstrong.jpg',202207814,'{\"owner\":\"Joshua Armstrong\"}',2,'2019-12-31 13:57:31','2021-02-19 13:24:30'),(178,69,'http://dropbox.net/vk/Kertzmann.mp3',641186,'{\"owner\":\"Ethan Kertzmann\"}',2,'2017-04-25 18:17:26','2021-02-19 13:24:41'),(179,127,'http://dropbox.net/vk/Hahn.mpg',726701,'{\"owner\":\"Adrain Hahn\"}',3,'2012-05-05 14:49:40','2021-02-19 13:24:41'),(180,86,'http://dropbox.net/vk/Keebler.avi',66798,'{\"owner\":\"Garrick Keebler\"}',1,'2013-10-05 10:47:18','2021-02-19 13:24:30'),(181,127,'http://dropbox.net/vk/Hahn.mpg',3514621,'{\"owner\":\"Adrain Hahn\"}',2,'2011-07-12 04:48:27','2021-02-19 13:24:30'),(182,120,'http://dropbox.net/vk/Wolf.mp3',4205838,'{\"owner\":\"Jacquelyn Wolf\"}',2,'2019-06-29 12:36:04','2021-02-19 13:24:30'),(183,166,'http://dropbox.net/vk/Schinner.mpg',699947,'{\"owner\":\"Devonte Schinner\"}',1,'2018-03-05 03:48:29','2021-02-19 13:24:41'),(184,32,'http://dropbox.net/vk/Boyer.mpg',309635,'{\"owner\":\"Ryan Boyer\"}',3,'2014-06-12 09:38:35','2021-02-19 13:24:41'),(185,191,'http://dropbox.net/vk/Fisher.mpg',438333,'{\"owner\":\"Ethel Fisher\"}',3,'2014-05-17 10:02:18','2021-02-19 13:24:41'),(186,18,'http://dropbox.net/vk/Anderson.jpg',861580,'{\"owner\":\"Maxime Anderson\"}',3,'2020-11-09 10:36:05','2021-02-19 13:24:30'),(187,127,'http://dropbox.net/vk/Hahn.avi',890802,'{\"owner\":\"Adrain Hahn\"}',1,'2016-05-02 18:44:32','2021-02-19 13:24:30'),(188,77,'http://dropbox.net/vk/Corwin.avi',99026380,'{\"owner\":\"Dudley Corwin\"}',3,'2016-02-23 03:00:43','2021-02-19 13:24:30'),(189,32,'http://dropbox.net/vk/Boyer.mpg',43616,'{\"owner\":\"Ryan Boyer\"}',3,'2019-11-26 18:20:39','2021-02-19 13:24:30'),(190,139,'http://dropbox.net/vk/Trantow.mp3',644875,'{\"owner\":\"Jaqueline Trantow\"}',1,'2014-02-03 12:07:52','2021-02-19 13:24:30'),(191,6,'http://dropbox.net/vk/Braun.mp3',252759,'{\"owner\":\"Erika Braun\"}',1,'2015-04-25 18:40:45','2021-02-19 13:24:41'),(192,71,'http://dropbox.net/vk/McLaughlin.jpg',938797,'{\"owner\":\"Giles McLaughlin\"}',2,'2019-12-19 06:16:53','2021-02-19 13:24:41'),(193,83,'http://dropbox.net/vk/Kunde.mpg',85620946,'{\"owner\":\"Marianne Kunde\"}',3,'2013-10-13 04:46:29','2021-02-19 13:24:30'),(194,34,'http://dropbox.net/vk/Bailey.avi',925709,'{\"owner\":\"Willa Bailey\"}',2,'2011-09-23 15:47:41','2021-02-19 13:24:41'),(195,98,'http://dropbox.net/vk/Koss.jpg',90482,'{\"owner\":\"Audie Koss\"}',3,'2020-07-01 19:22:31','2021-02-19 13:24:30'),(196,155,'http://dropbox.net/vk/Shanahan.mp3',802156,'{\"owner\":\"Bradly Shanahan\"}',1,'2011-12-27 15:35:05','2021-02-19 13:24:41'),(197,13,'http://dropbox.net/vk/Hand.mp3',223654,'{\"owner\":\"Birdie Hand\"}',2,'2012-04-19 12:34:55','2021-02-19 13:24:41'),(198,150,'http://dropbox.net/vk/Ferry.mp3',701802,'{\"owner\":\"Alysha Ferry\"}',2,'2017-01-19 06:55:49','2021-02-19 13:24:41'),(199,95,'http://dropbox.net/vk/Kirlin.avi',828050,'{\"owner\":\"Rae Kirlin\"}',2,'2019-09-03 14:36:19','2021-02-19 13:24:41'),(200,164,'http://dropbox.net/vk/Cormier.avi',112391278,'{\"owner\":\"Leif Cormier\"}',3,'2017-06-03 11:37:57','2021-02-19 13:24:30');
/*!40000 ALTER TABLE `media` ENABLE KEYS */;
UNLOCK TABLES;

--
-- Table structure for table `media_types`
--

DROP TABLE IF EXISTS `media_types`;
/*!40101 SET @saved_cs_client     = @@character_set_client */;
/*!50503 SET character_set_client = utf8mb4 */;
CREATE TABLE `media_types` (
  `id` int unsigned NOT NULL AUTO_INCREMENT,
  `name` varchar(255) CHARACTER SET utf8mb4 COLLATE utf8mb4_unicode_ci NOT NULL,
  `created_at` datetime DEFAULT CURRENT_TIMESTAMP,
  `updated_at` datetime DEFAULT CURRENT_TIMESTAMP ON UPDATE CURRENT_TIMESTAMP,
  PRIMARY KEY (`id`),
  UNIQUE KEY `name` (`name`)
) ENGINE=InnoDB AUTO_INCREMENT=4 DEFAULT CHARSET=utf8mb4 COLLATE=utf8mb4_unicode_ci;
/*!40101 SET character_set_client = @saved_cs_client */;

--
-- Dumping data for table `media_types`
--

LOCK TABLES `media_types` WRITE;
/*!40000 ALTER TABLE `media_types` DISABLE KEYS */;
INSERT INTO `media_types` VALUES (1,'audio','2021-02-19 14:20:19','2021-02-19 14:20:19'),(2,'video','2021-02-19 14:20:19','2021-02-19 14:20:19'),(3,'image','2021-02-19 14:20:19','2021-02-19 14:20:19');
/*!40000 ALTER TABLE `media_types` ENABLE KEYS */;
UNLOCK TABLES;

--
-- Table structure for table `messages`
--

DROP TABLE IF EXISTS `messages`;
/*!40101 SET @saved_cs_client     = @@character_set_client */;
/*!50503 SET character_set_client = utf8mb4 */;
CREATE TABLE `messages` (
  `id` int unsigned NOT NULL AUTO_INCREMENT,
  `from_user_id` int unsigned NOT NULL,
  `to_user_id` int unsigned NOT NULL,
  `body` text CHARACTER SET utf8mb4 COLLATE utf8mb4_unicode_ci NOT NULL,
  `is_important` tinyint(1) DEFAULT NULL,
  `is_delivered` tinyint(1) DEFAULT NULL,
  `created_at` datetime DEFAULT CURRENT_TIMESTAMP,
  `updated_at` datetime DEFAULT CURRENT_TIMESTAMP ON UPDATE CURRENT_TIMESTAMP,
  PRIMARY KEY (`id`)
) ENGINE=InnoDB AUTO_INCREMENT=201 DEFAULT CHARSET=utf8mb4 COLLATE=utf8mb4_unicode_ci;
/*!40101 SET character_set_client = @saved_cs_client */;

--
-- Dumping data for table `messages`
--

LOCK TABLES `messages` WRITE;
/*!40000 ALTER TABLE `messages` DISABLE KEYS */;
INSERT INTO `messages` VALUES (1,82,65,'Voluptate enim occaecati adipisci eum ut sit ratione. Aut pariatur qui qui voluptatem aliquam aut. Dolorum occaecati voluptates tempore et.',0,1,'2020-11-13 20:48:52','2021-02-19 12:39:53'),(2,185,193,'Quia consequatur accusamus mollitia eius incidunt. Neque quae totam nisi vero perferendis velit. Ea odio voluptas iure recusandae quasi.',1,1,'2013-07-07 22:49:30','2013-09-17 18:01:16'),(3,158,109,'Ut consequatur repellendus voluptatem odio. Provident sequi sint ullam quas delectus cum et. Mollitia excepturi qui facere laboriosam optio ut et.',0,1,'2018-10-19 05:06:12','2021-02-19 12:39:53'),(4,85,114,'Error rerum ut rerum fugiat ut corporis. Perspiciatis dolore vitae earum vel. Temporibus consectetur molestiae eos eligendi voluptas aut eum. Quia deleniti qui eum omnis perspiciatis.',1,1,'2017-03-19 23:18:54','2021-02-19 12:39:53'),(5,21,65,'Doloremque rem sit amet maiores aliquid asperiores. Totam id beatae et et. Architecto vel dignissimos eos doloribus dolorem consequatur impedit necessitatibus.',1,1,'2018-09-25 04:54:23','2021-02-19 12:39:53'),(6,145,171,'Qui iure eaque rem minima. Perspiciatis explicabo optio magnam dicta. Omnis iusto non libero dolor.',1,0,'2017-07-20 05:01:23','2021-02-19 12:39:53'),(7,16,70,'Quo mollitia est eos voluptas. Dolores aut ut vel aut nostrum beatae et. Est recusandae ab debitis et temporibus nobis deleniti.',0,1,'2011-12-04 00:12:12','2015-12-04 21:07:07'),(8,97,172,'Eligendi eveniet labore et quia nihil. Totam asperiores in totam sunt voluptatem. Dolor cupiditate sed ipsa. Assumenda velit magnam delectus ducimus iste. Nemo neque rem ad facere.',0,0,'2020-05-08 03:44:06','2021-02-19 12:39:53'),(9,86,107,'Ut ut ipsum saepe omnis earum ut hic. Vel excepturi et eos iure. Consequatur deserunt provident minima quae natus blanditiis et impedit.',1,0,'2011-08-12 21:52:54','2016-03-11 06:25:03'),(10,102,192,'Quia id ipsum alias ex fuga qui. Autem omnis debitis et reiciendis. Sed recusandae ea maiores.',0,0,'2017-09-29 16:02:51','2021-02-19 12:39:53'),(11,165,9,'Quos inventore dolorum expedita. Sed voluptas dolor perspiciatis. Necessitatibus est ex nostrum quos.',0,1,'2012-07-10 23:51:54','2021-02-19 12:39:53'),(12,175,87,'Est sit corporis neque. Voluptates corrupti blanditiis aspernatur sint natus in aut. Dolorem facilis aut ducimus distinctio velit.',0,1,'2013-08-25 11:21:13','2017-09-05 09:05:14'),(13,189,104,'Autem quis in dolorum. Vero omnis quo hic quia. Earum quae rerum voluptatem vel. Rem voluptas dolor voluptatem natus doloremque.',1,1,'2012-04-29 18:12:35','2016-05-09 00:15:44'),(14,46,14,'Unde qui et hic eos. Minima et error molestiae consequatur iusto ullam possimus et. Expedita et enim sint ullam. Dolorum velit ut perferendis at libero.',1,0,'2013-05-03 22:00:54','2015-12-15 07:01:43'),(15,78,117,'Quibusdam consequuntur ullam laudantium harum eos quod ea. Dignissimos itaque dolores est numquam. Itaque delectus voluptatum aut est. Quibusdam voluptatem sit reiciendis rem autem sit cum.',0,0,'2018-06-17 04:18:41','2021-02-19 12:39:53'),(16,161,74,'Eos non et neque ex. Iusto et aut eveniet dolor nam vel et qui. Eligendi voluptatum nulla aut et eos.',0,1,'2018-01-28 00:40:15','2021-02-19 12:39:53'),(17,126,60,'Ipsa et molestiae est est ut. Consequatur ea quo sint et praesentium accusantium. Ut cumque rerum tempore ducimus nihil dignissimos.',1,0,'2015-04-18 00:53:07','2021-02-19 12:39:53'),(18,124,188,'Explicabo eos molestiae natus repudiandae. Distinctio optio est dicta est debitis. Dolorem quis cumque est recusandae porro veritatis vel. Voluptas voluptatum possimus nulla nihil explicabo.',1,1,'2013-11-25 10:11:50','2017-04-09 00:43:47'),(19,99,60,'Deleniti placeat aspernatur quis consequuntur laudantium sit. Natus aperiam neque est tempore. Repellendus minima dicta esse repellendus. Assumenda est voluptatem deserunt corporis vel consequatur.',0,0,'2013-08-05 15:44:30','2017-08-11 14:41:25'),(20,135,117,'Sunt aut voluptate in distinctio qui. Suscipit nemo nostrum facilis est quis nulla rerum amet. Et recusandae quae sapiente error. Neque ipsa pariatur doloribus laboriosam asperiores sint consequatur.',0,1,'2013-06-12 11:47:15','2021-02-19 12:39:53'),(21,183,179,'Perspiciatis incidunt aut nisi non ipsam incidunt deleniti rerum. Eveniet quia molestiae aspernatur. Omnis reiciendis animi fuga nostrum. Iure dolor sed accusantium esse est quod nobis.',1,1,'2017-09-17 05:38:27','2019-08-05 04:18:05'),(22,64,153,'Non cum eligendi ab explicabo qui dolorum ex. Nam atque nulla sit est dolores et. Ut aperiam dicta voluptate fugiat distinctio in voluptatibus. Dignissimos eos nostrum reiciendis praesentium.',0,1,'2016-03-13 10:52:11','2017-01-31 11:01:57'),(23,107,145,'Dolores ea rerum non sint ea odio. Repudiandae doloribus illo odit hic exercitationem.',0,0,'2016-02-08 10:13:43','2018-11-27 21:11:15'),(24,81,166,'Neque non modi porro doloribus. Iusto commodi similique illum ea doloribus illum. Dicta sunt et atque provident qui.',0,1,'2015-10-11 04:36:36','2017-05-09 09:54:23'),(25,164,54,'In corporis id tempora maxime. Maxime veniam eum accusamus. Corrupti laudantium tempore est earum sint ratione ut. Asperiores autem maiores nihil.',1,1,'2014-09-03 19:47:17','2021-02-19 12:39:53'),(26,120,177,'Est a minima nobis voluptatum odit. Suscipit id voluptates voluptatum officia similique. Provident sint dicta atque quo repellendus velit id.',0,1,'2013-01-14 11:24:15','2015-05-24 06:50:19'),(27,129,130,'Aut laudantium nihil aut quia maxime. Impedit corporis quis sed quos omnis enim. Unde dignissimos ex quibusdam tempora mollitia in unde.',1,0,'2020-10-22 05:51:03','2021-02-19 12:39:53'),(28,55,112,'Repellendus aut fugit quam natus. Quidem voluptas impedit sint facere. Et qui quisquam laborum.',0,0,'2016-01-05 06:54:24','2016-05-06 10:38:26'),(29,17,43,'Et explicabo nulla sint maxime reprehenderit maiores eveniet. Voluptatem est minus eum reiciendis ab molestiae. Enim voluptatem assumenda maxime. Maiores quidem velit eveniet occaecati.',0,1,'2018-07-03 03:29:38','2021-02-19 12:39:53'),(30,6,182,'Sunt itaque aliquid dolor vel. Provident at accusamus possimus delectus maiores nostrum iusto. Optio dolor illo id et officiis eius. Sint nulla doloremque in magni culpa nemo excepturi.',0,1,'2015-11-04 02:54:32','2017-02-22 19:57:56'),(31,173,136,'Ut quas autem et numquam nobis quae numquam at. Sint quia voluptatum hic omnis id. Qui et necessitatibus odit. Quia animi ad ipsum a molestiae.',1,1,'2017-06-02 13:38:08','2019-11-29 14:57:09'),(32,69,2,'Corrupti aliquid molestiae maxime distinctio possimus. Et doloremque tempore doloribus et aliquam ipsa. Sunt voluptas est necessitatibus alias. Rem et unde id eos rem.',1,0,'2011-05-14 18:44:11','2016-07-29 07:34:35'),(33,70,193,'Qui doloribus molestiae explicabo voluptatibus. Magnam et et porro consequatur voluptatem harum optio. Deserunt quia eius eaque sapiente assumenda culpa. Qui dolores ad distinctio odio.',1,1,'2017-04-10 23:29:10','2021-02-19 12:39:53'),(34,1,108,'Et velit quis amet quis sed. Eos vitae quia et. Sit omnis qui quam laborum animi sequi non modi.',1,0,'2017-09-04 16:59:41','2021-02-19 12:39:53'),(35,1,45,'Laboriosam tempore culpa fugit aut ea. Ea sunt qui quis autem maiores voluptatum. Dolore quibusdam molestias quo enim est omnis distinctio. Dolor et minima amet adipisci veritatis et non.',1,0,'2013-01-08 12:35:46','2018-10-31 01:29:42'),(36,33,79,'Natus nihil voluptatem eum quia repellendus nesciunt necessitatibus quae. Optio architecto qui voluptatem voluptatem qui quis molestiae quo. Qui dolore odio deserunt.',1,1,'2020-10-09 22:39:12','2021-02-19 12:39:53'),(37,9,91,'Optio doloribus sed laboriosam veniam voluptatibus. Est inventore aspernatur officiis dolorem.',0,1,'2020-03-29 02:30:40','2021-02-19 12:39:53'),(38,36,139,'Cupiditate minima eligendi dolorem laudantium. Eligendi quod dicta eos aut. Vel maiores vel eaque quia corporis culpa dolor unde. Ipsum porro illum excepturi ut voluptates fugit.',0,0,'2017-01-28 04:22:49','2018-10-02 23:35:06'),(39,155,100,'Natus non incidunt sunt expedita sunt et dolorem debitis. Incidunt illo illo sequi itaque quae nemo consequatur. Voluptatem eos ab tempora asperiores.',0,0,'2013-12-04 12:39:56','2015-12-04 13:47:37'),(40,149,96,'Ab labore voluptatibus cum et eaque veritatis quaerat animi. Delectus ab dolores ratione in. Reprehenderit voluptas et tenetur maiores.',0,1,'2019-06-25 10:13:22','2019-08-17 00:04:07'),(41,73,86,'Quia in reprehenderit velit dolores saepe et quaerat. Et sed recusandae possimus. Aut distinctio fugiat maxime pariatur eum nostrum voluptatem.',0,1,'2011-11-14 23:02:24','2014-09-02 00:54:11'),(42,180,150,'Aut doloremque similique consequuntur voluptas sapiente ipsam incidunt. Error et magnam recusandae sed pariatur.',1,1,'2020-06-11 02:48:45','2021-02-19 12:39:53'),(43,26,200,'Quod nulla maiores qui. Iste perferendis autem temporibus voluptas veritatis quia earum. Sequi eligendi maiores ut.',0,0,'2017-03-25 21:00:39','2021-02-19 12:39:53'),(44,77,71,'Commodi sed reiciendis pariatur voluptatum eum. Et possimus ut doloribus aliquid doloremque asperiores molestiae ut.',1,1,'2017-03-02 14:15:14','2021-02-19 12:39:53'),(45,141,47,'Asperiores quisquam autem aut voluptatem iste. Repellat molestiae itaque nam quia saepe odit. Earum et molestias cum labore ex. Delectus commodi facilis rerum eum.',0,0,'2013-02-01 14:00:48','2013-09-03 21:59:31'),(46,182,127,'Voluptatibus quo sunt nisi amet nobis. Ad eos animi temporibus autem quia magni molestiae. Tempore quia autem quo optio rerum.',1,1,'2013-08-18 12:10:05','2021-02-19 12:39:53'),(47,180,152,'Cum dolorem voluptas enim natus modi rerum officia. Doloremque ea voluptatem quod et. Placeat quia iusto sit similique. Repellat est minus alias blanditiis ab exercitationem.',0,1,'2013-05-08 19:56:41','2016-04-27 02:24:43'),(48,74,126,'Consequuntur rerum laudantium enim mollitia. Quia vel aliquid perspiciatis placeat. Excepturi minus aut voluptas culpa et voluptatem in.',0,0,'2016-09-29 21:56:27','2021-02-19 12:39:53'),(49,102,200,'Sunt et sunt ullam. Non natus in quia non. Ipsa consequatur maxime eum aperiam. Soluta magni et harum quia maxime et.',0,1,'2016-02-21 23:24:07','2019-10-18 15:03:09'),(50,8,55,'At autem sed est ab ut molestias. Deserunt ratione culpa et quia alias et deleniti alias. Recusandae quas eos quia et expedita. Reprehenderit nisi totam mollitia.',0,1,'2012-05-29 22:43:41','2012-11-29 14:47:25'),(51,68,12,'Accusantium cumque vel quidem ut. Et quidem consequatur eos reiciendis aut quam aut. Magnam autem nesciunt ipsum iste atque.',1,0,'2017-05-03 02:12:57','2021-02-19 12:39:53'),(52,32,195,'Assumenda repudiandae fuga quod nihil. Modi magnam voluptatem et explicabo omnis optio quae a. Quo iste minima aut ipsam.',0,0,'2013-10-05 03:10:17','2021-02-19 12:39:53'),(53,85,177,'Tenetur hic maxime nemo dolores. Voluptatibus porro a eveniet iusto molestias aut fugit et. Dignissimos nisi velit velit quidem placeat.',1,1,'2016-05-08 15:09:28','2019-10-24 15:42:40'),(54,114,32,'Quia qui est ex molestiae qui nihil. Voluptate deleniti culpa cumque quo voluptatem. Voluptatem rerum ducimus voluptas dicta.',1,0,'2021-02-07 08:16:08','2021-02-19 12:39:53'),(55,4,10,'In ea voluptatem nihil ut. Rerum fuga velit quia et rerum. Sed rerum nobis voluptas iusto pariatur eius. Expedita eveniet voluptatem maiores ex error quo.',1,1,'2013-10-23 12:16:08','2017-06-17 07:09:44'),(56,52,169,'Quasi beatae modi adipisci quia corrupti repellendus. In totam eum eos velit. Corporis quo ab vel error aut.',1,1,'2019-10-10 13:13:07','2021-02-19 12:39:53'),(57,158,85,'Est sint optio nemo aliquam eveniet. Dolores recusandae ut labore rem sunt fugit. Ratione consequatur ratione placeat voluptas optio nesciunt quasi.',0,1,'2013-03-20 17:53:10','2017-09-23 11:12:42'),(58,28,5,'Earum eveniet culpa autem repudiandae. Vitae dolorum eum accusantium impedit quod aliquam. Quasi repellendus cum reprehenderit qui qui. Consectetur aliquam ab enim accusamus eaque aperiam non.',1,1,'2016-07-31 11:23:53','2021-02-19 12:39:53'),(59,117,134,'Dolorem quia ab dolores fuga eos autem fuga. Nemo voluptatem aspernatur quis consequuntur cupiditate dolor. Nobis recusandae aliquam sed et dolorum aut aut.',0,1,'2019-02-14 09:09:32','2021-02-19 12:39:53'),(60,37,175,'Impedit molestiae nobis sint vero vitae molestiae voluptatum. Asperiores iusto sed aut dolores nobis eveniet. Ut qui quasi beatae labore.',0,1,'2014-10-13 17:56:55','2021-02-19 12:39:53'),(61,87,61,'Culpa esse aut id quam. Aliquam neque sunt dolor placeat ipsam beatae. Labore sequi architecto illo. In odit officiis quis beatae recusandae sapiente consequatur.',0,1,'2019-10-11 07:32:25','2021-02-19 12:39:53'),(62,62,66,'Incidunt recusandae et nostrum maiores. Autem esse similique rerum. Voluptatum eum ad cum in.',1,1,'2017-10-16 03:55:00','2021-02-19 12:39:53'),(63,90,15,'Ut explicabo dolor est dolorem officia tenetur qui et. Omnis quia esse omnis. Labore neque dolore voluptas voluptas nam velit earum.',0,1,'2017-07-06 23:27:27','2021-02-19 12:39:53'),(64,134,146,'Dolore sit distinctio laboriosam quibusdam nulla architecto. In consequuntur occaecati qui et ad et et. Necessitatibus quos quasi alias et aut labore.',1,0,'2013-05-18 12:32:37','2013-09-14 01:04:44'),(65,96,73,'Voluptas rem error omnis sint amet. Reprehenderit quia totam possimus modi rerum delectus. Nisi soluta ducimus illo. Voluptas excepturi et est nesciunt aut nobis et quia.',1,0,'2012-03-06 05:06:43','2020-08-10 22:34:12'),(66,115,27,'Maiores itaque enim quidem molestiae recusandae. Facere aut necessitatibus molestiae natus dolor. Qui architecto similique eum ut molestiae debitis. Et at omnis omnis omnis.',0,0,'2013-08-07 22:05:19','2015-10-31 15:58:55'),(67,54,107,'Laborum provident officiis optio voluptas est dolores. Debitis est numquam eveniet nobis aut ut maiores aperiam. Qui omnis voluptas dolores explicabo dolorem officiis sint.',0,0,'2018-06-15 18:52:31','2019-11-15 23:12:34'),(68,13,83,'Eos rerum ut voluptatem voluptatem nostrum hic. Nihil fuga eaque ut expedita commodi molestiae ut. Aut fugiat sapiente quia nisi. Sit dolorem explicabo laboriosam et qui laudantium ducimus.',0,1,'2020-08-05 16:03:30','2021-02-19 12:39:53'),(69,99,92,'Sit natus ex dicta sint vero debitis ut. Dolore dolores illo est in autem. Enim quis voluptatem saepe fugiat odio.',0,0,'2020-06-19 16:18:56','2021-02-19 12:39:53'),(70,134,163,'Officia architecto vitae accusantium quia vero amet. Quibusdam enim quisquam dolorum eaque cupiditate voluptate. Culpa qui sed impedit dolor delectus ea. Labore error dolores tempore est.',0,0,'2015-03-23 21:14:28','2016-09-11 18:44:20'),(71,185,113,'Voluptas et quod eaque assumenda eos. Ut ab magnam voluptatem quo necessitatibus. Similique ipsa similique eius.',1,1,'2016-04-13 23:02:48','2020-06-02 23:37:40'),(72,26,20,'Saepe enim consequatur ipsa ratione voluptas. Velit et ut dolore rerum. Fugiat quia ipsam suscipit non quia quisquam.',0,1,'2011-05-22 07:42:14','2020-03-21 00:06:29'),(73,113,82,'Qui dolorem beatae aut ipsam harum. Autem nesciunt accusamus dolorem.',0,0,'2020-03-11 05:00:33','2021-02-19 12:39:53'),(74,6,124,'Et illo harum vero nesciunt dolor voluptatem eos. Dolorem enim eligendi hic. Sunt voluptas iure ut nemo. Totam saepe deserunt ipsam delectus voluptates facere.',0,1,'2020-02-13 06:44:58','2021-02-19 12:39:53'),(75,196,68,'Aut nemo recusandae autem illum mollitia quos id hic. Officiis voluptatem quia hic. Et et tempora officiis. Qui dignissimos quibusdam dolor adipisci et aut magni.',1,1,'2019-07-26 12:03:43','2021-02-19 12:39:53'),(76,184,197,'Omnis ut laborum doloribus at. Aliquid voluptas est dolor sed quod debitis. Non rem excepturi ratione soluta praesentium impedit.',1,1,'2020-01-12 18:53:06','2021-02-19 12:39:53'),(77,129,111,'Perferendis et et soluta autem quae aut id. Aut mollitia perspiciatis id in eveniet quasi. Voluptas cupiditate asperiores pariatur enim non iure.',1,1,'2012-12-04 13:06:57','2021-02-19 12:39:53'),(78,198,139,'Numquam exercitationem aut odio odit veniam sunt. Qui dolorem dolore id corrupti omnis in. Alias et dolorum porro illum odit molestiae dolores. Aut quod nihil aut quis fugiat sit voluptates.',0,0,'2011-09-25 22:20:13','2018-06-15 04:44:35'),(79,179,62,'Sit blanditiis ducimus non aut totam iure nulla. Deleniti quas harum molestias et eaque recusandae. Aut voluptas inventore suscipit aut illo maxime soluta.',0,0,'2020-04-04 14:44:12','2021-02-19 12:39:53'),(80,84,104,'Odit cupiditate et optio totam atque assumenda. Id esse sed earum magni neque aut corrupti et. Maiores nesciunt laboriosam voluptas repellat. Occaecati minima et odit ut qui ea omnis.',1,1,'2020-10-25 15:19:42','2021-02-19 12:39:53'),(81,12,49,'Libero repellendus dignissimos et et aperiam enim ipsum ut. Nobis necessitatibus laborum et qui. Praesentium autem molestiae illo dolorem dicta repellat sunt.',0,0,'2018-09-03 02:06:35','2020-04-14 13:57:20'),(82,134,97,'Reiciendis rerum voluptate impedit nulla rerum exercitationem dolores. Suscipit aut et nam omnis optio et. Quo et molestias nihil perspiciatis officiis veritatis.',0,1,'2016-09-27 19:55:20','2021-02-19 12:39:53'),(83,91,55,'Non sunt at deserunt aut. Totam eligendi aut hic molestias. Voluptas sint voluptatem ut enim. Et molestiae voluptatum aliquam est fuga. Quam voluptatum molestiae vero fugiat vero repudiandae.',1,1,'2018-01-03 22:13:02','2021-02-19 12:39:53'),(84,167,44,'Tenetur nihil aperiam laboriosam tempore sit. Consequatur voluptatem impedit minus cumque. Voluptatibus et maiores illo nihil molestias.',1,0,'2013-01-08 04:48:28','2015-07-07 23:15:08'),(85,34,173,'Aut incidunt sint explicabo aut est. Porro nostrum quis nisi a soluta. Quia dolores atque odit quae blanditiis nam. Quo mollitia occaecati modi veritatis et.',0,1,'2019-08-04 13:20:27','2021-02-19 12:39:53'),(86,174,136,'Ex veritatis sed explicabo maiores. Autem iusto est deleniti rerum. Voluptatibus odio aspernatur molestiae quia cupiditate sit. Facilis laudantium tempore nemo et et qui.',1,1,'2014-05-18 19:50:58','2021-02-19 12:39:53'),(87,66,30,'Aliquid ut ut nostrum aliquam vel omnis. Nobis itaque animi asperiores numquam qui illum aliquam. Illum natus harum id animi sapiente eveniet.',0,1,'2019-10-13 02:50:47','2021-02-19 12:39:53'),(88,3,37,'Dolorem labore quo debitis ipsam animi. Tenetur et cum assumenda veritatis. Fuga beatae deserunt officiis facilis quo sint exercitationem.',0,1,'2016-03-24 04:12:00','2017-08-29 04:25:31'),(89,125,154,'Numquam veritatis minima repellat delectus iure qui enim. Soluta reprehenderit maiores natus aut soluta corrupti. Qui aliquam nemo porro sapiente labore. Magnam laborum qui necessitatibus.',0,1,'2019-04-05 07:42:50','2021-02-19 12:39:53'),(90,78,17,'Ex maxime non magni repellendus harum rerum. Non quas qui aut in est quo. Ab aliquid dolores quis neque accusamus.',1,0,'2015-07-09 11:18:20','2021-02-19 12:39:53'),(91,77,22,'Ex pariatur sit et voluptatibus. Illo inventore distinctio veritatis. Quis sit accusantium veritatis ut. In voluptatem ut et numquam et delectus.',1,1,'2016-10-23 09:59:48','2021-02-19 12:39:53'),(92,19,83,'Suscipit vel totam veniam cumque et corporis harum. Beatae fuga ea accusantium magnam ea quae. Voluptas autem qui quasi voluptatem. Quo ducimus cum aut eius a laudantium delectus.',0,1,'2016-10-20 13:46:23','2021-02-19 12:39:53'),(93,104,165,'Nostrum est culpa non id molestias. Officiis praesentium odio voluptas delectus fugit sit totam.',0,0,'2013-01-07 13:22:01','2020-03-12 04:04:11'),(94,178,108,'Voluptatem sapiente aut voluptate dignissimos culpa. Fuga totam sit dolor et. Ad fuga corporis quam ab exercitationem nobis. Architecto velit maiores corporis tenetur.',1,1,'2019-05-16 23:53:52','2021-02-19 12:39:53'),(95,15,199,'Voluptas inventore id sint fuga ipsam. Deserunt ut voluptatem architecto aut eaque sed eos.',1,1,'2015-04-29 04:24:35','2020-07-29 05:26:13'),(96,105,180,'Adipisci velit velit et corporis eos. Atque hic et quae nemo reiciendis sunt dolor. Quia id nemo voluptas fugit. Voluptatem minus facere sed.',0,1,'2018-09-19 01:06:26','2021-02-19 12:39:53'),(97,55,23,'Et aut nihil quidem. Omnis ipsum quibusdam rerum minima. Nam qui quia inventore eius nihil et. Sed vitae quas doloribus ratione iusto.',1,1,'2018-10-31 14:17:53','2021-02-19 12:39:53'),(98,137,63,'Voluptatum voluptatum atque eum beatae sit ad consequatur. Error et quo autem provident quia dolores culpa. Eum saepe voluptatum dignissimos ut ipsam sequi quia.',0,0,'2017-04-21 01:05:17','2021-02-19 12:39:53'),(99,39,114,'Beatae sint doloribus debitis eos ut beatae qui. Iste velit ut ea autem facilis cupiditate in. Quia rerum repellendus dignissimos explicabo ut et velit.',1,1,'2019-12-07 22:17:34','2021-02-19 12:39:53'),(100,32,6,'Velit accusantium necessitatibus quibusdam dicta. Tempora et quia optio odio molestias. Exercitationem et et libero sit cumque vitae animi voluptatibus.',0,0,'2019-04-01 00:43:04','2021-02-19 12:39:53'),(101,194,30,'Quasi hic ut est ut provident vel quidem. Non quo quibusdam unde impedit in vero. Voluptas facere dolor et iusto. Eos quod dolor sunt.',1,0,'2015-06-20 12:51:07','2021-02-19 12:39:53'),(102,115,79,'Ipsam eaque doloremque quasi consequuntur. Nulla ut et ut id quis. Minus est consequatur perspiciatis et modi.',1,1,'2019-07-31 12:46:44','2021-02-19 12:39:53'),(103,91,96,'Sed sit fuga officiis quasi ad aut. Accusamus alias suscipit vel voluptatum. Ad voluptatem aut suscipit aut. Tempora praesentium officia ipsa.',0,0,'2020-08-16 17:37:25','2020-12-01 22:12:49'),(104,171,16,'Voluptatum excepturi alias dolores blanditiis modi ut iste necessitatibus. Qui deserunt atque quod. Autem et aut enim laboriosam dolorem reiciendis.',1,1,'2012-11-30 13:44:26','2017-10-13 16:45:56'),(105,112,4,'Iste architecto quibusdam et ab quo et ea. Itaque nisi dolorum quia debitis quos tempora fugiat. Officia laudantium saepe libero sapiente. Cumque vel ipsa laborum eum debitis consectetur nisi.',1,0,'2015-10-02 05:58:17','2017-11-09 14:44:23'),(106,76,149,'Sed quidem eligendi quos ut. Excepturi id eum quis facere sequi voluptas. In voluptate tempore nam voluptatem in.',0,0,'2011-03-01 16:28:06','2019-10-14 15:19:03'),(107,9,19,'Qui voluptas quo ab necessitatibus rerum ea enim. Provident quia cumque iste impedit. Aperiam doloribus non in odio. Dolorem saepe aperiam est velit fuga soluta aut.',0,1,'2018-11-22 20:33:15','2021-02-19 12:39:53'),(108,86,75,'Et minima ut officia modi. Unde est voluptatem doloremque quaerat. Accusantium saepe beatae autem soluta ipsa maxime molestiae dolor.',0,0,'2016-05-18 17:02:01','2018-08-21 20:37:34'),(109,186,197,'Quasi quasi et mollitia pariatur possimus et. Aperiam quia quam quas ipsam aliquid. Numquam quia doloribus est soluta sunt voluptatem distinctio. Laborum iste ad nostrum vero qui accusantium nihil.',1,0,'2015-11-18 03:14:50','2021-02-19 12:39:53'),(110,7,107,'Reprehenderit necessitatibus nihil maiores. Laboriosam adipisci exercitationem architecto quis similique odio. Ut omnis quis corporis. Suscipit ut itaque dolorem.',0,1,'2011-12-09 10:45:25','2020-05-17 21:06:24'),(111,146,28,'Eos corrupti assumenda fugit nostrum. Quia ut reiciendis beatae voluptatem voluptatibus cupiditate labore. Perferendis est et commodi nesciunt qui.',1,1,'2020-03-16 23:04:01','2021-02-19 12:39:53'),(112,63,44,'Sit reiciendis eos magnam. Vero consequuntur hic veritatis. Voluptas incidunt ut non cum. Incidunt impedit optio quibusdam rem.',1,0,'2016-04-17 10:00:32','2016-06-14 13:05:25'),(113,68,77,'Ex est fugit corporis voluptatem sit. Ipsam consectetur quod minus quidem sunt. Est labore sunt id veritatis ab inventore quasi. Et recusandae quo iusto voluptatem itaque sequi.',1,0,'2013-07-19 22:20:05','2013-11-15 09:22:33'),(114,59,68,'Explicabo eligendi quae nam qui deleniti hic. Quis sed nihil earum veniam eveniet laborum. Aut eum magnam consequatur molestiae rerum placeat sit.',1,0,'2018-08-31 13:50:22','2021-02-19 12:39:53'),(115,101,38,'Eligendi exercitationem iure qui inventore. Similique et atque omnis ut. Et autem sit sit aliquid nam tempora. Exercitationem architecto similique nihil et voluptatum ut at possimus.',1,1,'2020-05-31 11:13:42','2021-02-19 12:39:53'),(116,93,17,'Ea quam dolorum a alias et. Quaerat aut expedita velit iure. In provident sequi adipisci voluptates saepe.',1,0,'2011-06-23 13:04:12','2019-03-09 21:49:38'),(117,160,124,'Et cum dolore quae aut quaerat et sunt. In enim aut dolor et enim optio dolores. Quas vitae quod sed ullam eaque. Ut cupiditate esse saepe.',1,1,'2015-12-14 16:23:21','2019-02-04 13:00:28'),(118,58,129,'Qui dignissimos aut in. Vitae earum consequatur voluptatibus repellendus aut illo. Dolorem ipsum placeat consectetur neque. Sapiente voluptatibus et a asperiores error.',1,0,'2011-06-11 22:33:31','2019-01-18 03:28:39'),(119,36,44,'Exercitationem hic voluptatem voluptatem est. Libero maiores autem hic quod quis in corrupti. Ut omnis cum laboriosam neque qui est. Perferendis molestias non natus.',1,1,'2012-09-30 00:44:52','2017-06-13 19:17:31'),(120,66,167,'Rerum accusamus quo debitis qui nisi soluta veniam deserunt. Aliquam nulla amet aspernatur qui voluptas assumenda modi. Quia quidem at quia iusto odio amet.',0,0,'2017-03-29 03:18:12','2021-02-19 12:39:53'),(121,19,57,'Dolores voluptatum tempora voluptatem eos sed odit sint. Aliquam ex repellat dolores enim occaecati voluptatem laborum. Enim incidunt odio quia eveniet non. Porro adipisci qui nesciunt molestiae a.',1,1,'2016-06-11 20:53:08','2021-02-19 12:39:53'),(122,99,57,'Est praesentium sit velit sit magnam sed. Nobis assumenda temporibus dolores nobis nobis veniam quibusdam.',0,0,'2019-10-24 23:00:23','2021-02-19 12:39:53'),(123,143,169,'Aperiam ut perferendis iste dolorem iusto. Sed rerum ducimus perspiciatis dolorem eos consequuntur. Maiores aut odit eum non incidunt.',1,0,'2020-03-22 18:27:03','2021-02-19 12:39:53'),(124,97,70,'Pariatur consectetur ut et illum vel reprehenderit. Quo perspiciatis corrupti amet cupiditate. Ut qui quam aliquam placeat non ducimus.',1,0,'2017-02-13 16:39:23','2021-02-19 12:39:53'),(125,58,4,'Asperiores quaerat ut tempora architecto. Voluptate odit delectus dolor. Itaque eaque quibusdam ullam voluptas tempora qui a illo. Sit ratione eos illum hic provident consequatur rerum non.',0,1,'2013-10-01 19:15:13','2014-12-30 08:58:43'),(126,155,157,'Asperiores dolore aut porro consequuntur. Voluptatem recusandae voluptatum id consequatur nesciunt. Harum perspiciatis praesentium dolores rerum iusto nihil deleniti quisquam.',1,1,'2012-09-15 01:59:48','2019-10-02 13:14:07'),(127,21,87,'Doloribus cum quidem et maxime atque. Id fugiat praesentium a dolorem reiciendis qui ullam. Sapiente reprehenderit nihil tempora veritatis doloremque molestias.',0,1,'2020-01-01 16:54:53','2021-02-19 12:39:53'),(128,52,8,'Et odio consectetur quo sed sequi. Assumenda nam est totam iusto temporibus et. Consequatur est sint quia rerum iure consequatur cupiditate.',0,1,'2013-03-02 22:51:08','2021-02-19 12:39:53'),(129,194,191,'Hic dolorem placeat atque ea voluptatem. Facere accusamus non itaque et nulla. Aut vel est sunt voluptatem nesciunt reprehenderit. Deserunt quia voluptas est ipsam ut asperiores consectetur.',0,1,'2017-11-20 00:33:43','2020-05-23 01:30:52'),(130,178,103,'Cum maxime dolores nisi id temporibus non. Sed iure aut reiciendis atque ab sapiente. Illo et asperiores culpa culpa.',0,1,'2017-03-12 04:54:36','2021-02-19 12:39:53'),(131,63,159,'Sed rerum quo ratione voluptatem praesentium. Et voluptas et recusandae. Amet aut architecto qui et sint. Libero voluptas quaerat occaecati.',1,1,'2015-06-27 05:10:26','2021-02-19 12:39:53'),(132,12,10,'Fugit aut reiciendis quos ipsa repellat aut mollitia. Quos ratione hic cupiditate. Deserunt qui modi officiis est temporibus. Molestiae aut cum sit. Tenetur repellendus error occaecati quod.',0,1,'2014-06-15 23:31:36','2015-10-08 01:52:36'),(133,185,171,'Laboriosam illum qui ut dignissimos voluptates libero quisquam. Delectus occaecati aliquam quia. Vel ipsam assumenda quia quia.',0,0,'2019-01-02 14:19:04','2021-02-19 12:39:53'),(134,113,46,'Earum deserunt et sit sed omnis autem nihil tempore. Autem iste aut omnis distinctio aut. Iusto odio et nesciunt enim. Odit amet iste dolorum cum et soluta illo.',1,1,'2021-02-03 18:37:44','2021-02-19 12:39:53'),(135,192,181,'Eum veniam ut expedita quae iure eius unde corporis. Ut doloremque temporibus incidunt aperiam animi quas. A minus et quia qui ad quaerat. Sit voluptas optio est.',0,0,'2012-05-15 22:58:11','2017-03-30 13:49:42'),(136,199,133,'Autem natus consequatur quam dolorem deserunt occaecati blanditiis. Eveniet ipsum eveniet ex provident. Blanditiis architecto numquam est saepe.',1,1,'2012-09-14 03:59:21','2020-06-05 07:26:59'),(137,108,122,'Facere eos non vero aut repellat. Repellendus ad consequuntur enim et corrupti eius eum.',1,1,'2012-04-22 05:14:25','2015-11-02 19:49:41'),(138,39,92,'Temporibus quis deserunt corrupti sunt ullam ipsa. Aut blanditiis aliquam velit. Eius et non placeat quod omnis quo. Adipisci quisquam minus qui ea accusantium.',0,0,'2013-11-05 18:31:47','2021-02-19 12:39:53'),(139,150,113,'Aperiam eligendi tempore quibusdam soluta voluptas. Tenetur iusto molestiae asperiores sit veritatis. Ut magnam inventore deleniti ducimus delectus quos sit.',0,1,'2013-04-03 03:38:39','2015-08-09 18:20:44'),(140,158,93,'Rerum voluptatem velit a voluptatibus tempore sit facere. Enim maxime consequatur expedita nihil. Sed id nihil eligendi porro et est.',0,1,'2015-03-21 18:35:18','2016-12-09 13:04:45'),(141,12,132,'Dicta ad molestias ea et harum facere. Rerum architecto eum earum porro dolorum repudiandae. Voluptatem expedita autem numquam aperiam harum. Quod optio et voluptas nesciunt velit id explicabo.',0,0,'2011-07-29 22:57:26','2016-11-25 05:50:47'),(142,82,40,'Asperiores consequuntur adipisci natus quis quos ad excepturi. At et et possimus ipsam explicabo ut exercitationem. Omnis accusamus quia quis saepe rem qui.',1,0,'2020-03-20 07:39:03','2021-02-19 12:39:53'),(143,162,84,'Qui occaecati et vero unde quidem provident magnam magnam. Voluptatem voluptate minus explicabo et. Ducimus et dignissimos in qui sunt autem enim. Veritatis vel illo facere sit.',1,0,'2019-04-11 22:43:18','2021-02-19 12:39:53'),(144,72,131,'Reprehenderit minus autem dolores dolores. Id aut et aspernatur quo voluptatem. Sit qui veritatis nemo quibusdam expedita.',1,0,'2016-11-30 01:19:45','2021-02-19 12:39:53'),(145,3,63,'Laudantium necessitatibus odio minus quam earum facere. Et corporis aut rem tenetur voluptate aut sequi. Odio voluptates illum ullam repudiandae expedita. Dignissimos iure earum velit qui minima.',0,0,'2017-08-12 18:11:13','2017-12-14 17:39:02'),(146,187,124,'Nemo ducimus ut adipisci ad voluptate ullam. Omnis qui molestiae aspernatur quis voluptatem incidunt placeat. Vitae et veritatis est sint.',1,1,'2020-09-25 16:44:11','2021-02-19 12:39:53'),(147,97,53,'Aut facilis esse eum cum. Consectetur voluptatibus repudiandae dolorem quibusdam. Maiores et a sit eligendi.',1,0,'2012-10-21 04:28:04','2021-01-10 19:09:05'),(148,146,22,'Ratione dolores necessitatibus eligendi quaerat et eligendi aspernatur libero. Excepturi omnis rerum minus eum ea fugiat aspernatur.',0,0,'2013-01-14 14:03:06','2021-02-19 12:39:53'),(149,144,79,'Et quibusdam sed deserunt pariatur. Deserunt commodi assumenda quam delectus. Optio aut temporibus nam aliquam rerum nesciunt ipsam.',1,1,'2020-06-30 09:16:09','2021-02-19 12:39:53'),(150,98,104,'Cum rerum voluptatem saepe quis recusandae corrupti. Sapiente et aut quam et quae. Nemo nesciunt dignissimos ipsum harum sapiente molestiae aut.',0,1,'2016-03-09 14:53:02','2017-10-26 13:57:10'),(151,166,177,'Voluptatem ipsum nulla quis at quo perspiciatis. Libero dolorum velit facilis.\nAd dolorem voluptatibus non sit amet. Fuga enim necessitatibus et illo. Ipsum sunt ad qui in eum alias et.',1,0,'2020-10-23 21:48:52','2021-02-19 12:39:53'),(152,82,78,'Qui omnis quaerat nihil perspiciatis enim nulla voluptas aspernatur. Nulla consectetur dignissimos mollitia voluptas dignissimos. Aut deserunt magni sunt et voluptate. Veritatis aperiam alias id aut.',0,0,'2012-05-03 18:53:04','2020-01-23 05:06:54'),(153,86,165,'Esse aut nisi et praesentium. Eveniet nam quia cupiditate sed. Dolor fugiat est eaque libero sed. Molestias eligendi laboriosam corrupti iusto occaecati aut.',1,1,'2016-10-31 03:24:03','2021-02-19 12:39:53'),(154,186,118,'Totam debitis facere consectetur ea sit alias. Aliquam non optio rerum ut. Quia sit ut sint ullam modi voluptas.',1,1,'2019-07-03 04:25:49','2021-02-19 12:39:53'),(155,104,14,'Nemo consectetur nemo numquam nihil eos voluptatem ullam. Unde sed harum odit quia fuga expedita. Aliquid est placeat enim placeat consequatur debitis et libero. Aut nihil necessitatibus qui dolorum.',1,1,'2013-07-20 08:24:38','2021-02-19 12:39:53'),(156,37,46,'Quo possimus ea eos. Sunt consequatur dolores quo nulla tempora esse. Est quis quis delectus officia odio a voluptas.',0,1,'2017-09-17 17:57:08','2021-02-19 12:39:53'),(157,134,83,'Sequi vel labore atque accusantium itaque atque voluptatem. Voluptatem aut et ipsum sed. Deserunt ducimus odio consequatur quasi. Laudantium omnis omnis in qui ab qui.',1,1,'2020-04-08 07:22:34','2021-02-19 12:39:53'),(158,35,76,'Maxime in beatae unde qui dolorum illum quia. Eveniet molestias natus iusto id aliquid. Voluptatem dolorem illo laborum asperiores reprehenderit. Quo et voluptatum quidem eaque voluptates.',0,1,'2015-03-19 03:09:04','2021-02-19 12:39:53'),(159,100,74,'Quos eaque autem voluptas earum molestias quisquam ea. Labore veritatis laudantium occaecati enim accusantium officiis. Blanditiis earum omnis autem a sed numquam cupiditate ducimus.',1,1,'2019-07-12 16:58:09','2021-02-19 12:39:53'),(160,33,79,'Nostrum perferendis voluptatem quasi placeat quia corporis. Et maxime qui iure nesciunt. Suscipit odit rem quia velit tempore autem. Sunt ad eos quam porro voluptatibus.',0,1,'2020-02-09 02:19:04','2021-01-19 10:45:22'),(161,158,139,'Et voluptas autem accusamus. Eum sequi sapiente atque nobis saepe eum illo. Ad eos nisi illo autem.',1,0,'2017-07-07 21:46:16','2019-06-01 14:09:22'),(162,64,93,'Officia qui dolores animi corrupti aut neque. Aliquam quia porro dolor. Voluptatum quaerat et eligendi saepe asperiores. Et eum consequatur eveniet molestiae saepe quidem dolor.',1,1,'2017-06-30 02:27:51','2019-09-02 00:31:01'),(163,108,157,'Dolore unde autem cum iusto. Earum quis consectetur quo quasi. Provident reprehenderit quia ullam quam velit nihil. Eum dolorum illum inventore.',0,0,'2013-03-22 22:43:16','2018-08-27 23:52:42'),(164,147,123,'Natus nisi aut aut et. Non possimus dolor dolores quis rerum iste. Quis est maiores ut repellat.',1,1,'2016-02-03 21:32:18','2018-07-06 05:40:10'),(165,17,35,'Dolor eos perferendis expedita est. Et sunt a doloremque accusantium quaerat maiores ea. Incidunt quae est eos atque et. Molestias autem est dignissimos voluptatem itaque consequatur ea laboriosam.',0,1,'2019-07-24 13:07:38','2021-02-19 12:39:53'),(166,122,27,'Magnam et voluptatem sunt non ut. Autem et ducimus qui velit commodi ab omnis optio. Non facere corrupti nihil ullam dolore sit placeat. Est est vel repellat.',0,1,'2011-12-22 01:39:45','2020-01-18 13:49:55'),(167,180,126,'Praesentium iure nulla officia maxime molestias. Quia dignissimos est delectus nesciunt dolores enim. Placeat vitae accusantium reprehenderit quia. Sit odit voluptates doloremque eveniet.',1,1,'2015-10-05 09:48:34','2018-04-20 15:09:23'),(168,25,140,'Consequatur consequatur voluptas consequatur adipisci dolores id omnis. Aut suscipit ab id veritatis autem odio. Ullam exercitationem blanditiis perspiciatis fugit voluptas optio.',0,1,'2011-05-22 00:49:50','2018-12-28 17:31:39'),(169,39,146,'Sit ex voluptatem et voluptates officia sit eum hic. Placeat dolor ipsa molestias eos dolorem facere atque. Natus id et sed impedit a aut dignissimos.',0,1,'2013-07-01 05:10:33','2019-12-20 14:12:19'),(170,186,185,'Modi error error dolorem voluptatem. Consequuntur repellendus molestiae et ipsa vel. Quia optio et iusto deleniti quibusdam sint enim.',1,1,'2011-07-05 13:29:07','2020-06-09 02:57:33'),(171,140,182,'Totam in natus molestiae omnis id sed. Recusandae ullam dolorum ut necessitatibus. Molestiae dignissimos eveniet id at.',1,1,'2012-09-03 03:04:55','2016-10-01 15:57:43'),(172,153,41,'Repellat et sunt ea autem est repudiandae. Eos minima et laudantium aut. Dolores ab consectetur odio quasi odio.',1,0,'2015-12-18 13:55:29','2019-11-28 14:30:35'),(173,23,11,'Quia expedita est voluptatem. Aspernatur similique quas fugiat id praesentium soluta. Dolorum omnis vel dolor illo molestiae voluptatem optio rerum. Ducimus corporis commodi non ea.',0,0,'2018-07-31 04:18:03','2019-04-03 20:29:51'),(174,174,101,'Sed aut labore quaerat aspernatur hic recusandae. Odit iste neque vitae dolores. Iusto rerum autem sit aperiam qui non doloremque nobis. At magni dolorum esse possimus.',1,0,'2017-03-25 05:25:56','2021-02-19 12:39:53'),(175,152,62,'Voluptas hic ut ad animi dolor. Cupiditate id molestias mollitia. Similique hic vitae ipsa et qui reprehenderit illo in. Et eligendi totam quos saepe ullam.',1,1,'2020-11-17 17:05:42','2021-02-19 12:39:53'),(176,157,31,'Et voluptatem temporibus esse ut. Voluptate harum qui optio ut. Ut officiis qui autem. Qui vitae ut accusantium rerum harum.',1,0,'2016-05-19 07:04:43','2021-02-19 12:39:53'),(177,49,159,'Quo id suscipit et earum quos. Doloremque similique molestias eos qui et. Et assumenda alias qui aut qui qui.',1,1,'2018-10-28 21:16:42','2021-02-19 12:39:53'),(178,92,87,'Ullam et ab eum iure ullam. Dolore perferendis est eaque in aut non aliquid. Veritatis ex magni explicabo iusto reprehenderit nulla.',0,1,'2012-01-05 15:18:13','2019-10-05 08:27:27'),(179,103,29,'Provident ex quia repudiandae. Rerum aut cupiditate qui ducimus occaecati. Corporis sed architecto nulla et ea inventore.',0,1,'2017-10-29 14:46:07','2019-03-28 18:16:31'),(180,174,134,'Inventore repellendus atque ut autem ut. Sed quisquam voluptatem dolores magnam pariatur porro sapiente quo. Esse libero deleniti quidem cumque ullam.',1,1,'2012-12-31 10:31:06','2015-01-15 17:50:18'),(181,21,47,'Quam ullam quia dolor omnis voluptatem itaque. Dolorem libero aut voluptas mollitia ratione necessitatibus voluptas. Aut nostrum qui ipsa saepe quasi molestiae.',0,0,'2014-03-01 19:10:53','2021-02-19 12:39:53'),(182,200,125,'Omnis dignissimos soluta voluptate nemo molestias veritatis. Qui quam iusto fugiat sed ab. Sit animi dolorem sed corrupti sequi excepturi. Ut dicta aliquam porro.',0,1,'2020-11-11 13:32:07','2021-02-19 12:39:53'),(183,65,88,'Officiis ad laboriosam aut. Error ducimus provident eos accusantium dolor architecto ea. Voluptate cumque natus consequatur molestiae excepturi ut.',1,0,'2012-02-13 17:01:19','2021-02-02 23:03:38'),(184,136,189,'Est qui molestias soluta facere et voluptatibus eum. Dolorum harum quidem autem. Ratione eaque dignissimos rem fuga.',1,1,'2015-07-08 18:49:17','2018-08-26 09:00:57'),(185,13,77,'Tempora fuga omnis voluptatibus excepturi. Aut dignissimos laborum quam consequatur et suscipit quam aliquid. Aut libero molestias autem magni sit placeat. Harum aut quis cum fuga cum hic pariatur.',1,0,'2015-07-16 13:42:56','2021-02-19 12:39:53'),(186,129,127,'Sed sit beatae dolor officiis. Non totam dolor consequatur reiciendis distinctio. Tempore et enim qui amet velit.',1,1,'2016-04-04 20:42:43','2020-09-08 09:56:49'),(187,173,168,'Aperiam rerum voluptatum eveniet ducimus architecto. Recusandae hic ea sequi ex facere. Fuga blanditiis itaque natus tempore. Est accusantium sint voluptatum quae.',1,1,'2016-02-05 19:30:30','2016-04-08 00:21:02'),(188,62,177,'Iste officia rerum et eius nulla. Et ab ipsa aut qui quam nisi saepe. Quae et voluptates aspernatur iste velit ullam.',0,0,'2017-02-10 06:52:02','2021-02-19 12:39:53'),(189,8,165,'Eaque ipsam temporibus voluptas nihil sequi. Adipisci sequi occaecati deserunt quam quasi dicta. Fugit ut odit nobis saepe eos. Recusandae similique molestiae nihil iusto aut voluptatem.',0,0,'2011-12-28 02:35:00','2020-08-31 10:43:57'),(190,81,132,'Enim pariatur aut corporis. Quia enim assumenda mollitia aliquam illum. Suscipit iusto labore aliquam labore perspiciatis. Ducimus architecto et sit aut non autem totam.',0,1,'2015-02-22 13:53:03','2016-07-30 07:35:05'),(191,90,3,'Quae possimus atque atque et nesciunt at in. Quod sint autem delectus ad temporibus optio aut. Ducimus quibusdam odit sint voluptatem omnis quis rerum.',1,0,'2018-10-20 01:53:27','2021-02-19 12:39:53'),(192,113,126,'Aperiam magnam et placeat voluptas ipsam assumenda accusantium. Minus aliquid maiores sit nostrum voluptates nesciunt. Et aut et voluptas.',0,0,'2012-01-21 21:10:11','2014-03-14 10:38:34'),(193,38,62,'Est est est qui quis voluptas rem. Placeat sit minus eligendi perspiciatis nam. Sunt harum sunt dolores iusto sunt ut. Nesciunt vel iste laboriosam temporibus.',1,0,'2012-11-03 02:01:31','2021-02-19 12:39:53'),(194,35,119,'Eos voluptas voluptas nisi autem. Sint dolor cumque qui iure. Consequatur ut autem commodi aut ex aperiam dolore.',0,0,'2020-10-31 16:40:36','2021-02-19 12:39:53'),(195,100,79,'Odio nam accusamus quo aut ratione rerum. Quo ullam eum dignissimos placeat. Molestias sit fugit omnis. Qui exercitationem possimus corrupti ut odio.',1,0,'2020-10-12 11:33:49','2021-02-19 12:39:53'),(196,28,110,'Officia quia qui quae laudantium aut. Dolores ipsam at dolores eum explicabo. Sit officia odio optio quo illo sed.',0,1,'2012-12-28 18:06:50','2013-05-05 21:03:50'),(197,166,61,'Libero quam enim illum impedit saepe temporibus. Perspiciatis saepe aut laborum officiis dignissimos ut dolor. Repudiandae nemo rerum qui magni et tempore velit eum.',0,1,'2015-12-30 11:26:18','2020-12-13 02:39:20'),(198,44,137,'At odit voluptas ut iusto et occaecati delectus. A corrupti dolores eos praesentium sed placeat omnis. Voluptate nihil cum ut. Neque deserunt eum optio at.',1,0,'2015-02-05 01:33:20','2021-02-19 12:39:53'),(199,195,29,'Praesentium nulla illum itaque unde. Ut ipsum non corporis ullam.',1,1,'2020-09-07 02:56:37','2021-02-19 12:39:53'),(200,145,32,'Officia voluptatibus in dolorem est qui. Quo et voluptates magni dolorum excepturi aut. Dolore voluptas consequuntur sunt ut omnis.',0,1,'2016-11-22 11:44:13','2021-02-19 12:39:53');
/*!40000 ALTER TABLE `messages` ENABLE KEYS */;
UNLOCK TABLES;

--
-- Table structure for table `profiles`
--

DROP TABLE IF EXISTS `profiles`;
/*!40101 SET @saved_cs_client     = @@character_set_client */;
/*!50503 SET character_set_client = utf8mb4 */;
CREATE TABLE `profiles` (
  `user_id` int unsigned NOT NULL COMMENT '  ',
  `gender` char(1) CHARACTER SET utf8mb4 COLLATE utf8mb4_unicode_ci NOT NULL COMMENT '',
  `birthday` date DEFAULT NULL COMMENT ' ',
  `photo_id` int unsigned DEFAULT NULL COMMENT '    ',
  `status_id` int unsigned DEFAULT NULL,
  `city` varchar(130) CHARACTER SET utf8mb4 COLLATE utf8mb4_unicode_ci DEFAULT NULL COMMENT ' ',
  `country` varchar(130) CHARACTER SET utf8mb4 COLLATE utf8mb4_unicode_ci DEFAULT NULL COMMENT ' ',
  `created_at` datetime DEFAULT CURRENT_TIMESTAMP COMMENT '  ',
  `updated_at` datetime DEFAULT CURRENT_TIMESTAMP ON UPDATE CURRENT_TIMESTAMP COMMENT '  ',
  PRIMARY KEY (`user_id`)
) ENGINE=InnoDB DEFAULT CHARSET=utf8mb4 COLLATE=utf8mb4_unicode_ci COMMENT='';
/*!40101 SET character_set_client = @saved_cs_client */;

--
-- Dumping data for table `profiles`
--

LOCK TABLES `profiles` WRITE;
/*!40000 ALTER TABLE `profiles` DISABLE KEYS */;
INSERT INTO `profiles` VALUES (1,'m','1992-05-24',17,1,'Rathfurt','Poland','2015-04-07 15:31:48','2021-02-18 20:19:22'),(2,'m','2012-09-06',1,2,'Aufderharland','South Africa','2012-09-20 11:58:21','2021-02-18 20:19:22'),(3,'m','1971-04-16',199,1,'Chayatown','Eritrea','2014-08-22 10:29:21','2021-02-18 20:19:22'),(4,'f','1970-11-05',142,2,'Alexanneside','Syrian Arab Republic','2020-09-19 04:05:34','2021-02-18 20:19:22'),(5,'m','1982-09-16',41,2,'East Jamison','Iran','2019-11-30 03:27:46','2021-02-18 20:19:22'),(6,'f','2000-02-10',45,2,'East Evaville','Nicaragua','2011-04-20 19:12:29','2021-02-18 20:19:22'),(7,'f','1992-05-13',54,2,'Lake Reedland','Libyan Arab Jamahiriya','2018-07-11 12:14:29','2021-02-18 20:19:22'),(8,'m','2005-07-21',19,2,'South Nikki','Paraguay','2020-02-20 02:35:45','2021-02-18 20:19:22'),(9,'f','2017-01-12',162,1,'Madalynberg','United Arab Emirates','2018-03-10 01:11:09','2021-02-18 20:19:22'),(10,'m','2020-08-18',26,2,'Lake Earnestinemouth','Sri Lanka','2012-09-27 15:10:47','2021-02-18 20:19:22'),(11,'m','2009-08-02',38,1,'West Malcolm','Malawi','2017-05-17 15:12:08','2021-02-18 20:19:22'),(12,'f','1982-07-17',158,2,'Lake Emilville','Nicaragua','2019-02-01 16:23:52','2021-02-18 20:19:22'),(13,'m','2006-11-25',41,2,'West Giovani','Lithuania','2017-02-22 13:12:04','2021-02-18 20:19:22'),(14,'m','1975-05-02',123,1,'Port Adriana','Bhutan','2016-10-18 17:03:24','2021-02-18 20:19:22'),(15,'f','1987-03-04',15,1,'West Maddisonport','San Marino','2018-04-11 00:56:56','2021-02-18 20:19:22'),(16,'m','1970-12-09',65,2,'East Libbieborough','Sierra Leone','2014-07-13 18:37:32','2021-02-18 20:19:22'),(17,'m','2013-12-08',161,1,'Abbottside','Bolivia','2015-06-15 02:59:20','2021-02-18 20:19:22'),(18,'f','2013-12-06',20,2,'Port Jacquelynmouth','Morocco','2014-11-13 20:39:51','2021-02-18 20:19:22'),(19,'m','1998-08-12',139,2,'New Caryfort','Gambia','2020-11-17 12:19:53','2021-02-18 20:19:22'),(20,'m','1987-07-10',171,1,'New Karl','Western Sahara','2020-08-09 09:54:08','2021-02-18 20:19:22'),(21,'f','1979-01-07',168,2,'South Jackeline','Uganda','2012-11-23 12:57:35','2021-02-18 20:19:22'),(22,'f','1990-04-07',57,2,'Port Dillan','Saint Helena','2012-05-27 09:45:56','2021-02-18 20:19:22'),(23,'m','1992-06-03',117,2,'Lemuelburgh','Georgia','2017-10-21 05:53:43','2021-02-18 20:19:22'),(24,'m','1983-05-15',19,1,'Ephraimhaven','Fiji','2012-04-01 22:04:01','2021-02-18 20:19:22'),(25,'m','1981-12-17',9,2,'Gislasonton','Costa Rica','2017-01-05 12:55:01','2021-02-18 20:19:22'),(26,'m','1983-02-07',183,1,'Schusterchester','Serbia','2014-08-10 04:54:20','2021-02-18 20:19:22'),(27,'m','2005-10-06',173,1,'Ansleybury','Togo','2017-09-20 07:17:34','2021-02-18 20:19:22'),(28,'f','2001-05-19',50,2,'West Glendastad','Yemen','2013-06-28 15:27:06','2021-02-18 20:19:22'),(29,'f','2015-04-09',189,1,'Schuppeville','Falkland Islands (Malvinas)','2011-11-06 18:31:50','2021-02-18 20:19:22'),(30,'f','1976-05-12',171,1,'South Oletachester','Sweden','2013-02-21 13:45:49','2021-02-18 20:19:22'),(31,'f','2013-03-05',95,2,'South Cade','Niger','2020-10-04 17:26:54','2021-02-18 20:19:22'),(32,'m','2010-01-07',198,2,'Krajciktown','Egypt','2017-09-06 19:56:39','2021-02-18 20:19:22'),(33,'f','1973-09-03',44,1,'Batzbury','Algeria','2018-03-17 09:59:09','2021-02-18 20:19:22'),(34,'m','1991-10-05',124,2,'Port Arnobury','Romania','2016-01-11 00:23:53','2021-02-18 20:19:22'),(35,'f','1985-04-09',196,1,'Daynaberg','Austria','2016-11-24 11:51:55','2021-02-18 20:19:22'),(36,'f','1974-07-04',1,2,'New Naomieport','Samoa','2021-02-16 09:08:00','2021-02-18 20:19:22'),(37,'m','1987-11-19',102,2,'Satterfieldside','Cocos (Keeling) Islands','2018-09-13 08:22:04','2021-02-18 20:19:22'),(38,'f','1975-05-06',113,2,'West Trishabury','Suriname','2014-04-10 10:50:32','2021-02-18 20:19:22'),(39,'m','2001-11-26',59,1,'East Carson','Mauritania','2011-07-03 08:31:22','2021-02-18 20:19:22'),(40,'m','2005-11-07',85,2,'Nitzscheburgh','Canada','2017-07-14 06:26:51','2021-02-18 20:19:22'),(41,'m','1989-12-19',173,1,'Port Adonis','French Guiana','2012-08-08 09:36:16','2021-02-18 20:19:22'),(42,'f','1974-12-14',87,2,'Hellerville','Turks and Caicos Islands','2020-05-30 14:47:14','2021-02-18 20:19:22'),(43,'f','1986-03-25',66,1,'South Lloydchester','Holy See (Vatican City State)','2016-08-10 10:55:32','2021-02-18 20:19:22'),(44,'f','1981-10-25',51,1,'Marquardtborough','Comoros','2011-06-19 21:42:33','2021-02-18 20:19:22'),(45,'m','1994-12-28',89,1,'Lake Krisport','Afghanistan','2014-08-21 02:40:13','2021-02-18 20:19:22'),(46,'m','2020-04-02',170,2,'North Emily','Zambia','2017-11-09 00:16:00','2021-02-18 20:19:22'),(47,'f','1991-04-09',24,1,'Keyshawntown','Martinique','2016-05-12 02:25:52','2021-02-18 20:19:22'),(48,'m','2011-09-26',19,1,'New Alta','Senegal','2017-12-17 02:40:48','2021-02-18 20:19:22'),(49,'f','2001-06-21',10,2,'Deborahborough','Russian Federation','2017-10-27 16:45:43','2021-02-18 20:19:22'),(50,'f','1982-07-02',89,1,'Dangeloside','Andorra','2020-04-04 10:47:01','2021-02-18 20:19:22'),(51,'f','2004-01-23',147,2,'Runtetown','Malta','2015-05-27 15:38:48','2021-02-18 20:19:22'),(52,'f','1997-05-31',175,2,'West Florencio','Sweden','2014-08-01 14:29:15','2021-02-18 20:19:22'),(53,'m','1988-05-02',165,1,'Leolaland','Myanmar','2020-01-02 21:45:11','2021-02-18 20:19:22'),(54,'m','1973-06-02',99,2,'Ziemannmouth','Jamaica','2015-03-13 22:43:39','2021-02-18 20:19:22'),(55,'m','1989-08-21',111,1,'South Juana','Suriname','2015-11-04 21:54:30','2021-02-18 20:19:22'),(56,'m','1981-07-05',199,1,'Melvinaton','China','2021-01-13 09:58:30','2021-02-18 20:19:22'),(57,'f','1984-02-27',15,1,'East Vincenzashire','Bahamas','2012-12-04 23:01:37','2021-02-18 20:19:22'),(58,'f','1971-12-23',147,2,'Kilbackmouth','Tunisia','2013-01-31 04:05:21','2021-02-18 20:19:22'),(59,'m','2014-12-15',96,1,'Mayerfurt','Sri Lanka','2013-07-28 09:27:48','2021-02-18 20:19:22'),(60,'f','2009-07-13',83,2,'South Roosevelt','Colombia','2020-04-26 15:37:54','2021-02-18 20:19:22'),(61,'f','1981-04-12',178,1,'North Erickaport','Wallis and Futuna','2019-11-17 19:34:12','2021-02-18 20:19:22'),(62,'f','1971-08-04',168,2,'Muellerberg','Rwanda','2017-05-27 12:25:35','2021-02-18 20:19:22'),(63,'f','1985-10-21',84,2,'Sauertown','Egypt','2012-05-14 18:35:12','2021-02-18 20:19:22'),(64,'m','2019-07-24',44,2,'Kyliemouth','Malta','2020-02-15 16:41:58','2021-02-18 20:19:22'),(65,'m','1979-03-26',115,1,'West Yasmine','Vanuatu','2011-05-29 22:32:36','2021-02-18 20:19:22'),(66,'m','1972-09-29',92,1,'Skylamouth','Tokelau','2016-07-20 04:44:05','2021-02-18 20:19:22'),(67,'f','1973-04-04',107,1,'Port Adelleberg','Canada','2018-04-05 09:05:54','2021-02-18 20:19:22'),(68,'f','2017-04-24',91,1,'Milfordport','Greenland','2012-02-11 20:53:21','2021-02-18 20:19:22'),(69,'m','1983-08-01',162,1,'Morissettetown','Kyrgyz Republic','2014-12-05 09:42:24','2021-02-18 20:19:22'),(70,'m','1974-10-06',40,2,'Deckowton','Egypt','2013-04-28 18:28:34','2021-02-18 20:19:22'),(71,'f','1978-11-10',58,2,'Johnsonfort','Macedonia','2019-01-02 23:47:39','2021-02-18 20:19:22'),(72,'m','1994-11-12',96,1,'Shanonbury','Bermuda','2012-09-07 11:25:57','2021-02-18 20:19:22'),(73,'f','1984-02-18',47,2,'Lake Monteborough','Guatemala','2011-11-22 18:41:23','2021-02-18 20:19:22'),(74,'m','1976-10-01',107,2,'Mertzview','Gambia','2018-03-10 15:28:15','2021-02-18 20:19:22'),(75,'m','1972-04-09',92,1,'South Vernieview','Papua New Guinea','2013-05-12 12:30:15','2021-02-18 20:19:22'),(76,'m','1997-02-26',55,1,'Miracleside','Saint Barthelemy','2014-01-27 23:44:06','2021-02-18 20:19:22'),(77,'m','1986-02-08',129,2,'Hayesview','Iceland','2011-10-31 05:02:05','2021-02-18 20:19:22'),(78,'m','1985-11-13',179,1,'Port Hayleyfurt','Nauru','2019-11-28 09:44:14','2021-02-18 20:19:22'),(79,'f','2003-09-11',143,1,'Port Roma','Tonga','2016-11-20 05:20:55','2021-02-18 20:19:22'),(80,'m','1999-07-12',16,2,'East Violafurt','Saudi Arabia','2011-11-30 04:43:05','2021-02-18 20:19:22'),(81,'m','1985-05-29',85,2,'Lake Marvin','United States Minor Outlying Islands','2013-03-11 14:07:47','2021-02-18 20:19:22'),(82,'m','1999-09-19',183,1,'Meredithside','Solomon Islands','2017-09-09 10:27:16','2021-02-18 20:19:22'),(83,'f','2009-04-06',47,1,'Aniyahland','Slovenia','2011-11-04 18:35:09','2021-02-18 20:19:22'),(84,'m','1997-05-03',150,2,'New Adeliaburgh','Venezuela','2012-12-21 09:52:19','2021-02-18 20:19:22'),(85,'f','2020-03-25',139,2,'West Estell','Jersey','2020-09-03 14:17:00','2021-02-18 20:19:22'),(86,'m','1996-09-14',150,2,'Tyreebury','Yemen','2018-08-08 18:42:59','2021-02-18 20:19:22'),(87,'m','1999-07-22',51,2,'New Darronland','Papua New Guinea','2019-03-21 12:09:06','2021-02-18 20:19:22'),(88,'f','1976-12-02',118,1,'South Lazaroland','Sao Tome and Principe','2017-09-25 12:56:02','2021-02-18 20:19:22'),(89,'m','1988-03-02',119,2,'Toyfort','Pitcairn Islands','2015-02-19 18:43:30','2021-02-18 20:19:22'),(90,'m','2001-10-22',33,1,'East Margieshire','Denmark','2017-07-21 03:52:40','2021-02-18 20:19:22'),(91,'f','1987-05-17',40,1,'Wildermanside','Costa Rica','2018-11-12 13:57:45','2021-02-18 20:19:22'),(92,'f','2009-07-06',177,2,'Lindtown','Kuwait','2015-10-24 12:42:53','2021-02-18 20:19:22'),(93,'m','2015-06-21',142,2,'Lake Alisafort','United Kingdom','2012-08-12 15:30:52','2021-02-18 20:19:22'),(94,'m','1971-04-16',127,2,'New Gregoriastad','Mauritius','2015-12-03 19:32:42','2021-02-18 20:19:22'),(95,'f','1997-08-31',117,2,'Port Savion','Mexico','2018-10-21 12:58:41','2021-02-18 20:19:22'),(96,'f','1978-07-28',34,1,'West Sigurd','Guyana','2012-11-05 18:27:02','2021-02-18 20:19:22'),(97,'m','1978-11-17',181,1,'Rhiannabury','Denmark','2013-02-17 09:24:45','2021-02-18 20:19:22'),(98,'m','1978-03-12',180,2,'O\'Konport','Belgium','2018-01-09 11:47:12','2021-02-18 20:19:22'),(99,'m','1974-12-11',10,1,'Port Crystel','Denmark','2012-08-26 21:05:11','2021-02-18 20:19:22'),(100,'m','2005-08-08',170,1,'Kenyonview','Guernsey','2012-07-29 03:45:19','2021-02-18 20:19:22'),(101,'m','1985-07-26',42,2,'Waelchiberg','Puerto Rico','2013-09-18 02:21:20','2021-02-18 20:19:22'),(102,'m','2017-09-05',46,2,'Bobbieport','China','2012-02-20 20:09:39','2021-02-18 20:19:22'),(103,'f','2017-11-22',159,1,'Willburgh','Bangladesh','2016-10-11 22:14:02','2021-02-18 20:19:22'),(104,'f','1992-09-26',129,2,'East Laury','Gibraltar','2018-05-11 11:09:15','2021-02-18 20:19:22'),(105,'m','1970-03-06',149,2,'Braunside','Israel','2020-10-17 08:23:08','2021-02-18 20:19:22'),(106,'f','2007-06-02',189,1,'Terrenceberg','Malaysia','2014-06-05 14:54:00','2021-02-18 20:19:22'),(107,'m','1978-07-06',32,2,'Lake Tamara','Philippines','2019-02-12 17:12:55','2021-02-18 20:19:22'),(108,'f','1996-11-27',124,2,'Brooksberg','Bulgaria','2016-05-20 19:15:26','2021-02-18 20:19:22'),(109,'m','2007-09-15',114,1,'Reichelview','Macedonia','2012-11-06 16:47:55','2021-02-18 20:19:22'),(110,'f','1995-05-02',167,1,'West Louview','Saint Vincent and the Grenadines','2018-04-19 17:47:31','2021-02-18 20:19:22'),(111,'m','1983-08-31',67,1,'New Abdulberg','Morocco','2011-09-19 17:37:43','2021-02-18 20:19:22'),(112,'f','1991-11-14',32,1,'West Frederique','Haiti','2017-01-09 18:28:28','2021-02-18 20:19:22'),(113,'f','2010-06-17',41,2,'West Reinaland','Equatorial Guinea','2019-01-08 14:24:12','2021-02-18 20:19:22'),(114,'m','1986-03-21',155,1,'Hanston','Iran','2013-04-17 09:27:19','2021-02-18 20:19:22'),(115,'m','2006-02-03',80,2,'Granvilleville','Aruba','2018-09-07 17:15:28','2021-02-18 20:19:22'),(116,'m','2009-05-18',152,2,'Estherstad','Kenya','2016-04-23 14:12:16','2021-02-18 20:19:22'),(117,'f','1974-04-17',16,2,'North Katlynnfurt','Palau','2020-05-23 22:38:27','2021-02-18 20:19:22'),(118,'f','1973-03-02',110,1,'Ewaldbury','Czech Republic','2019-05-09 18:37:17','2021-02-18 20:19:22'),(119,'m','2004-08-29',158,2,'South Michaelatown','Marshall Islands','2016-09-23 11:34:02','2021-02-18 20:19:22'),(120,'f','2005-06-02',57,2,'South Virginiafurt','Mauritius','2016-07-06 23:31:53','2021-02-18 20:19:22'),(121,'f','2000-05-22',135,1,'Lubowitzhaven','Belize','2012-03-07 04:13:29','2021-02-18 20:19:22'),(122,'f','2014-05-16',58,1,'Lethachester','Nauru','2012-05-13 03:28:18','2021-02-18 20:19:22'),(123,'m','1974-03-12',37,2,'West Arden','Trinidad and Tobago','2018-12-11 23:00:38','2021-02-18 20:19:22'),(124,'m','1991-08-11',107,1,'New Zelma','Zimbabwe','2013-12-11 15:07:56','2021-02-18 20:19:22'),(125,'f','2018-09-11',163,2,'Katherineside','Liberia','2014-01-10 19:15:32','2021-02-18 20:19:22'),(126,'f','1971-12-27',27,2,'Laurenceland','Yemen','2014-10-28 01:57:35','2021-02-18 20:19:22'),(127,'m','1999-04-25',37,1,'Patport','Malawi','2020-01-02 17:29:22','2021-02-18 20:19:22'),(128,'m','1983-06-30',99,1,'Tysonborough','Palau','2015-02-01 23:10:05','2021-02-18 20:19:22'),(129,'m','1994-05-27',31,1,'Ryantown','Maldives','2013-09-17 09:45:16','2021-02-18 20:19:22'),(130,'f','2014-07-07',185,1,'New Nikofort','Jersey','2015-12-06 00:00:42','2021-02-18 20:19:22'),(131,'f','1979-11-04',63,1,'North Lexuschester','Hungary','2019-08-14 04:28:11','2021-02-18 20:19:22'),(132,'f','2002-08-28',45,2,'Reginaldport','Tajikistan','2013-10-17 01:52:39','2021-02-18 20:19:22'),(133,'m','1972-03-15',176,2,'East Claudia','Somalia','2012-02-18 17:55:36','2021-02-18 20:19:22'),(134,'m','1978-05-01',111,2,'West Trevorstad','Maldives','2014-08-19 03:52:27','2021-02-18 20:19:22'),(135,'m','1976-12-23',102,1,'New Maribeltown','United Arab Emirates','2014-10-01 22:05:13','2021-02-18 20:19:22'),(136,'m','2014-12-27',133,2,'Leonehaven','Palau','2012-03-26 04:08:52','2021-02-18 20:19:22'),(137,'f','2018-08-17',151,1,'East Ana','Hungary','2014-06-02 20:47:22','2021-02-18 20:19:22'),(138,'f','2000-03-25',194,2,'Nellaview','Liberia','2020-11-27 16:07:11','2021-02-18 20:19:22'),(139,'f','2020-03-07',117,1,'Faytown','Faroe Islands','2019-01-13 11:13:00','2021-02-18 20:19:22'),(140,'m','1993-12-15',83,1,'Armstrongstad','Costa Rica','2015-11-27 01:42:39','2021-02-18 20:19:22'),(141,'f','1994-09-14',62,2,'Lake Elmerchester','Cambodia','2011-06-06 14:05:08','2021-02-18 20:19:22'),(142,'f','2007-11-18',7,1,'New Bethany','Norfolk Island','2016-05-18 13:44:13','2021-02-18 20:19:22'),(143,'f','1977-09-03',19,2,'Port Jocelyn','Reunion','2011-07-28 08:40:32','2021-02-18 20:19:22'),(144,'m','2013-10-21',51,2,'North Luisa','Morocco','2012-03-27 16:58:47','2021-02-18 20:19:22'),(145,'m','2020-12-15',48,2,'Destanyside','Guernsey','2014-03-30 13:33:20','2021-02-18 20:19:22'),(146,'m','2020-02-29',14,1,'South Dave','Egypt','2015-07-19 18:29:21','2021-02-18 20:19:22'),(147,'m','2001-06-17',160,1,'Lake Everetteland','Guernsey','2017-11-17 23:23:25','2021-02-18 20:19:22'),(148,'m','1981-07-14',106,1,'North Kayaborough','Saint Helena','2013-06-13 15:26:21','2021-02-18 20:19:22'),(149,'m','2000-05-15',64,1,'New Dejuan','Indonesia','2012-04-18 09:44:49','2021-02-18 20:19:22'),(150,'m','1983-04-11',59,1,'South Lance','Antarctica (the territory South of 60 deg S)','2012-06-12 12:59:05','2021-02-18 20:19:22'),(151,'m','2002-01-14',32,1,'Rueckerview','British Indian Ocean Territory (Chagos Archipelago)','2020-09-28 10:34:17','2021-02-18 20:19:22'),(152,'m','2001-08-08',79,1,'Lake Priscilla','Andorra','2013-06-26 05:39:05','2021-02-18 20:19:22'),(153,'m','1996-05-13',155,1,'West Chesleymouth','Guernsey','2012-10-09 04:02:33','2021-02-18 20:19:22'),(154,'f','1971-07-23',197,1,'West Meredithhaven','Haiti','2011-11-16 12:15:42','2021-02-18 20:19:22'),(155,'m','1986-11-03',171,1,'Bartolettiside','Bhutan','2015-02-04 18:58:35','2021-02-18 20:19:22'),(156,'m','2019-07-21',29,2,'Kuvalishaven','Croatia','2019-07-12 07:30:02','2021-02-18 20:19:22'),(157,'f','1978-08-18',59,1,'Kassulkehaven','Angola','2012-05-13 23:22:49','2021-02-18 20:19:22'),(158,'f','1976-06-15',101,1,'East Mohammed','Mauritius','2016-10-25 05:55:39','2021-02-18 20:19:22'),(159,'f','2016-06-07',138,1,'Lake Blancheton','Hong Kong','2012-04-26 12:52:56','2021-02-18 20:19:22'),(160,'m','2011-10-06',27,1,'Goodwinport','Vanuatu','2016-01-02 04:00:09','2021-02-18 20:19:22'),(161,'m','1979-03-07',143,2,'Jarretstad','Pitcairn Islands','2015-05-28 21:29:29','2021-02-18 20:19:22'),(162,'m','1983-01-11',28,2,'Leonieport','Venezuela','2016-02-10 15:40:05','2021-02-18 20:19:22'),(163,'m','1973-05-20',104,1,'Bernadetteburgh','Brunei Darussalam','2020-10-28 18:03:12','2021-02-18 20:19:22'),(164,'f','1994-10-11',42,2,'New Jordyn','Latvia','2014-04-01 19:35:57','2021-02-18 20:19:22'),(165,'m','1980-01-29',176,2,'McGlynnmouth','Heard Island and McDonald Islands','2015-02-08 08:24:16','2021-02-18 20:19:22'),(166,'f','1978-10-11',136,2,'Kirkton','New Zealand','2013-10-16 06:59:04','2021-02-18 20:19:22'),(167,'m','1984-03-31',171,1,'Braedenland','Afghanistan','2019-02-25 08:44:24','2021-02-18 20:19:22'),(168,'m','1984-06-21',12,2,'Rachaelchester','Finland','2021-01-13 14:36:19','2021-02-18 20:19:22'),(169,'f','2017-11-02',129,2,'South Lomahaven','Kenya','2016-04-15 14:20:28','2021-02-18 20:19:22'),(170,'f','1985-01-07',192,1,'West Trey','Swaziland','2020-07-02 06:25:08','2021-02-18 20:19:22'),(171,'m','2009-03-27',60,2,'Adelinebury','Swaziland','2015-02-17 12:53:34','2021-02-18 20:19:22'),(172,'m','1990-02-21',156,1,'Friesenside','Syrian Arab Republic','2016-01-28 11:09:38','2021-02-18 20:19:22'),(173,'m','1983-03-19',180,2,'Hermannshire','Eritrea','2012-08-08 03:28:45','2021-02-18 20:19:22'),(174,'m','1977-10-01',44,1,'North Elisabethbury','Honduras','2017-05-11 21:29:20','2021-02-18 20:19:22'),(175,'f','1973-05-21',15,1,'South Jacintheberg','United Arab Emirates','2011-07-28 10:28:18','2021-02-18 20:19:22'),(176,'f','1992-12-02',192,1,'South Leilani','Macao','2016-06-19 15:16:43','2021-02-18 20:19:22'),(177,'f','1990-03-16',172,2,'West Staceybury','Zimbabwe','2012-09-30 11:18:18','2021-02-18 20:19:22'),(178,'m','1992-08-01',133,1,'Garthhaven','Turks and Caicos Islands','2020-07-18 17:10:15','2021-02-18 20:19:22'),(179,'m','2000-05-20',124,1,'North Alice','Wallis and Futuna','2013-05-10 20:55:00','2021-02-18 20:19:22'),(180,'f','1970-03-11',118,1,'Port Baron','Ireland','2017-10-18 13:57:46','2021-02-18 20:19:22'),(181,'m','1995-05-18',117,1,'Bonitamouth','Tuvalu','2015-07-22 22:54:58','2021-02-18 20:19:22'),(182,'m','2001-03-23',94,1,'Goyettebury','Gibraltar','2019-07-31 07:15:46','2021-02-18 20:19:22'),(183,'m','1997-06-04',136,2,'Conroyland','Congo','2017-02-24 06:31:09','2021-02-18 20:19:22'),(184,'m','1975-07-29',32,1,'Kulasmouth','Argentina','2015-02-19 23:03:41','2021-02-18 20:19:22'),(185,'m','1971-02-07',91,2,'Connellyside','Sri Lanka','2011-10-08 02:56:31','2021-02-18 20:19:22'),(186,'f','1974-02-11',193,1,'Rileyton','Japan','2016-05-03 20:03:08','2021-02-18 20:19:22'),(187,'m','1988-07-29',129,1,'New Katrinafurt','United Arab Emirates','2020-04-18 20:59:06','2021-02-18 20:19:22'),(188,'m','1983-12-06',36,2,'Adelaberg','Jordan','2018-01-25 03:19:04','2021-02-18 20:19:22'),(189,'f','1972-03-13',99,1,'New Leifmouth','China','2020-12-03 12:07:18','2021-02-18 20:19:22'),(190,'f','1971-06-27',199,1,'Port Darronstad','Germany','2016-09-20 11:53:00','2021-02-18 20:19:22'),(191,'f','1970-10-07',173,1,'Estherfurt','Fiji','2016-01-24 03:03:44','2021-02-18 20:19:22'),(192,'m','1977-11-20',33,1,'New Boydview','Malta','2016-01-21 00:05:48','2021-02-18 20:19:22'),(193,'f','1970-03-08',68,2,'West Rusty','Bosnia and Herzegovina','2020-05-10 19:09:45','2021-02-18 20:19:22'),(194,'f','1980-06-19',42,2,'Nestorshire','Bolivia','2012-01-26 20:58:02','2021-02-18 20:19:22'),(195,'m','2000-08-02',189,1,'Bogisichmouth','Peru','2013-07-02 23:17:41','2021-02-18 20:19:22'),(196,'m','1979-05-28',151,1,'North Hildegard','Sri Lanka','2020-05-21 00:56:05','2021-02-18 20:19:22'),(197,'m','1997-10-13',146,1,'Edythtown','Armenia','2017-08-15 16:24:27','2021-02-18 20:19:22'),(198,'m','1985-05-29',3,1,'Port Meda','Finland','2016-01-10 10:59:24','2021-02-18 20:19:22'),(199,'m','1970-08-04',33,1,'Haagport','Malta','2018-09-12 16:27:54','2021-02-18 20:19:22'),(200,'m','1984-01-25',100,1,'Donnellyton','Peru','2015-01-23 06:22:12','2021-02-18 20:19:22');
/*!40000 ALTER TABLE `profiles` ENABLE KEYS */;
UNLOCK TABLES;

--
-- Table structure for table `user_statuses`
--

DROP TABLE IF EXISTS `user_statuses`;
/*!40101 SET @saved_cs_client     = @@character_set_client */;
/*!50503 SET character_set_client = utf8mb4 */;
CREATE TABLE `user_statuses` (
  `id` int unsigned NOT NULL AUTO_INCREMENT COMMENT ' ',
  `name` varchar(100) NOT NULL COMMENT ' ',
  `created_at` datetime DEFAULT CURRENT_TIMESTAMP COMMENT '  ',
  `updated_at` datetime DEFAULT CURRENT_TIMESTAMP ON UPDATE CURRENT_TIMESTAMP COMMENT '  ',
  PRIMARY KEY (`id`),
  UNIQUE KEY `name` (`name`)
) ENGINE=InnoDB AUTO_INCREMENT=3 DEFAULT CHARSET=utf8mb4 COLLATE=utf8mb4_0900_ai_ci COMMENT='  ';
/*!40101 SET character_set_client = @saved_cs_client */;

--
-- Dumping data for table `user_statuses`
--

LOCK TABLES `user_statuses` WRITE;
/*!40000 ALTER TABLE `user_statuses` DISABLE KEYS */;
INSERT INTO `user_statuses` VALUES (1,'single','2021-02-18 20:13:24','2021-02-18 20:13:24'),(2,'married','2021-02-18 20:13:24','2021-02-18 20:13:24');
/*!40000 ALTER TABLE `user_statuses` ENABLE KEYS */;
UNLOCK TABLES;

--
-- Table structure for table `users`
--

DROP TABLE IF EXISTS `users`;
/*!40101 SET @saved_cs_client     = @@character_set_client */;
/*!50503 SET character_set_client = utf8mb4 */;
CREATE TABLE `users` (
  `id` int unsigned NOT NULL AUTO_INCREMENT COMMENT ' ',
  `first_name` varchar(100) CHARACTER SET utf8mb4 COLLATE utf8mb4_unicode_ci NOT NULL COMMENT ' ',
  `last_name` varchar(100) CHARACTER SET utf8mb4 COLLATE utf8mb4_unicode_ci NOT NULL COMMENT ' ',
  `email` varchar(100) CHARACTER SET utf8mb4 COLLATE utf8mb4_unicode_ci NOT NULL COMMENT '',
  `phone` varchar(100) CHARACTER SET utf8mb4 COLLATE utf8mb4_unicode_ci NOT NULL COMMENT '',
  `created_at` datetime DEFAULT CURRENT_TIMESTAMP COMMENT '  ',
  `updated_at` datetime DEFAULT CURRENT_TIMESTAMP ON UPDATE CURRENT_TIMESTAMP COMMENT '  ',
  PRIMARY KEY (`id`),
  UNIQUE KEY `email` (`email`),
  UNIQUE KEY `phone` (`phone`)
) ENGINE=InnoDB AUTO_INCREMENT=201 DEFAULT CHARSET=utf8mb4 COLLATE=utf8mb4_unicode_ci COMMENT='';
/*!40101 SET character_set_client = @saved_cs_client */;

--
-- Dumping data for table `users`
--

LOCK TABLES `users` WRITE;
/*!40000 ALTER TABLE `users` DISABLE KEYS */;
INSERT INTO `users` VALUES (1,'Kurt','Kulas','hkirlin@example.com','(474)629-7025x24570','2012-06-10 22:35:19','2013-08-25 06:52:13'),(2,'Albin','Cruickshank','tstracke@example.com','799-028-4070','2015-08-31 06:38:28','2020-06-12 20:06:16'),(3,'Joanne','Abernathy','marks.pierce@example.org','+12(8)1008327906','2012-03-03 19:02:45','2021-02-19 16:34:02'),(4,'Hanna','O\'Connell','cassin.griffin@example.org','1-508-161-5153','2013-01-09 09:15:07','2018-11-04 10:43:13'),(5,'Carrie','Mohr','harris.catharine@example.com','226-487-6841','2011-05-06 08:38:19','2018-05-28 18:03:17'),(6,'Erika','Braun','npouros@example.net','407-876-1333','2013-04-05 16:44:09','2021-02-19 16:34:02'),(7,'Elena','Labadie','fkassulke@example.com','+79(0)1480328036','2011-06-06 18:16:09','2014-05-27 02:40:25'),(8,'Doug','Bruen','norval81@example.com','212-666-5058','2018-11-02 04:57:57','2021-02-19 16:34:02'),(9,'Josiah','Champlin','thammes@example.org','230-702-6531x54287','2019-05-15 17:41:04','2021-02-19 16:34:02'),(10,'Antonette','Dicki','kailee27@example.org','1-673-337-4090x42238','2014-01-30 04:59:40','2014-08-03 06:43:15'),(11,'Bella','Reichel','dach.carlie@example.com','1-817-955-4912x5003','2016-08-13 16:45:56','2018-12-24 16:26:20'),(12,'Hazle','Nienow','homenick.mia@example.com','608.262.9142x831','2018-04-27 16:58:57','2021-02-19 16:34:02'),(13,'Birdie','Hand','thaddeus46@example.com','174.388.1220x276','2020-09-12 22:15:48','2021-02-19 16:34:02'),(14,'Bryon','Mayer','iliana51@example.org','404.146.6098','2019-01-24 17:34:40','2021-02-19 16:34:02'),(15,'Hailee','McCullough','israel33@example.org','584-440-8200','2017-03-21 03:10:16','2021-02-19 16:34:02'),(16,'Andreanne','Corwin','nicklaus24@example.net','07035369263','2013-05-16 01:34:28','2021-02-19 16:34:02'),(17,'Duane','Green','ajenkins@example.com','1-715-675-7526','2017-02-03 17:44:55','2018-01-06 00:16:46'),(18,'Maxime','Anderson','mariam.emard@example.com','722.865.6975x4865','2020-10-30 03:48:13','2020-11-23 11:48:16'),(19,'Remington','Hermann','granville13@example.org','320.028.1154x94235','2017-02-05 13:58:28','2021-02-19 16:34:02'),(20,'Elfrieda','Dickinson','yveum@example.org','08326068589','2016-07-25 01:13:17','2019-12-17 22:34:19'),(21,'Nils','Osinski','eduardo.steuber@example.net','1-564-439-4377x474','2020-07-11 13:19:35','2021-02-19 16:34:02'),(22,'Armando','Kulas','dtremblay@example.net','+65(2)2103971569','2015-09-08 04:21:24','2016-07-15 09:17:03'),(23,'Malvina','Johns','georgianna76@example.org','476-997-8048x372','2016-07-02 07:17:48','2021-02-19 16:34:02'),(24,'Vickie','Feest','gunnar.vandervort@example.com','843.363.5831x0325','2020-04-23 17:05:33','2021-02-19 16:34:02'),(25,'Georgiana','Gusikowski','liliane09@example.com','1-785-660-9062','2013-04-08 02:23:35','2015-04-30 02:51:47'),(26,'Ebony','Casper','nienow.earlene@example.net','(120)360-9432x18068','2015-07-21 16:03:41','2017-01-15 19:48:45'),(27,'Earline','Durgan','larue46@example.net','448-945-1925','2012-12-13 08:30:47','2021-02-19 16:34:02'),(28,'Paige','Trantow','usatterfield@example.com','494-781-4353','2019-02-20 12:04:14','2021-02-19 16:34:02'),(29,'Jensen','Schulist','darrion.zulauf@example.net','892-922-6273x94555','2013-03-30 16:45:07','2013-10-24 20:47:23'),(30,'Clemens','Ebert','brant.kiehn@example.org','(281)250-6947x63074','2016-12-28 11:02:47','2021-02-19 16:34:02'),(31,'Mervin','DuBuque','noelia75@example.org','1-452-846-0030x6011','2019-07-29 04:16:08','2021-02-19 16:34:02'),(32,'Ryan','Boyer','lindsey32@example.org','04841864966','2011-09-29 05:34:00','2016-01-15 15:36:59'),(33,'Ivy','Kassulke','qkreiger@example.net','384-832-8297','2012-11-25 06:15:18','2015-12-24 16:07:47'),(34,'Willa','Bailey','daphne78@example.net','555-937-2550','2021-01-31 12:05:09','2021-02-19 16:34:02'),(35,'Tyrell','West','lhettinger@example.net','218-504-7682','2014-04-01 19:57:54','2021-02-19 16:34:02'),(36,'Jocelyn','Rice','aidan.koss@example.org','901.583.3401x7706','2012-01-19 13:04:50','2021-02-19 16:34:02'),(37,'Maximillian','Corkery','streich.cody@example.com','(590)046-7734','2013-01-16 15:17:58','2021-02-19 16:34:02'),(38,'Danny','Lueilwitz','lisa.gusikowski@example.org','1-572-230-3227x6042','2012-03-11 05:36:00','2013-07-05 10:44:40'),(39,'Sallie','Durgan','virgil.quitzon@example.com','(250)842-3834x085','2016-07-06 15:24:05','2017-05-02 07:29:36'),(40,'Max','Zulauf','gblick@example.com','468.052.0765','2014-09-02 09:59:39','2016-05-25 09:50:42'),(41,'Gerda','Yost','travon.rodriguez@example.com','09117611627','2012-12-11 09:43:59','2014-11-27 13:11:51'),(42,'Lucious','Wintheiser','murray.emmanuelle@example.com','276.260.8812x15004','2014-08-18 08:47:51','2021-02-19 16:34:02'),(43,'Jace','Ankunding','carmstrong@example.com','037-745-5597x53732','2011-08-12 19:55:33','2018-11-28 20:12:38'),(44,'Joshua','Armstrong','lgrady@example.net','417.922.3326x5103','2018-12-26 22:13:02','2020-07-29 08:04:03'),(45,'Nakia','Rodriguez','doyle.ziemann@example.com','352.384.7264x597','2013-10-05 14:40:25','2016-10-19 06:52:11'),(46,'Reggie','Walker','wkirlin@example.org','842-890-3617','2014-06-07 09:16:42','2021-02-19 16:34:02'),(47,'Brian','Sauer','ullrich.morgan@example.net','+75(6)9855914814','2020-08-19 18:47:51','2021-02-19 16:34:02'),(48,'Jaleel','Welch','wehner.price@example.net','862-654-1488x3023','2015-07-29 16:39:37','2021-02-19 16:34:02'),(49,'Manuela','Schimmel','nhomenick@example.org','(498)877-8502x888','2020-12-13 12:57:43','2021-02-19 16:34:02'),(50,'Natalie','Batz','ioberbrunner@example.com','1-341-328-0001x65012','2019-05-31 14:48:58','2021-02-19 16:34:02'),(51,'Irma','Champlin','ihodkiewicz@example.com','+39(7)2456586881','2012-08-03 12:24:45','2014-12-14 20:52:27'),(52,'Loyce','Fahey','lennie19@example.org','(165)692-0680','2017-07-21 08:26:58','2018-01-02 01:14:55'),(53,'Krystina','Mante','jefferey73@example.org','426.070.9573x3846','2014-02-15 04:49:32','2014-07-07 08:43:30'),(54,'Peter','Herzog','don87@example.org','603.209.5912x3282','2014-12-21 05:27:00','2020-12-17 05:24:11'),(55,'Shemar','Conroy','goyette.asa@example.org','547-242-2821x353','2020-09-22 12:13:42','2021-02-19 16:34:02'),(56,'Pearl','Blanda','wanda53@example.com','(605)573-4708','2013-08-15 11:32:35','2016-01-11 23:45:52'),(57,'Tobin','Kertzmann','ed.wilderman@example.net','+29(9)5651848377','2013-08-22 15:28:05','2019-06-09 20:14:17'),(58,'Robin','Harris','leffertz@example.com','052-528-7191','2017-05-01 21:54:45','2019-05-07 22:33:01'),(59,'Kendrick','Price','norval.graham@example.org','825-160-6635','2018-11-28 06:39:59','2021-02-19 16:34:02'),(60,'Mckenzie','Smith','gusikowski.dianna@example.com','(622)909-4505x30180','2011-08-23 21:08:59','2015-02-13 10:43:07'),(61,'Kim','Dickens','joany.mayert@example.com','01549409441','2018-04-15 00:36:42','2021-02-19 16:34:02'),(62,'Jettie','Willms','christ71@example.com','(536)147-2001x35960','2020-09-10 06:54:01','2021-02-19 16:34:02'),(63,'Jana','Stehr','eloise94@example.org','857-334-9935x29612','2019-05-04 09:51:06','2021-02-19 16:34:02'),(64,'Dayana','Howe','anderson.gretchen@example.net','1-670-874-9265x910','2015-12-06 03:16:19','2021-02-19 16:34:02'),(65,'Elise','Keeling','vmedhurst@example.com','612.587.8638x059','2018-06-15 20:59:05','2020-06-12 10:09:47'),(66,'Frederic','Cremin','mckayla99@example.com','1-787-640-7266','2016-10-29 13:52:59','2018-09-29 09:29:20'),(67,'Wyatt','Borer','ubogan@example.net','323-427-1284x99677','2017-12-31 19:54:30','2021-02-19 16:34:02'),(68,'Wayne','Schmidt','silas.kunze@example.com','(466)791-4181x416','2015-12-09 13:51:18','2018-11-15 02:06:12'),(69,'Ethan','Kertzmann','maggio.yasmeen@example.org','298.080.3032','2019-03-25 05:39:13','2021-02-19 16:34:02'),(70,'Jeremy','Jakubowski','tmedhurst@example.net','265-792-2565x8892','2014-04-25 21:34:04','2017-12-07 04:01:47'),(71,'Giles','McLaughlin','maci99@example.net','1-820-531-0344x19842','2013-08-03 06:17:53','2017-06-29 23:45:35'),(72,'Ashlee','Cummings','rosie91@example.net','(813)748-0687','2011-06-30 13:37:36','2012-05-04 13:30:41'),(73,'Alexis','Dicki','allan36@example.net','1-060-509-2711','2020-06-12 23:37:56','2021-02-19 16:34:02'),(74,'Loyal','Zieme','brian.feil@example.com','1-628-465-5924x733','2015-10-02 09:38:07','2021-02-19 16:34:02'),(75,'Vesta','Ortiz','yessenia.grant@example.com','059-952-7887','2012-11-24 15:29:54','2015-09-01 05:38:44'),(76,'Joannie','Purdy','cummerata.chance@example.com','1-340-155-8711x439','2018-12-17 11:27:45','2021-02-19 16:34:02'),(77,'Dudley','Corwin','cecelia.hudson@example.net','1-625-071-9342','2016-08-17 20:38:57','2021-02-19 16:34:02'),(78,'Jane','Koelpin','kstrosin@example.com','(479)025-7291x95419','2011-04-30 21:00:28','2019-05-24 12:00:49'),(79,'Jerrell','Will','mills.dorthy@example.com','(826)002-1130x820','2019-05-19 17:34:47','2021-02-19 16:34:02'),(80,'Jevon','Beatty','cassin.toney@example.com','+63(2)0747603073','2020-05-11 16:17:12','2020-10-21 13:23:28'),(81,'Leonard','Pacocha','kenny92@example.net','(852)648-4003x56125','2011-04-07 08:04:25','2015-07-09 01:08:08'),(82,'Jacey','Bailey','krystel.terry@example.net','(009)394-9022x5278','2020-07-23 17:34:06','2021-02-19 16:34:02'),(83,'Marianne','Kunde','dare.mozell@example.org','(330)946-0630','2020-06-05 00:14:19','2021-02-19 16:34:02'),(84,'Aiyana','Parker','brant14@example.org','04701001811','2013-10-27 12:28:05','2021-02-19 16:34:02'),(85,'Maureen','Gleichner','kelly.graham@example.com','781-654-5270','2015-01-11 02:49:56','2021-02-19 16:34:02'),(86,'Garrick','Keebler','flossie32@example.org','+03(8)9997187301','2019-12-06 06:05:53','2021-02-19 16:34:02'),(87,'Jonathan','Hagenes','lera.fay@example.org','820.640.7396','2013-02-05 03:48:47','2014-02-01 20:16:31'),(88,'Emanuel','Lind','thora22@example.net','808.523.7932','2011-03-04 05:02:26','2011-06-08 19:08:58'),(89,'Tyree','Cole','velva.reilly@example.net','+25(0)1655917923','2019-03-01 00:01:09','2020-01-29 22:26:16'),(90,'Carolina','Murphy','golden54@example.net','869.862.4548x59299','2015-11-11 13:10:03','2021-02-19 16:34:02'),(91,'Emmalee','Turcotte','witting.russ@example.net','999-404-7617x0257','2015-10-25 16:01:58','2021-02-19 16:34:02'),(92,'Granville','Hagenes','hmraz@example.org','802-959-0964x078','2017-09-12 09:27:48','2021-02-19 16:34:02'),(93,'Burley','O\'Kon','bethel97@example.com','1-203-592-3642','2018-04-16 03:01:28','2019-12-16 03:46:11'),(94,'Liam','Rice','name.hilpert@example.com','933-843-1775x9301','2020-07-18 22:10:03','2021-02-19 16:34:02'),(95,'Rae','Kirlin','sspencer@example.org','362.301.5108x97911','2016-10-08 07:06:42','2021-02-19 16:34:02'),(96,'Duncan','Johns','tia93@example.net','1-369-047-1720','2019-09-02 21:14:37','2021-02-19 16:34:02'),(97,'Sedrick','Cummings','mbeier@example.net','(003)568-1844x205','2014-08-27 01:36:04','2020-01-01 07:56:00'),(98,'Audie','Koss','hayley56@example.org','(834)864-0962','2018-09-15 10:42:49','2021-02-19 16:34:02'),(99,'Paul','Schinner','morar.erling@example.com','622.477.4105x565','2012-09-27 20:31:14','2021-02-19 16:34:02'),(100,'Korbin','Bernhard','mitchell.leonie@example.net','169-240-5966x879','2012-03-02 04:13:23','2019-05-22 21:28:22'),(101,'Wendell','Corkery','irwin.jakubowski@example.com','038-945-5888x8894','2019-12-29 02:22:20','2021-02-19 16:34:02'),(102,'Oswald','Tremblay','demario.huel@example.net','01902265812','2014-07-21 15:17:41','2020-08-01 12:46:30'),(103,'Carlotta','Torp','elinore.wiegand@example.net','174-899-0165','2013-10-09 08:00:22','2020-10-09 13:37:19'),(104,'Sasha','Trantow','block.laura@example.net','(017)534-6886x5000','2019-06-21 05:07:07','2021-02-19 16:34:02'),(105,'Octavia','Schneider','dibbert.wade@example.net','607-933-9176x77503','2020-12-17 08:25:02','2021-02-19 16:34:02'),(106,'Leslie','Kassulke','eddie.dickens@example.com','+35(6)2769730387','2016-02-16 10:26:11','2020-11-03 11:51:56'),(107,'Zula','Nienow','germaine.zulauf@example.com','520.817.5953x0647','2013-02-09 19:12:28','2014-05-06 01:41:29'),(108,'Elwin','Jones','botsford.ari@example.net','013-234-8536','2019-03-17 13:25:16','2021-02-19 16:34:02'),(109,'Janis','Becker','pansy.denesik@example.org','04404602193','2020-12-19 17:29:58','2021-02-19 16:34:02'),(110,'Cleo','Spinka','wanda.glover@example.org','(913)179-5903','2018-11-11 07:41:53','2021-02-19 16:34:02'),(111,'Llewellyn','Stoltenberg','kacey54@example.com','1-564-416-8484','2017-03-06 15:56:58','2021-02-19 16:34:02'),(112,'Rahul','Muller','karli.towne@example.com','452.920.6722x5743','2019-01-18 17:51:45','2021-02-19 16:34:02'),(113,'Tabitha','Kessler','bahringer.gregg@example.net','07999172559','2015-01-26 18:26:59','2019-04-20 15:08:47'),(114,'Jessy','Donnelly','ptremblay@example.org','398-592-4419x3138','2018-10-16 11:50:32','2021-02-19 16:34:02'),(115,'Eve','Hamill','mboyle@example.org','(091)338-3543x20683','2017-01-17 00:45:51','2021-02-19 16:34:02'),(116,'Arnold','Terry','xschultz@example.com','1-687-728-0629','2012-03-25 22:58:32','2018-01-11 05:04:21'),(117,'Braeden','King','electa47@example.net','289.496.0916x493','2013-05-09 22:22:57','2021-01-04 06:12:49'),(118,'Watson','Spencer','marquise71@example.com','337.772.4093x8571','2016-12-07 02:08:33','2019-07-07 06:19:03'),(119,'Lorenza','Fadel','kirk.kiehn@example.org','1-052-955-2739x06620','2012-11-17 19:01:20','2019-05-18 13:46:08'),(120,'Jacquelyn','Wolf','znader@example.com','06252734553','2013-11-13 22:42:50','2021-02-19 16:34:02'),(121,'Rhiannon','Tillman','rachael.crooks@example.net','732.577.9678x15514','2011-05-16 01:32:47','2018-06-23 12:32:33'),(122,'Rosalinda','Runolfsdottir','kshlerin.herta@example.org','04580621114','2019-11-12 19:40:51','2021-02-19 16:34:02'),(123,'Anthony','Trantow','russell49@example.com','(159)592-4903','2014-08-10 06:25:35','2018-08-11 13:14:00'),(124,'Jacinto','Ruecker','larson.isai@example.net','747-112-4738','2011-04-07 17:55:50','2016-03-15 23:42:12'),(125,'Harry','Renner','alexandrea.durgan@example.org','1-690-752-6564','2012-09-14 01:35:51','2016-10-06 21:08:34'),(126,'Terrance','Walsh','theresia.cummerata@example.net','(197)425-3464','2017-06-11 07:05:07','2018-04-15 23:11:12'),(127,'Adrain','Hahn','bailey.raymundo@example.net','(492)195-0394x9359','2017-03-06 02:41:23','2019-07-23 08:02:24'),(128,'Eliza','Hyatt','craig.paucek@example.org','1-101-772-9026x499','2014-10-28 03:10:38','2017-08-30 08:23:52'),(129,'Karolann','Mohr','torrance.orn@example.com','(181)501-6151','2013-01-02 11:47:42','2016-02-02 22:47:52'),(130,'Brigitte','Labadie','bode.ezequiel@example.net','(029)738-4402x2486','2011-09-27 12:12:13','2013-08-26 00:51:19'),(131,'Beaulah','Powlowski','eudora.feil@example.org','+37(8)1600442047','2019-03-18 05:08:12','2021-02-19 16:34:02'),(132,'Angelita','Jacobson','osinski.juana@example.org','(195)352-2800x8932','2018-12-31 16:00:42','2019-01-20 04:27:23'),(133,'London','Willms','maryam.thiel@example.com','(431)152-0316','2013-01-13 02:53:14','2015-07-09 18:09:20'),(134,'Jeramie','Gottlieb','malvina.dibbert@example.com','688-664-6888x12917','2016-10-15 22:47:20','2020-08-23 09:10:05'),(135,'Brianne','Hyatt','adubuque@example.org','767-722-7325x155','2020-05-29 18:32:57','2021-02-19 16:34:02'),(136,'Reynold','Schoen','brendon.davis@example.net','609.465.9183x9629','2017-11-11 13:48:00','2019-12-01 19:53:07'),(137,'Sofia','Veum','hilpert.davon@example.com','+62(9)8728261383','2019-06-11 19:28:39','2021-02-19 16:34:02'),(138,'Nathan','Nicolas','reymundo06@example.net','(980)549-6321x3058','2018-07-24 23:48:48','2021-02-19 16:34:02'),(139,'Jaqueline','Trantow','desiree92@example.net','661.999.6040','2016-07-31 02:16:15','2018-10-30 11:34:07'),(140,'Nicklaus','Schowalter','zackary86@example.com','1-027-225-0978x7155','2016-10-15 22:56:48','2021-02-19 16:34:02'),(141,'Ernestine','Champlin','ortiz.rosetta@example.org','1-649-792-3499x930','2015-10-12 07:57:18','2021-02-08 01:20:46'),(142,'Brionna','Block','cleora27@example.net','(493)232-0343','2020-10-05 14:09:02','2021-02-19 16:34:02'),(143,'Nikki','Kunze','royal.thompson@example.org','995-463-9185x2895','2014-02-13 06:04:57','2021-02-19 16:34:02'),(144,'Isobel','Fahey','lwuckert@example.com','199-704-4995','2011-06-30 06:44:19','2020-11-07 17:59:23'),(145,'Dale','Collins','mitchell.kohler@example.com','(426)510-7000','2020-01-28 18:50:53','2021-02-19 16:34:02'),(146,'Katelin','Mitchell','meredith.shanahan@example.net','09331991434','2011-06-12 04:25:25','2020-02-02 18:23:57'),(147,'Elisa','Heidenreich','rframi@example.net','(461)061-9089','2018-11-14 08:53:02','2021-02-19 16:34:02'),(148,'Dejuan','Nader','uosinski@example.net','1-402-324-0557','2013-03-25 08:47:05','2014-02-03 10:05:10'),(149,'Esta','Effertz','mae.gerlach@example.net','942-455-0812x7978','2014-10-14 14:30:27','2021-02-19 16:34:02'),(150,'Alysha','Ferry','bernier.elmira@example.net','154.181.3402x190','2013-08-03 07:58:19','2017-11-30 19:52:39'),(151,'Augusta','Kilback','fmclaughlin@example.org','(622)451-6333','2020-08-11 05:18:00','2021-02-19 16:34:02'),(152,'Mozelle','Krajcik','ehoppe@example.com','772.444.0653','2012-10-15 18:25:43','2016-09-27 08:27:57'),(153,'Rowland','Conroy','delia.armstrong@example.org','049-217-3903x7330','2015-12-30 10:34:19','2018-02-19 14:00:21'),(154,'Dolores','Howell','rosenbaum.georgette@example.net','(664)940-1789x17335','2011-06-25 20:04:59','2011-12-20 00:48:11'),(155,'Bradly','Shanahan','lebsack.deshaun@example.com','628-427-1237x18082','2015-06-27 17:47:54','2019-07-21 03:44:45'),(156,'Khalid','Graham','lilliana.robel@example.com','1-684-496-1453x4900','2011-09-19 07:12:52','2020-07-09 00:03:23'),(157,'Shayna','Aufderhar','marianne.homenick@example.com','344-189-6720','2012-10-28 00:04:02','2021-02-19 16:34:02'),(158,'Rylee','Breitenberg','oscar.rau@example.net','697-349-4830','2012-01-28 17:22:41','2017-09-28 18:20:16'),(159,'Ayden','Haley','agnes55@example.org','1-976-621-3619x55227','2020-03-02 18:23:21','2021-02-19 16:34:02'),(160,'Mabelle','Weber','carissa14@example.org','1-522-487-5497','2015-03-05 09:36:12','2018-02-18 14:57:41'),(161,'Marcel','Hammes','xander66@example.org','(413)662-8790','2018-12-24 13:03:18','2021-02-19 16:34:02'),(162,'Issac','Schamberger','christy.schmidt@example.net','1-606-691-1548x550','2017-06-04 01:19:40','2021-02-19 16:34:02'),(163,'Libby','Yundt','rodger56@example.com','(534)057-2081','2017-04-20 02:13:42','2018-04-25 07:46:18'),(164,'Leif','Cormier','josiane.nitzsche@example.com','(168)513-2737x176','2012-05-01 15:50:04','2016-10-17 15:20:29'),(165,'Wallace','Mosciski','colleen86@example.net','1-934-936-3469x1405','2019-07-08 10:28:52','2021-02-19 16:34:02'),(166,'Devonte','Schinner','harris.curtis@example.com','09739246989','2011-09-03 17:34:44','2021-01-28 18:17:16'),(167,'Bennett','Terry','melyssa.monahan@example.com','(998)198-1511','2019-05-08 23:50:07','2021-02-19 16:34:02'),(168,'Joy','Gleason','feeney.dillan@example.org','521-913-7357','2013-10-20 22:21:44','2021-02-19 16:34:02'),(169,'Luis','Gottlieb','mcclure.andreane@example.com','09984325311','2014-10-24 22:53:10','2020-10-25 03:56:14'),(170,'Solon','Schaefer','jhilll@example.net','1-013-711-8623','2015-04-28 23:05:32','2021-02-19 16:34:02'),(171,'Tyrique','Leffler','federico46@example.net','(759)630-1468x590','2020-12-05 09:30:23','2021-02-19 16:34:02'),(172,'Alison','Wuckert','marlen74@example.net','(572)684-7250','2011-11-29 08:23:53','2019-12-25 04:29:35'),(173,'Rhiannon','Huel','cole.mraz@example.net','1-591-369-5147x4839','2012-07-21 23:24:43','2014-01-28 13:34:15'),(174,'Delmer','Conn','rey79@example.com','(809)321-1691x9752','2020-11-06 11:14:28','2021-02-19 16:34:02'),(175,'Roy','Mills','rhea90@example.net','(856)040-1198x4312','2013-03-15 03:01:10','2020-12-16 19:48:29'),(176,'Wilfredo','McDermott','abbey78@example.com','534.895.7444','2021-01-21 05:14:24','2021-02-19 16:34:02'),(177,'Lavon','Langosh','amann@example.com','(697)314-0376','2011-06-08 06:02:34','2015-06-05 19:42:44'),(178,'Chance','Nikolaus','onikolaus@example.org','1-803-677-5143','2013-01-23 10:44:00','2018-05-07 11:05:57'),(179,'Elyse','Spinka','maximo76@example.org','741-558-8904','2018-07-25 07:39:14','2020-05-12 20:25:54'),(180,'Maymie','Jaskolski','estelle.bradtke@example.com','455.315.8234x0046','2018-05-10 00:56:08','2019-06-12 15:14:38'),(181,'Shayna','Beer','tokuneva@example.org','561-766-0935x8313','2012-07-02 05:52:42','2015-03-22 14:34:35'),(182,'Caleigh','Wiegand','sarina25@example.com','+12(0)9421776359','2011-07-25 17:07:51','2012-04-01 06:12:37'),(183,'Graham','Hermann','sammie01@example.net','946.764.7476x4602','2014-01-06 20:11:42','2019-01-22 19:55:50'),(184,'Nathanael','Hermiston','pwilliamson@example.net','164.044.5717','2014-05-11 17:29:54','2016-06-20 20:10:31'),(185,'Jaden','Cruickshank','odessa30@example.net','522-211-3145x92159','2016-06-14 11:43:47','2021-02-19 16:34:02'),(186,'Orville','Mayert','ortiz.myrna@example.org','743.389.1696','2016-07-28 00:15:34','2021-02-19 16:34:02'),(187,'Julia','Powlowski','alanna07@example.com','225-280-6104','2017-06-28 04:36:45','2021-02-19 16:34:02'),(188,'Jerel','Dare','dell.hansen@example.net','384.676.2557x43164','2011-06-28 06:21:15','2011-10-25 17:21:23'),(189,'Genevieve','Harvey','yadira.botsford@example.net','487.037.9214','2011-10-01 21:45:01','2015-01-30 23:41:42'),(190,'Mikel','Hammes','o\'connell.lela@example.com','794-474-3467x969','2011-07-12 16:31:57','2020-06-15 11:30:32'),(191,'Ethel','Fisher','bhane@example.com','799.633.4224','2013-04-29 21:33:11','2018-08-30 06:14:00'),(192,'Maye','Feil','kohler.ed@example.net','841.115.6972x4453','2014-12-13 07:37:36','2018-03-13 21:19:02'),(193,'Emmalee','McGlynn','dino90@example.org','789-011-6115x509','2015-01-19 01:50:07','2021-02-19 16:34:02'),(194,'Wilbert','Donnelly','mfeil@example.net','532.396.8491','2013-05-23 01:27:27','2013-10-22 20:50:09'),(195,'Viva','Lang','courtney.quigley@example.org','1-526-769-8065x342','2015-09-04 22:11:06','2016-07-20 23:38:26'),(196,'Kaitlyn','Bradtke','thiel.katharina@example.net','+82(5)3943181257','2017-03-31 22:33:10','2021-02-19 16:34:02'),(197,'Sammy','Jaskolski','schultz.jordi@example.com','942-133-5778','2011-11-28 12:51:39','2018-08-04 19:46:09'),(198,'Guillermo','Watsica','fernando62@example.net','329-740-0635x87330','2017-08-23 20:21:52','2021-02-19 16:34:02'),(199,'Lukas','Mayer','shaniya.klein@example.org','(929)017-0307x395','2014-06-19 08:06:40','2016-03-08 19:16:43'),(200,'Alden','Hintz','jamaal04@example.com','02536170659','2020-10-18 09:18:44','2021-02-19 16:34:02');
/*!40000 ALTER TABLE `users` ENABLE KEYS */;
UNLOCK TABLES;

--
-- Table structure for table `users_like`
--

DROP TABLE IF EXISTS `users_like`;
/*!40101 SET @saved_cs_client     = @@character_set_client */;
/*!50503 SET character_set_client = utf8mb4 */;
CREATE TABLE `users_like` (
  `id` int unsigned NOT NULL AUTO_INCREMENT,
  `media_id` int unsigned NOT NULL,
  `messages_id` int unsigned NOT NULL,
  `users_id` int unsigned NOT NULL,
  `like_id` int unsigned NOT NULL,
  `created_at` datetime DEFAULT CURRENT_TIMESTAMP,
  `updated_at` datetime DEFAULT CURRENT_TIMESTAMP ON UPDATE CURRENT_TIMESTAMP,
  PRIMARY KEY (`id`)
) ENGINE=InnoDB AUTO_INCREMENT=201 DEFAULT CHARSET=utf8mb4 COLLATE=utf8mb4_unicode_ci;
/*!40101 SET character_set_client = @saved_cs_client */;

--
-- Dumping data for table `users_like`
--

LOCK TABLES `users_like` WRITE;
/*!40000 ALTER TABLE `users_like` DISABLE KEYS */;
INSERT INTO `users_like` VALUES (1,53,189,52,1,'2018-09-30 01:57:56','2019-06-27 14:52:01'),(2,41,158,50,2,'2018-07-17 04:28:26','2020-03-10 09:28:03'),(3,64,39,132,2,'2011-11-09 20:07:59','2011-04-13 12:02:52'),(4,192,183,6,2,'2017-09-22 16:02:23','2012-02-21 08:31:19'),(5,57,181,57,1,'2015-10-06 05:40:53','2011-12-17 07:37:18'),(6,175,136,38,2,'2011-09-01 22:24:49','2013-08-23 22:29:00'),(7,51,141,198,2,'2019-06-22 20:08:52','2019-12-31 06:43:15'),(8,40,70,184,1,'2018-02-12 19:31:12','2017-03-28 09:51:22'),(9,45,17,198,1,'2017-03-07 02:52:56','2016-06-06 13:03:53'),(10,174,76,101,2,'2018-05-02 00:37:19','2015-02-15 14:16:00'),(11,128,27,160,2,'2014-05-11 12:25:49','2017-01-12 20:35:46'),(12,200,76,149,1,'2015-04-19 22:08:22','2014-11-22 09:48:04'),(13,41,96,86,2,'2019-06-17 22:37:56','2014-02-28 10:06:28'),(14,137,146,120,2,'2011-12-19 11:35:07','2011-03-25 01:36:13'),(15,12,192,88,1,'2015-03-02 10:34:48','2018-08-22 23:36:35'),(16,66,147,179,1,'2018-12-27 11:32:01','2011-10-31 08:24:42'),(17,90,160,46,1,'2012-01-27 22:32:42','2020-09-02 07:15:15'),(18,52,56,179,2,'2019-04-03 04:35:25','2016-02-17 16:52:02'),(19,190,194,176,2,'2015-11-19 21:09:27','2018-03-28 16:16:46'),(20,5,198,128,2,'2013-07-01 10:57:45','2012-07-23 11:06:37'),(21,34,128,6,1,'2015-09-27 21:32:43','2016-09-18 03:19:41'),(22,77,142,64,1,'2020-01-14 18:11:16','2016-04-26 03:58:21'),(23,126,19,90,2,'2012-10-27 10:24:54','2012-04-20 03:03:04'),(24,123,200,85,2,'2019-12-08 18:34:49','2013-02-14 15:00:10'),(25,45,66,75,1,'2011-04-15 01:23:47','2016-08-11 18:18:27'),(26,132,117,189,1,'2015-10-23 13:11:53','2017-08-22 15:57:00'),(27,93,71,200,1,'2012-11-09 08:07:48','2015-01-02 22:10:10'),(28,101,72,76,1,'2013-02-25 18:28:47','2013-08-31 08:42:43'),(29,74,163,7,2,'2015-03-10 13:05:30','2013-03-11 07:34:31'),(30,68,59,132,2,'2016-05-01 13:35:42','2011-11-07 08:08:27'),(31,200,110,200,2,'2019-01-04 14:18:28','2020-10-17 05:45:37'),(32,178,146,172,1,'2014-03-06 11:07:59','2018-07-24 13:11:27'),(33,189,37,141,1,'2019-03-11 07:37:47','2013-01-31 02:08:37'),(34,98,67,184,1,'2020-10-07 20:14:59','2017-11-03 09:25:12'),(35,48,31,31,2,'2018-12-19 14:24:00','2016-04-22 00:09:54'),(36,188,198,50,1,'2016-01-18 04:19:47','2017-02-27 12:04:49'),(37,169,41,123,2,'2016-01-12 09:03:52','2017-05-25 02:37:20'),(38,79,31,87,2,'2014-02-16 13:35:32','2020-07-04 22:41:05'),(39,124,80,82,2,'2018-10-06 09:09:01','2013-12-21 19:27:15'),(40,30,48,187,1,'2013-09-16 18:21:47','2017-07-21 23:32:55'),(41,129,183,74,1,'2015-03-31 13:40:32','2016-05-09 13:00:45'),(42,16,77,61,2,'2015-02-24 17:13:59','2012-07-06 03:57:22'),(43,193,42,112,2,'2016-10-23 04:21:50','2015-12-22 05:52:54'),(44,103,31,105,2,'2012-01-11 05:23:34','2015-03-19 00:54:43'),(45,74,50,7,1,'2012-08-19 02:49:35','2015-08-30 23:18:46'),(46,169,51,43,1,'2015-12-18 16:46:27','2019-10-21 01:33:50'),(47,53,45,164,1,'2020-07-05 05:28:43','2015-06-08 21:12:15'),(48,87,178,114,2,'2016-06-19 09:05:13','2016-07-21 17:35:29'),(49,116,153,193,2,'2014-09-23 15:49:15','2011-05-03 10:53:15'),(50,127,165,130,1,'2013-01-09 17:50:06','2016-10-23 15:41:37'),(51,121,30,194,2,'2013-07-15 22:58:19','2012-05-08 07:26:36'),(52,24,86,81,1,'2015-05-25 06:25:20','2018-04-21 17:03:51'),(53,15,120,136,1,'2020-07-20 12:26:51','2012-04-22 12:42:10'),(54,51,165,131,1,'2011-05-24 16:00:23','2014-03-15 08:41:04'),(55,200,173,134,2,'2017-04-09 13:02:45','2015-12-04 21:56:07'),(56,43,188,88,1,'2015-12-08 04:50:34','2017-10-12 13:38:56'),(57,148,155,189,1,'2019-03-16 19:48:22','2020-06-03 16:45:09'),(58,190,11,62,1,'2016-06-20 20:57:19','2014-10-29 08:12:21'),(59,103,84,90,1,'2014-04-28 16:42:45','2014-03-02 23:42:12'),(60,30,30,47,1,'2020-01-04 06:25:10','2013-03-07 22:30:06'),(61,177,51,42,2,'2011-09-18 23:10:02','2011-09-14 11:47:27'),(62,123,145,25,1,'2013-07-10 11:23:17','2012-03-31 03:49:23'),(63,165,146,97,2,'2019-11-15 22:44:18','2018-09-25 15:06:33'),(64,35,79,53,1,'2012-07-08 22:22:17','2019-03-18 09:24:32'),(65,1,82,180,1,'2016-10-02 04:35:14','2020-10-08 21:13:27'),(66,46,25,133,1,'2017-01-24 21:38:45','2017-03-10 05:25:23'),(67,33,69,138,1,'2014-12-12 22:40:53','2018-07-16 17:02:06'),(68,16,200,122,1,'2018-08-20 22:52:40','2016-11-06 11:32:26'),(69,151,89,198,1,'2013-01-02 14:09:54','2019-02-01 19:46:29'),(70,137,72,149,2,'2013-08-12 04:53:06','2011-08-19 10:44:49'),(71,150,84,24,1,'2015-02-21 04:09:38','2014-10-02 12:32:27'),(72,25,129,3,1,'2016-03-10 04:25:34','2016-08-04 00:32:13'),(73,115,132,164,2,'2012-11-11 00:43:30','2012-01-07 15:01:51'),(74,163,34,100,1,'2015-11-07 21:15:07','2019-02-10 15:06:34'),(75,99,42,33,1,'2015-01-31 02:46:01','2011-06-26 20:15:09'),(76,187,39,108,1,'2011-11-10 22:28:45','2015-11-19 21:27:51'),(77,21,112,177,1,'2016-11-05 05:01:32','2018-01-21 23:47:53'),(78,137,103,99,2,'2014-11-03 23:16:32','2016-06-02 14:54:48'),(79,180,182,167,1,'2018-08-19 16:06:31','2016-08-20 11:14:28'),(80,161,146,33,1,'2019-10-02 20:33:54','2011-08-25 10:12:40'),(81,5,164,46,2,'2018-09-13 11:19:46','2021-01-09 19:44:20'),(82,140,75,78,1,'2011-06-02 13:13:54','2012-12-24 13:32:40'),(83,67,182,40,2,'2015-11-15 14:18:21','2018-08-19 01:49:27'),(84,163,81,1,2,'2018-05-02 21:46:15','2018-06-30 08:45:41'),(85,64,197,186,2,'2015-08-04 11:29:26','2017-07-01 16:07:46'),(86,128,50,22,1,'2016-08-28 01:23:58','2019-08-02 09:10:35'),(87,9,67,171,2,'2016-06-22 20:27:12','2018-09-26 14:37:18'),(88,181,110,132,1,'2012-07-25 08:59:29','2021-01-01 06:21:38'),(89,30,2,30,2,'2012-08-20 16:00:12','2017-01-12 17:21:02'),(90,33,62,65,2,'2014-12-08 12:17:45','2013-01-01 05:09:15'),(91,178,2,109,1,'2020-12-30 23:31:51','2014-11-26 23:36:37'),(92,200,181,123,1,'2011-07-12 05:01:50','2020-12-03 19:32:58'),(93,186,143,108,2,'2016-06-21 05:21:05','2014-09-02 15:55:11'),(94,48,13,7,1,'2017-06-26 23:05:09','2012-06-14 02:31:49'),(95,149,17,63,2,'2011-04-03 09:20:28','2015-08-16 03:22:02'),(96,63,13,200,1,'2016-11-13 14:28:11','2014-04-20 16:38:15'),(97,152,91,14,2,'2019-06-30 13:02:06','2015-10-12 04:43:29'),(98,107,68,150,2,'2020-08-27 22:21:57','2019-02-14 05:22:02'),(99,70,33,80,1,'2016-07-15 10:46:43','2014-05-04 10:14:58'),(100,11,5,120,1,'2015-06-05 20:18:23','2016-10-01 09:33:16'),(101,189,63,127,2,'2011-06-28 21:08:35','2014-08-31 14:31:48'),(102,182,195,7,2,'2016-05-06 13:31:51','2016-03-20 00:40:16'),(103,101,37,60,1,'2017-01-18 01:50:15','2013-11-25 21:15:22'),(104,51,148,115,1,'2016-07-03 16:30:35','2013-10-28 16:37:02'),(105,18,124,125,2,'2013-01-31 20:40:44','2015-11-08 10:16:30'),(106,177,80,52,1,'2012-05-17 06:01:27','2015-07-31 02:24:18'),(107,130,4,119,2,'2020-06-20 07:06:42','2017-06-12 10:41:45'),(108,53,188,27,2,'2020-06-01 12:45:48','2013-12-08 21:38:43'),(109,124,3,173,2,'2011-05-09 21:38:36','2019-05-13 00:43:51'),(110,96,120,153,2,'2015-03-25 23:55:31','2014-05-01 04:51:09'),(111,164,73,184,1,'2011-04-09 04:56:25','2013-05-13 15:30:59'),(112,29,123,49,2,'2011-12-06 23:01:12','2011-08-15 15:02:21'),(113,153,14,187,1,'2011-10-18 09:00:47','2012-02-05 00:16:38'),(114,173,25,161,2,'2019-09-03 01:36:46','2016-09-18 12:37:58'),(115,89,65,188,1,'2018-09-12 13:22:00','2011-08-15 21:05:20'),(116,98,8,23,2,'2020-10-12 14:05:03','2019-04-05 09:44:29'),(117,58,68,153,1,'2015-11-08 08:06:40','2011-09-07 01:34:49'),(118,82,105,58,2,'2013-04-24 18:55:45','2014-12-15 22:22:28'),(119,85,123,89,1,'2011-12-17 05:34:57','2015-06-08 20:03:17'),(120,138,130,67,1,'2015-04-17 21:16:03','2018-05-04 08:15:53'),(121,132,5,62,2,'2012-12-24 22:44:10','2015-09-19 09:38:07'),(122,68,66,185,1,'2017-06-29 20:08:36','2019-10-27 15:01:32'),(123,106,75,168,1,'2012-06-06 15:15:40','2015-09-21 23:38:58'),(124,40,158,3,2,'2019-07-13 10:10:03','2020-08-26 23:46:40'),(125,61,92,172,2,'2020-09-30 01:22:54','2013-02-23 10:05:35'),(126,24,195,194,1,'2020-09-24 12:54:19','2017-08-16 12:41:06'),(127,6,34,129,2,'2016-11-11 14:05:51','2020-04-21 03:28:57'),(128,117,88,15,2,'2013-02-18 06:46:50','2020-01-27 00:54:40'),(129,41,82,7,1,'2017-10-15 14:35:56','2016-06-20 23:47:18'),(130,63,63,170,2,'2015-02-26 01:14:20','2018-12-28 15:36:12'),(131,119,127,165,2,'2015-04-24 06:00:12','2011-03-19 01:51:30'),(132,132,66,149,2,'2018-03-31 16:12:27','2018-04-21 17:24:36'),(133,136,49,24,2,'2013-03-19 13:34:51','2011-05-01 01:07:41'),(134,3,115,194,2,'2020-12-27 03:38:23','2016-04-10 02:11:51'),(135,189,17,30,2,'2016-11-14 05:50:43','2016-03-14 23:10:49'),(136,24,139,184,2,'2015-07-20 21:14:30','2014-03-08 23:36:38'),(137,122,77,91,2,'2015-05-01 20:35:21','2018-12-20 23:20:18'),(138,97,78,61,1,'2016-12-08 08:55:10','2013-01-08 05:42:56'),(139,84,14,23,2,'2019-07-19 08:24:59','2013-06-20 21:23:44'),(140,79,28,1,2,'2014-12-21 12:50:46','2015-04-28 00:10:41'),(141,145,176,43,2,'2015-01-23 20:09:47','2017-11-09 21:21:31'),(142,3,46,71,1,'2011-11-18 19:32:08','2017-04-03 03:40:14'),(143,36,43,41,2,'2013-12-13 12:19:51','2012-06-26 16:59:23'),(144,71,41,177,1,'2014-06-23 14:31:35','2011-06-30 23:25:21'),(145,138,134,30,1,'2016-05-09 10:32:47','2019-04-09 07:04:03'),(146,61,50,67,2,'2017-08-01 11:18:30','2015-12-14 13:42:19'),(147,113,73,12,2,'2020-11-05 05:25:02','2021-01-28 19:03:40'),(148,167,142,192,2,'2018-08-21 01:00:11','2013-03-21 07:42:10'),(149,104,182,74,1,'2020-03-14 17:53:54','2017-06-05 05:43:19'),(150,141,22,47,2,'2017-03-30 19:45:14','2015-03-28 19:43:12'),(151,168,72,142,2,'2019-01-08 21:50:00','2013-01-24 02:28:32'),(152,162,178,4,1,'2015-05-02 18:05:50','2017-07-21 17:05:34'),(153,48,92,1,2,'2017-09-12 18:56:46','2015-04-16 23:28:11'),(154,2,17,77,2,'2015-10-09 22:21:14','2015-09-14 19:18:58'),(155,161,16,49,1,'2013-05-06 21:48:52','2016-01-15 07:02:39'),(156,8,160,157,1,'2018-04-04 11:29:11','2015-01-03 06:46:20'),(157,11,101,140,2,'2019-02-11 23:52:34','2013-10-05 11:31:56'),(158,168,176,87,1,'2019-11-08 06:28:16','2019-07-30 01:07:34'),(159,118,10,168,1,'2015-02-27 11:00:40','2014-03-10 16:09:36'),(160,126,14,181,2,'2012-08-04 12:03:52','2019-06-06 08:21:03'),(161,167,64,162,2,'2012-07-17 09:00:03','2014-11-13 03:07:04'),(162,34,27,47,1,'2018-06-06 07:51:33','2018-09-01 06:47:38'),(163,65,45,103,1,'2017-08-15 19:55:06','2016-03-24 03:15:02'),(164,94,163,73,2,'2011-08-21 11:19:26','2015-02-22 23:00:48'),(165,75,182,166,2,'2019-02-07 03:53:48','2015-04-01 05:51:24'),(166,46,166,79,1,'2020-07-06 17:22:30','2012-05-23 20:33:09'),(167,65,20,61,2,'2014-05-19 01:39:11','2012-06-10 09:58:56'),(168,75,129,5,1,'2018-11-06 23:18:34','2018-07-06 02:15:50'),(169,20,78,141,1,'2014-02-03 08:39:18','2013-11-15 12:03:32'),(170,14,109,74,2,'2014-06-05 10:25:12','2018-12-15 01:18:04'),(171,183,74,44,1,'2014-02-15 22:41:58','2012-02-05 16:54:46'),(172,30,60,24,1,'2019-12-09 16:50:22','2020-02-15 03:55:53'),(173,171,188,84,2,'2019-08-02 23:58:37','2016-11-03 17:30:17'),(174,135,197,75,2,'2017-02-03 18:45:22','2018-07-13 16:13:50'),(175,105,17,76,2,'2012-03-19 05:38:18','2016-04-07 17:41:35'),(176,59,151,43,1,'2020-05-20 18:33:08','2012-09-13 06:47:10'),(177,27,133,28,2,'2016-06-14 20:53:05','2019-08-31 22:04:20'),(178,92,112,30,1,'2020-07-18 09:51:09','2020-01-04 06:25:13'),(179,124,163,183,1,'2014-12-09 11:03:13','2018-02-23 19:20:53'),(180,110,18,179,1,'2011-05-10 16:52:37','2015-11-27 08:39:54'),(181,189,20,74,1,'2013-07-19 03:20:28','2017-03-15 01:04:08'),(182,141,196,119,2,'2018-08-29 05:21:41','2018-06-18 06:03:54'),(183,68,129,179,1,'2011-12-11 22:38:06','2011-07-01 02:11:56'),(184,79,11,142,2,'2012-09-28 17:32:29','2018-06-30 10:58:54'),(185,156,36,148,2,'2011-02-18 19:39:04','2019-09-15 14:09:43'),(186,124,111,167,2,'2017-03-20 02:46:40','2014-04-11 01:49:38'),(187,120,117,23,1,'2016-11-16 20:58:46','2015-08-08 13:58:44'),(188,180,140,12,2,'2013-09-27 09:50:56','2018-07-10 19:17:40'),(189,94,101,19,1,'2015-02-28 13:06:51','2016-04-06 01:59:14'),(190,136,86,120,2,'2020-03-03 02:09:33','2017-10-11 23:10:16'),(191,62,133,171,2,'2017-08-12 09:01:50','2020-08-12 12:35:38'),(192,69,108,12,1,'2019-09-17 20:52:01','2014-08-26 11:54:49'),(193,82,157,46,2,'2015-04-29 04:24:01','2017-10-02 06:16:33'),(194,193,195,91,2,'2017-08-11 21:35:55','2019-08-27 09:54:39'),(195,188,123,109,2,'2019-05-29 15:36:43','2017-12-31 18:18:05'),(196,11,17,116,1,'2020-12-11 07:11:59','2020-12-17 15:57:06'),(197,57,172,177,1,'2020-06-23 11:00:32','2017-11-22 01:38:34'),(198,110,160,91,2,'2020-01-19 22:48:17','2014-02-18 02:22:29'),(199,84,149,34,2,'2014-05-12 12:06:01','2017-05-26 12:02:43'),(200,16,178,80,1,'2012-06-23 17:17:32','2012-02-25 10:55:59');
/*!40000 ALTER TABLE `users_like` ENABLE KEYS */;
UNLOCK TABLES;
/*!40103 SET TIME_ZONE=@OLD_TIME_ZONE */;

/*!40101 SET SQL_MODE=@OLD_SQL_MODE */;
/*!40014 SET FOREIGN_KEY_CHECKS=@OLD_FOREIGN_KEY_CHECKS */;
/*!40014 SET UNIQUE_CHECKS=@OLD_UNIQUE_CHECKS */;
/*!40101 SET CHARACTER_SET_CLIENT=@OLD_CHARACTER_SET_CLIENT */;
/*!40101 SET CHARACTER_SET_RESULTS=@OLD_CHARACTER_SET_RESULTS */;
/*!40101 SET COLLATION_CONNECTION=@OLD_COLLATION_CONNECTION */;
/*!40111 SET SQL_NOTES=@OLD_SQL_NOTES */;

-- Dump completed on 2021-02-23 13:18:03
